beacon_id,ble_rssi_norm,distance_est_norm,zone
BLE_Beacon_02,0.0911,1.0,Zone_C
BLE_Beacon_04,0.2468,0.4855,Zone_A
BLE_Beacon_09,0.1397,1.0,Zone_D
BLE_Beacon_01,0.0948,1.0,Zone_B
BLE_Beacon_04,0.4685,0.0813,Zone_A
BLE_Beacon_09,0.2277,0.5665,Zone_D
BLE_Beacon_04,0.4244,0.1161,Zone_C
BLE_Beacon_01,0.6676,0.0163,Zone_B
BLE_Beacon_07,0.3388,0.2314,Zone_B
BLE_Beacon_04,0.8235,0.0047,Zone_C
BLE_Beacon_02,0.1443,1.0,Zone_A
BLE_Beacon_06,0.7373,0.0093,Zone_C
BLE_Beacon_01,0.6448,0.0196,Zone_A
BLE_Beacon_07,0.1333,1.0,Zone_C
BLE_Beacon_10,0.7671,0.0073,Zone_C
BLE_Beacon_10,0.2225,0.5905,Zone_A
BLE_Beacon_01,0.591,0.0303,Zone_C
BLE_Beacon_02,0.7435,0.0089,Zone_A
BLE_Beacon_07,0.2898,0.3432,Zone_C
BLE_Beacon_03,0.3623,0.1914,Zone_B
BLE_Beacon_05,0.6229,0.0234,Zone_A
BLE_Beacon_10,0.5703,0.0358,Zone_B
BLE_Beacon_03,0.4346,0.1069,Zone_C
BLE_Beacon_09,0.244,0.4967,Zone_C
BLE_Beacon_01,0.2514,0.4679,Zone_A
BLE_Beacon_06,0.3866,0.1573,Zone_A
BLE_Beacon_04,0.7889,0.0062,Zone_C
BLE_Beacon_04,0.5864,0.0314,Zone_D
BLE_Beacon_08,0.1837,0.8074,Zone_B
BLE_Beacon_04,0.6568,0.0178,Zone_C
BLE_Beacon_10,0.4081,0.1324,Zone_D
BLE_Beacon_06,0.2438,0.4976,Zone_B
BLE_Beacon_09,0.4592,0.0877,Zone_A
BLE_Beacon_02,0.1915,0.758,Zone_B
BLE_Beacon_07,0.54,0.0457,Zone_D
BLE_Beacon_07,0.5396,0.0458,Zone_D
BLE_Beacon_09,0.269,0.4061,Zone_A
BLE_Beacon_02,0.6071,0.0266,Zone_C
BLE_Beacon_06,0.1591,0.9845,Zone_D
BLE_Beacon_03,0.4279,0.1128,Zone_C
BLE_Beacon_09,0.6701,0.016,Zone_A
BLE_Beacon_05,0.7327,0.0097,Zone_B
BLE_Beacon_03,0.3652,0.187,Zone_B
BLE_Beacon_09,0.8206,0.0048,Zone_A
BLE_Beacon_10,0.3261,0.2562,Zone_A
BLE_Beacon_02,0.8014,0.0056,Zone_C
BLE_Beacon_04,0.1169,1.0,Zone_A
BLE_Beacon_02,0.6465,0.0194,Zone_A
BLE_Beacon_09,0.6732,0.0156,Zone_B
BLE_Beacon_08,0.8154,0.005,Zone_B
BLE_Beacon_05,0.486,0.0706,Zone_D
BLE_Beacon_04,0.8013,0.0056,Zone_B
BLE_Beacon_05,0.3849,0.1595,Zone_C
BLE_Beacon_08,0.7783,0.0067,Zone_D
BLE_Beacon_02,0.2662,0.4152,Zone_A
BLE_Beacon_06,0.088,1.0,Zone_B
BLE_Beacon_10,0.2445,0.4948,Zone_A
BLE_Beacon_01,0.2513,0.4682,Zone_A
BLE_Beacon_06,0.1271,1.0,Zone_B
BLE_Beacon_05,0.5971,0.0289,Zone_B
BLE_Beacon_09,0.1754,0.8633,Zone_D
BLE_Beacon_04,0.6879,0.0139,Zone_D
BLE_Beacon_04,0.1455,1.0,Zone_D
BLE_Beacon_06,0.4042,0.1365,Zone_D
BLE_Beacon_01,0.6005,0.0281,Zone_A
BLE_Beacon_01,0.3878,0.1559,Zone_C
BLE_Beacon_02,0.2668,0.4132,Zone_B
BLE_Beacon_09,0.4239,0.1165,Zone_D
BLE_Beacon_03,0.2903,0.342,Zone_B
BLE_Beacon_02,0.4196,0.1206,Zone_A
BLE_Beacon_01,0.5838,0.0321,Zone_A
BLE_Beacon_02,0.7993,0.0057,Zone_B
BLE_Beacon_03,0.3908,0.1522,Zone_D
BLE_Beacon_04,0.7508,0.0084,Zone_A
BLE_Beacon_03,0.3692,0.1811,Zone_D
BLE_Beacon_05,0.7994,0.0057,Zone_D
BLE_Beacon_05,0.4038,0.137,Zone_D
BLE_Beacon_03,0.2206,0.5995,Zone_B
BLE_Beacon_01,0.5265,0.051,Zone_A
BLE_Beacon_06,0.1163,1.0,Zone_D
BLE_Beacon_09,0.7938,0.0059,Zone_B
BLE_Beacon_01,0.8263,0.0045,Zone_A
BLE_Beacon_03,0.1253,1.0,Zone_A
BLE_Beacon_04,0.3887,0.1547,Zone_B
BLE_Beacon_10,0.5386,0.0462,Zone_A
BLE_Beacon_07,0.5879,0.0311,Zone_C
BLE_Beacon_05,0.2319,0.5474,Zone_C
BLE_Beacon_04,0.2801,0.3712,Zone_B
BLE_Beacon_05,0.4307,0.1103,Zone_A
BLE_Beacon_01,0.4315,0.1096,Zone_A
BLE_Beacon_02,0.4939,0.0663,Zone_C
BLE_Beacon_03,0.8047,0.0054,Zone_A
BLE_Beacon_04,0.3618,0.1922,Zone_B
BLE_Beacon_08,0.7265,0.0102,Zone_C
BLE_Beacon_10,0.8445,0.0039,Zone_A
BLE_Beacon_09,0.3067,0.2997,Zone_A
BLE_Beacon_03,0.2792,0.3739,Zone_A
BLE_Beacon_09,0.1936,0.7456,Zone_C
BLE_Beacon_10,0.2369,0.5257,Zone_C
BLE_Beacon_04,0.6116,0.0257,Zone_C
BLE_Beacon_09,0.4553,0.0905,Zone_A
BLE_Beacon_02,0.5698,0.036,Zone_C
BLE_Beacon_01,0.0742,1.0,Zone_B
BLE_Beacon_05,0.1984,0.7172,Zone_D
BLE_Beacon_09,0.6259,0.0229,Zone_A
BLE_Beacon_02,0.1305,1.0,Zone_B
BLE_Beacon_09,0.0997,1.0,Zone_C
BLE_Beacon_10,0.5056,0.0603,Zone_D
BLE_Beacon_03,0.1043,1.0,Zone_C
BLE_Beacon_01,0.7777,0.0067,Zone_B
BLE_Beacon_04,0.5954,0.0292,Zone_C
BLE_Beacon_09,0.7661,0.0074,Zone_D
BLE_Beacon_10,0.6603,0.0173,Zone_B
BLE_Beacon_03,0.8384,0.0041,Zone_B
BLE_Beacon_07,0.0909,1.0,Zone_C
BLE_Beacon_07,0.7018,0.0124,Zone_B
BLE_Beacon_05,0.1965,0.7281,Zone_A
BLE_Beacon_07,0.7567,0.008,Zone_D
BLE_Beacon_04,0.2282,0.5639,Zone_D
BLE_Beacon_06,0.3112,0.2889,Zone_B
BLE_Beacon_04,0.09,1.0,Zone_B
BLE_Beacon_07,0.3293,0.2496,Zone_A
BLE_Beacon_05,0.3473,0.2159,Zone_D
BLE_Beacon_09,0.3316,0.2451,Zone_A
BLE_Beacon_02,0.7605,0.0077,Zone_C
BLE_Beacon_03,0.5276,0.0505,Zone_C
BLE_Beacon_01,0.1566,1.0,Zone_D
BLE_Beacon_06,0.6439,0.0198,Zone_C
BLE_Beacon_07,0.5477,0.0429,Zone_A
BLE_Beacon_07,0.7782,0.0067,Zone_B
BLE_Beacon_05,0.1063,1.0,Zone_D
BLE_Beacon_01,0.4799,0.0742,Zone_B
BLE_Beacon_06,0.4103,0.13,Zone_C
BLE_Beacon_10,0.3181,0.2734,Zone_A
BLE_Beacon_05,0.4699,0.0804,Zone_D
BLE_Beacon_06,0.3876,0.1561,Zone_C
BLE_Beacon_09,0.1714,0.8912,Zone_D
BLE_Beacon_07,0.6036,0.0274,Zone_B
BLE_Beacon_10,0.5186,0.0543,Zone_D
BLE_Beacon_09,0.7265,0.0102,Zone_C
BLE_Beacon_05,0.2366,0.5272,Zone_C
BLE_Beacon_08,0.4185,0.1216,Zone_B
BLE_Beacon_09,0.4432,0.0997,Zone_B
BLE_Beacon_02,0.2944,0.3308,Zone_C
BLE_Beacon_02,0.7145,0.0112,Zone_B
BLE_Beacon_05,0.2479,0.4811,Zone_B
BLE_Beacon_03,0.0906,1.0,Zone_B
BLE_Beacon_08,0.5517,0.0416,Zone_A
BLE_Beacon_08,0.3971,0.1446,Zone_B
BLE_Beacon_07,0.4599,0.0872,Zone_B
BLE_Beacon_03,0.5869,0.0313,Zone_A
BLE_Beacon_02,0.683,0.0144,Zone_B
BLE_Beacon_03,0.7032,0.0123,Zone_D
BLE_Beacon_01,0.5094,0.0585,Zone_A
BLE_Beacon_08,0.1762,0.8577,Zone_D
BLE_Beacon_09,0.8476,0.0038,Zone_C
BLE_Beacon_08,0.5528,0.0412,Zone_D
BLE_Beacon_09,0.4218,0.1185,Zone_B
BLE_Beacon_08,0.4251,0.1154,Zone_B
BLE_Beacon_05,0.6731,0.0156,Zone_D
BLE_Beacon_04,0.2872,0.3506,Zone_A
BLE_Beacon_05,0.2557,0.452,Zone_C
BLE_Beacon_06,0.7731,0.007,Zone_A
BLE_Beacon_03,0.1899,0.7677,Zone_D
BLE_Beacon_03,0.6265,0.0228,Zone_A
BLE_Beacon_07,0.3917,0.151,Zone_D
BLE_Beacon_07,0.1204,1.0,Zone_D
BLE_Beacon_07,0.7824,0.0065,Zone_A
BLE_Beacon_10,0.3703,0.1795,Zone_A
BLE_Beacon_06,0.3061,0.3012,Zone_D
BLE_Beacon_07,0.4943,0.0661,Zone_B
BLE_Beacon_08,0.2438,0.4973,Zone_D
BLE_Beacon_08,0.0942,1.0,Zone_C
BLE_Beacon_07,0.6404,0.0203,Zone_D
BLE_Beacon_03,0.842,0.004,Zone_A
BLE_Beacon_07,0.5365,0.047,Zone_A
BLE_Beacon_02,0.5764,0.0341,Zone_B
BLE_Beacon_08,0.2142,0.6313,Zone_C
BLE_Beacon_07,0.3286,0.2511,Zone_D
BLE_Beacon_06,0.3366,0.2354,Zone_D
BLE_Beacon_05,0.6623,0.0171,Zone_D
BLE_Beacon_05,0.7274,0.0101,Zone_D
BLE_Beacon_01,0.6599,0.0174,Zone_A
BLE_Beacon_06,0.2476,0.4824,Zone_A
BLE_Beacon_01,0.664,0.0168,Zone_B
BLE_Beacon_04,0.7308,0.0098,Zone_B
BLE_Beacon_04,0.1706,0.8972,Zone_A
BLE_Beacon_10,0.8161,0.0049,Zone_D
BLE_Beacon_05,0.674,0.0155,Zone_B
BLE_Beacon_10,0.5486,0.0427,Zone_A
BLE_Beacon_03,0.8294,0.0044,Zone_A
BLE_Beacon_10,0.0916,1.0,Zone_C
BLE_Beacon_10,0.6036,0.0274,Zone_D
BLE_Beacon_07,0.8112,0.0051,Zone_B
BLE_Beacon_02,0.5366,0.047,Zone_B
BLE_Beacon_02,0.6192,0.0241,Zone_C
BLE_Beacon_10,0.7043,0.0122,Zone_A
BLE_Beacon_06,0.49,0.0684,Zone_C
BLE_Beacon_02,0.469,0.081,Zone_C
BLE_Beacon_01,0.739,0.0092,Zone_D
BLE_Beacon_02,0.4121,0.1282,Zone_C
BLE_Beacon_08,0.6272,0.0226,Zone_D
BLE_Beacon_03,0.648,0.0191,Zone_C
BLE_Beacon_10,0.7064,0.012,Zone_D
BLE_Beacon_08,0.4137,0.1265,Zone_C
BLE_Beacon_06,0.7406,0.0091,Zone_A
BLE_Beacon_05,0.7641,0.0075,Zone_B
BLE_Beacon_08,0.5192,0.0541,Zone_D
BLE_Beacon_06,0.094,1.0,Zone_C
BLE_Beacon_03,0.4545,0.091,Zone_C
BLE_Beacon_05,0.3388,0.2312,Zone_C
BLE_Beacon_09,0.0794,1.0,Zone_B
BLE_Beacon_02,0.2611,0.4328,Zone_D
BLE_Beacon_08,0.5076,0.0593,Zone_B
BLE_Beacon_08,0.5789,0.0334,Zone_D
BLE_Beacon_08,0.6944,0.0132,Zone_A
BLE_Beacon_05,0.2455,0.4905,Zone_B
BLE_Beacon_05,0.5931,0.0298,Zone_C
BLE_Beacon_08,0.5063,0.06,Zone_C
BLE_Beacon_07,0.8545,0.0036,Zone_C
BLE_Beacon_06,0.6237,0.0233,Zone_C
BLE_Beacon_05,0.269,0.4061,Zone_A
BLE_Beacon_04,0.3194,0.2705,Zone_B
BLE_Beacon_04,0.2414,0.5069,Zone_D
BLE_Beacon_05,0.6407,0.0203,Zone_C
BLE_Beacon_02,0.7256,0.0102,Zone_C
BLE_Beacon_04,0.355,0.203,Zone_C
BLE_Beacon_01,0.6277,0.0225,Zone_B
BLE_Beacon_05,0.1072,1.0,Zone_A
BLE_Beacon_09,0.301,0.3138,Zone_B
BLE_Beacon_08,0.152,1.0,Zone_A
BLE_Beacon_10,0.2948,0.3297,Zone_D
BLE_Beacon_08,0.3391,0.2307,Zone_A
BLE_Beacon_05,0.8108,0.0052,Zone_D
BLE_Beacon_02,0.7174,0.0109,Zone_D
BLE_Beacon_08,0.1296,1.0,Zone_A
BLE_Beacon_03,0.1887,0.7757,Zone_C
BLE_Beacon_02,0.8524,0.0037,Zone_A
BLE_Beacon_09,0.6721,0.0158,Zone_B
BLE_Beacon_09,0.3703,0.1795,Zone_D
BLE_Beacon_05,0.7473,0.0086,Zone_D
BLE_Beacon_05,0.5182,0.0545,Zone_A
BLE_Beacon_10,0.8258,0.0046,Zone_A
BLE_Beacon_04,0.5629,0.038,Zone_C
BLE_Beacon_02,0.1948,0.7381,Zone_B
BLE_Beacon_09,0.1304,1.0,Zone_A
BLE_Beacon_07,0.4254,0.1151,Zone_D
BLE_Beacon_05,0.0971,1.0,Zone_C
BLE_Beacon_05,0.6238,0.0233,Zone_D
BLE_Beacon_02,0.6115,0.0257,Zone_C
BLE_Beacon_10,0.5909,0.0303,Zone_B
BLE_Beacon_07,0.1616,0.9646,Zone_B
BLE_Beacon_03,0.7852,0.0063,Zone_B
BLE_Beacon_02,0.1183,1.0,Zone_C
BLE_Beacon_10,0.6599,0.0174,Zone_C
BLE_Beacon_08,0.1691,0.9079,Zone_C
BLE_Beacon_07,0.8121,0.0051,Zone_D
BLE_Beacon_08,0.1346,1.0,Zone_A
BLE_Beacon_07,0.6486,0.0191,Zone_C
BLE_Beacon_01,0.1432,1.0,Zone_A
BLE_Beacon_05,0.5242,0.0519,Zone_B
BLE_Beacon_08,0.4792,0.0746,Zone_D
BLE_Beacon_05,0.214,0.6323,Zone_D
BLE_Beacon_08,0.8328,0.0043,Zone_D
BLE_Beacon_06,0.3923,0.1503,Zone_C
BLE_Beacon_02,0.7454,0.0087,Zone_C
BLE_Beacon_07,0.6165,0.0247,Zone_C
BLE_Beacon_07,0.7107,0.0116,Zone_A
BLE_Beacon_08,0.1406,1.0,Zone_C
BLE_Beacon_06,0.1625,0.9577,Zone_D
BLE_Beacon_09,0.7196,0.0108,Zone_A
BLE_Beacon_09,0.4344,0.107,Zone_A
BLE_Beacon_04,0.4788,0.0749,Zone_D
BLE_Beacon_08,0.6686,0.0162,Zone_B
BLE_Beacon_05,0.503,0.0616,Zone_C
BLE_Beacon_08,0.7635,0.0075,Zone_D
BLE_Beacon_02,0.0941,1.0,Zone_B
BLE_Beacon_03,0.3156,0.2789,Zone_A
BLE_Beacon_09,0.392,0.1507,Zone_B
BLE_Beacon_02,0.434,0.1074,Zone_A
BLE_Beacon_03,0.463,0.085,Zone_C
BLE_Beacon_09,0.6257,0.0229,Zone_D
BLE_Beacon_08,0.8416,0.004,Zone_B
BLE_Beacon_08,0.5046,0.0608,Zone_D
BLE_Beacon_04,0.7958,0.0058,Zone_B
BLE_Beacon_02,0.2885,0.347,Zone_D
BLE_Beacon_06,0.8055,0.0054,Zone_C
BLE_Beacon_01,0.2937,0.3328,Zone_C
BLE_Beacon_10,0.5271,0.0507,Zone_D
BLE_Beacon_03,0.4223,0.118,Zone_D
BLE_Beacon_06,0.3326,0.2431,Zone_D
BLE_Beacon_08,0.8044,0.0054,Zone_B
BLE_Beacon_04,0.5207,0.0534,Zone_B
BLE_Beacon_07,0.1057,1.0,Zone_D
BLE_Beacon_07,0.3748,0.1731,Zone_B
BLE_Beacon_08,0.8295,0.0044,Zone_B
BLE_Beacon_09,0.8299,0.0044,Zone_C
BLE_Beacon_02,0.7583,0.0079,Zone_D
BLE_Beacon_02,0.4847,0.0714,Zone_D
BLE_Beacon_01,0.6391,0.0206,Zone_D
BLE_Beacon_03,0.1302,1.0,Zone_C
BLE_Beacon_06,0.5611,0.0386,Zone_D
BLE_Beacon_02,0.7407,0.0091,Zone_D
BLE_Beacon_06,0.5639,0.0377,Zone_D
BLE_Beacon_09,0.0996,1.0,Zone_A
BLE_Beacon_04,0.5673,0.0367,Zone_C
BLE_Beacon_04,0.6582,0.0176,Zone_D
BLE_Beacon_02,0.6689,0.0162,Zone_A
BLE_Beacon_08,0.2021,0.6958,Zone_C
BLE_Beacon_01,0.1076,1.0,Zone_A
BLE_Beacon_05,0.3531,0.2062,Zone_D
BLE_Beacon_03,0.2633,0.4251,Zone_D
BLE_Beacon_10,0.6071,0.0266,Zone_B
BLE_Beacon_03,0.209,0.6585,Zone_D
BLE_Beacon_10,0.6082,0.0264,Zone_D
BLE_Beacon_10,0.1839,0.8062,Zone_D
BLE_Beacon_05,0.4325,0.1087,Zone_A
BLE_Beacon_08,0.7795,0.0066,Zone_B
BLE_Beacon_02,0.4185,0.1217,Zone_C
BLE_Beacon_10,0.3065,0.3001,Zone_D
BLE_Beacon_05,0.4304,0.1106,Zone_C
BLE_Beacon_04,0.8567,0.0036,Zone_D
BLE_Beacon_02,0.2578,0.4443,Zone_C
BLE_Beacon_10,0.3039,0.3064,Zone_C
BLE_Beacon_01,0.8398,0.0041,Zone_D
BLE_Beacon_05,0.0778,1.0,Zone_A
BLE_Beacon_10,0.6569,0.0178,Zone_C
BLE_Beacon_04,0.5484,0.0427,Zone_C
BLE_Beacon_04,0.5716,0.0354,Zone_C
BLE_Beacon_03,0.5651,0.0374,Zone_A
BLE_Beacon_05,0.6911,0.0135,Zone_A
BLE_Beacon_10,0.3581,0.198,Zone_B
BLE_Beacon_02,0.7861,0.0063,Zone_C
BLE_Beacon_07,0.2094,0.6561,Zone_B
BLE_Beacon_09,0.7601,0.0078,Zone_C
BLE_Beacon_09,0.4657,0.0832,Zone_C
BLE_Beacon_03,0.2733,0.392,Zone_D
BLE_Beacon_05,0.658,0.0177,Zone_C
BLE_Beacon_02,0.4394,0.1028,Zone_A
BLE_Beacon_03,0.664,0.0168,Zone_B
BLE_Beacon_07,0.8314,0.0044,Zone_C
BLE_Beacon_02,0.6927,0.0134,Zone_A
BLE_Beacon_05,0.493,0.0667,Zone_D
BLE_Beacon_06,0.6001,0.0282,Zone_C
BLE_Beacon_10,0.3708,0.1787,Zone_C
BLE_Beacon_02,0.6017,0.0278,Zone_D
BLE_Beacon_01,0.5582,0.0395,Zone_C
BLE_Beacon_10,0.2454,0.4912,Zone_A
BLE_Beacon_08,0.7859,0.0063,Zone_C
BLE_Beacon_07,0.1631,0.9531,Zone_A
BLE_Beacon_01,0.3106,0.2904,Zone_D
BLE_Beacon_02,0.1478,1.0,Zone_B
BLE_Beacon_07,0.4279,0.1128,Zone_D
BLE_Beacon_10,0.6546,0.0181,Zone_B
BLE_Beacon_07,0.586,0.0315,Zone_D
BLE_Beacon_10,0.3921,0.1506,Zone_C
BLE_Beacon_01,0.6138,0.0252,Zone_B
BLE_Beacon_08,0.4208,0.1194,Zone_B
BLE_Beacon_06,0.1495,1.0,Zone_C
BLE_Beacon_09,0.7799,0.0066,Zone_C
BLE_Beacon_01,0.3843,0.1604,Zone_B
BLE_Beacon_02,0.8171,0.0049,Zone_D
BLE_Beacon_02,0.5922,0.03,Zone_A
BLE_Beacon_01,0.6896,0.0137,Zone_B
BLE_Beacon_03,0.6898,0.0137,Zone_B
BLE_Beacon_02,0.7234,0.0104,Zone_B
BLE_Beacon_10,0.2411,0.5083,Zone_B
BLE_Beacon_06,0.6799,0.0148,Zone_A
BLE_Beacon_05,0.7459,0.0087,Zone_B
BLE_Beacon_03,0.4959,0.0652,Zone_B
BLE_Beacon_02,0.5908,0.0303,Zone_A
BLE_Beacon_03,0.0831,1.0,Zone_B
BLE_Beacon_10,0.3258,0.2568,Zone_B
BLE_Beacon_05,0.1126,1.0,Zone_D
BLE_Beacon_09,0.1607,0.9715,Zone_A
BLE_Beacon_08,0.4236,0.1167,Zone_C
BLE_Beacon_09,0.5379,0.0465,Zone_D
BLE_Beacon_09,0.2455,0.4906,Zone_A
BLE_Beacon_09,0.3084,0.2955,Zone_A
BLE_Beacon_01,0.856,0.0036,Zone_D
BLE_Beacon_07,0.6105,0.0259,Zone_D
BLE_Beacon_08,0.1292,1.0,Zone_A
BLE_Beacon_06,0.5494,0.0424,Zone_A
BLE_Beacon_03,0.2875,0.3497,Zone_C
BLE_Beacon_07,0.8529,0.0037,Zone_C
BLE_Beacon_08,0.4686,0.0812,Zone_D
BLE_Beacon_02,0.6946,0.0132,Zone_A
BLE_Beacon_09,0.6378,0.0208,Zone_B
BLE_Beacon_07,0.4262,0.1143,Zone_B
BLE_Beacon_07,0.3377,0.2333,Zone_D
BLE_Beacon_07,0.3983,0.1432,Zone_A
BLE_Beacon_06,0.4067,0.1338,Zone_C
BLE_Beacon_06,0.8207,0.0048,Zone_D
BLE_Beacon_02,0.1431,1.0,Zone_A
BLE_Beacon_02,0.4108,0.1295,Zone_C
BLE_Beacon_03,0.5086,0.0589,Zone_C
BLE_Beacon_02,0.3942,0.148,Zone_D
BLE_Beacon_01,0.8323,0.0043,Zone_C
BLE_Beacon_06,0.1528,1.0,Zone_B
BLE_Beacon_03,0.5874,0.0312,Zone_B
BLE_Beacon_02,0.3465,0.2174,Zone_C
BLE_Beacon_02,0.6706,0.016,Zone_B
BLE_Beacon_07,0.7355,0.0095,Zone_A
BLE_Beacon_10,0.8014,0.0056,Zone_C
BLE_Beacon_01,0.2132,0.6366,Zone_C
BLE_Beacon_06,0.3472,0.2161,Zone_B
BLE_Beacon_03,0.5164,0.0553,Zone_D
BLE_Beacon_02,0.1829,0.8125,Zone_A
BLE_Beacon_02,0.6577,0.0177,Zone_B
BLE_Beacon_07,0.4013,0.1398,Zone_C
BLE_Beacon_03,0.3622,0.1916,Zone_C
BLE_Beacon_10,0.5399,0.0457,Zone_A
BLE_Beacon_03,0.1951,0.7364,Zone_A
BLE_Beacon_02,0.2852,0.3562,Zone_D
BLE_Beacon_08,0.5484,0.0427,Zone_D
BLE_Beacon_05,0.2408,0.5095,Zone_A
BLE_Beacon_06,0.4092,0.1311,Zone_C
BLE_Beacon_10,0.4538,0.0916,Zone_C
BLE_Beacon_01,0.2447,0.4938,Zone_A
BLE_Beacon_01,0.232,0.5468,Zone_B
BLE_Beacon_03,0.6718,0.0158,Zone_C
BLE_Beacon_06,0.1657,0.9333,Zone_D
BLE_Beacon_07,0.2095,0.6559,Zone_D
BLE_Beacon_09,0.6243,0.0232,Zone_C
BLE_Beacon_02,0.3834,0.1615,Zone_A
BLE_Beacon_07,0.0862,1.0,Zone_A
BLE_Beacon_06,0.5238,0.0521,Zone_D
BLE_Beacon_07,0.2989,0.319,Zone_D
BLE_Beacon_01,0.8306,0.0044,Zone_B
BLE_Beacon_10,0.4329,0.1083,Zone_C
BLE_Beacon_02,0.4146,0.1256,Zone_A
BLE_Beacon_04,0.4137,0.1264,Zone_D
BLE_Beacon_09,0.1332,1.0,Zone_C
BLE_Beacon_06,0.2455,0.4905,Zone_B
BLE_Beacon_02,0.4725,0.0787,Zone_A
BLE_Beacon_09,0.4721,0.079,Zone_C
BLE_Beacon_06,0.6429,0.0199,Zone_B
BLE_Beacon_04,0.1522,1.0,Zone_C
BLE_Beacon_04,0.2077,0.6651,Zone_B
BLE_Beacon_02,0.2106,0.6499,Zone_D
BLE_Beacon_08,0.6642,0.0168,Zone_D
BLE_Beacon_10,0.5766,0.034,Zone_C
BLE_Beacon_06,0.19,0.7671,Zone_A
BLE_Beacon_08,0.4189,0.1213,Zone_C
BLE_Beacon_05,0.5361,0.0472,Zone_C
BLE_Beacon_09,0.1297,1.0,Zone_D
BLE_Beacon_08,0.101,1.0,Zone_C
BLE_Beacon_05,0.1317,1.0,Zone_A
BLE_Beacon_10,0.5382,0.0464,Zone_D
BLE_Beacon_08,0.5274,0.0506,Zone_A
BLE_Beacon_08,0.7857,0.0063,Zone_B
BLE_Beacon_06,0.5468,0.0433,Zone_B
BLE_Beacon_01,0.4254,0.1151,Zone_C
BLE_Beacon_02,0.4679,0.0818,Zone_B
BLE_Beacon_01,0.2661,0.4156,Zone_D
BLE_Beacon_08,0.4832,0.0722,Zone_B
BLE_Beacon_06,0.3644,0.1882,Zone_C
BLE_Beacon_07,0.3926,0.1499,Zone_C
BLE_Beacon_10,0.1126,1.0,Zone_C
BLE_Beacon_02,0.3305,0.2474,Zone_D
BLE_Beacon_05,0.2694,0.4046,Zone_B
BLE_Beacon_06,0.1355,1.0,Zone_B
BLE_Beacon_06,0.3152,0.2798,Zone_D
BLE_Beacon_03,0.539,0.0461,Zone_A
BLE_Beacon_05,0.5106,0.0579,Zone_C
BLE_Beacon_03,0.5979,0.0287,Zone_A
BLE_Beacon_07,0.471,0.0797,Zone_A
BLE_Beacon_06,0.3141,0.2822,Zone_B
BLE_Beacon_06,0.816,0.0049,Zone_D
BLE_Beacon_04,0.2494,0.4753,Zone_B
BLE_Beacon_03,0.1321,1.0,Zone_A
BLE_Beacon_09,0.6771,0.0151,Zone_A
BLE_Beacon_06,0.76,0.0078,Zone_B
BLE_Beacon_10,0.3674,0.1837,Zone_B
BLE_Beacon_03,0.7246,0.0103,Zone_B
BLE_Beacon_08,0.1058,1.0,Zone_C
BLE_Beacon_04,0.8332,0.0043,Zone_C
BLE_Beacon_08,0.2553,0.4534,Zone_B
BLE_Beacon_05,0.8301,0.0044,Zone_D
BLE_Beacon_04,0.3604,0.1943,Zone_D
BLE_Beacon_08,0.676,0.0153,Zone_D
BLE_Beacon_09,0.4859,0.0707,Zone_B
BLE_Beacon_04,0.701,0.0125,Zone_B
BLE_Beacon_05,0.1124,1.0,Zone_D
BLE_Beacon_06,0.5071,0.0596,Zone_A
BLE_Beacon_09,0.7402,0.0091,Zone_C
BLE_Beacon_02,0.671,0.0159,Zone_C
BLE_Beacon_08,0.7827,0.0065,Zone_B
BLE_Beacon_07,0.1435,1.0,Zone_B
BLE_Beacon_08,0.7665,0.0074,Zone_A
BLE_Beacon_07,0.1133,1.0,Zone_C
BLE_Beacon_04,0.3748,0.173,Zone_A
BLE_Beacon_06,0.2479,0.4814,Zone_C
BLE_Beacon_02,0.7308,0.0098,Zone_C
BLE_Beacon_03,0.1795,0.8348,Zone_C
BLE_Beacon_08,0.6183,0.0243,Zone_B
BLE_Beacon_08,0.4239,0.1165,Zone_A
BLE_Beacon_02,0.0864,1.0,Zone_B
BLE_Beacon_03,0.5026,0.0618,Zone_D
BLE_Beacon_02,0.6813,0.0146,Zone_B
BLE_Beacon_05,0.1672,0.9224,Zone_B
BLE_Beacon_07,0.5735,0.0349,Zone_D
BLE_Beacon_02,0.1585,0.9889,Zone_D
BLE_Beacon_10,0.4926,0.067,Zone_B
BLE_Beacon_03,0.3003,0.3155,Zone_A
BLE_Beacon_10,0.3486,0.2137,Zone_D
BLE_Beacon_03,0.5934,0.0297,Zone_A
BLE_Beacon_09,0.8372,0.0042,Zone_A
BLE_Beacon_09,0.4989,0.0636,Zone_A
BLE_Beacon_07,0.7576,0.0079,Zone_A
BLE_Beacon_07,0.8422,0.004,Zone_C
BLE_Beacon_01,0.352,0.208,Zone_A
BLE_Beacon_06,0.2609,0.4334,Zone_A
BLE_Beacon_10,0.6491,0.019,Zone_C
BLE_Beacon_03,0.1063,1.0,Zone_C
BLE_Beacon_03,0.7239,0.0104,Zone_D
BLE_Beacon_08,0.5678,0.0365,Zone_B
BLE_Beacon_02,0.634,0.0214,Zone_D
BLE_Beacon_01,0.302,0.3112,Zone_A
BLE_Beacon_04,0.7674,0.0073,Zone_C
BLE_Beacon_05,0.4764,0.0763,Zone_D
BLE_Beacon_05,0.1002,1.0,Zone_B
BLE_Beacon_05,0.3519,0.2081,Zone_A
BLE_Beacon_06,0.2861,0.3537,Zone_C
BLE_Beacon_07,0.7703,0.0071,Zone_D
BLE_Beacon_07,0.3378,0.2332,Zone_B
BLE_Beacon_08,0.6152,0.0249,Zone_C
BLE_Beacon_09,0.281,0.3686,Zone_A
BLE_Beacon_07,0.1334,1.0,Zone_B
BLE_Beacon_09,0.3022,0.3106,Zone_A
BLE_Beacon_02,0.3291,0.2502,Zone_C
BLE_Beacon_05,0.4218,0.1185,Zone_D
BLE_Beacon_03,0.6134,0.0253,Zone_C
BLE_Beacon_08,0.1047,1.0,Zone_C
BLE_Beacon_10,0.8557,0.0036,Zone_C
BLE_Beacon_01,0.1304,1.0,Zone_D
BLE_Beacon_06,0.4746,0.0774,Zone_B
BLE_Beacon_01,0.1836,0.8079,Zone_D
BLE_Beacon_01,0.1706,0.8972,Zone_B
BLE_Beacon_06,0.356,0.2014,Zone_A
BLE_Beacon_10,0.192,0.7552,Zone_D
BLE_Beacon_06,0.3637,0.1892,Zone_A
BLE_Beacon_10,0.1796,0.8343,Zone_C
BLE_Beacon_07,0.3184,0.2725,Zone_C
BLE_Beacon_04,0.8261,0.0046,Zone_A
BLE_Beacon_03,0.4635,0.0847,Zone_D
BLE_Beacon_09,0.164,0.9466,Zone_C
BLE_Beacon_08,0.24,0.5128,Zone_C
BLE_Beacon_08,0.2287,0.5617,Zone_B
BLE_Beacon_02,0.4266,0.114,Zone_D
BLE_Beacon_02,0.7083,0.0118,Zone_C
BLE_Beacon_06,0.6289,0.0223,Zone_C
BLE_Beacon_05,0.7404,0.0091,Zone_B
BLE_Beacon_06,0.4712,0.0796,Zone_A
BLE_Beacon_04,0.6938,0.0132,Zone_B
BLE_Beacon_08,0.0921,1.0,Zone_C
BLE_Beacon_08,0.7029,0.0123,Zone_B
BLE_Beacon_10,0.7662,0.0074,Zone_A
BLE_Beacon_05,0.3843,0.1603,Zone_D
BLE_Beacon_09,0.3942,0.148,Zone_D
BLE_Beacon_10,0.1294,1.0,Zone_C
BLE_Beacon_02,0.425,0.1155,Zone_C
BLE_Beacon_03,0.7613,0.0077,Zone_B
BLE_Beacon_03,0.4113,0.1289,Zone_A
BLE_Beacon_02,0.4785,0.075,Zone_C
BLE_Beacon_03,0.1987,0.7155,Zone_B
BLE_Beacon_06,0.8159,0.0049,Zone_C
BLE_Beacon_02,0.2683,0.4082,Zone_C
BLE_Beacon_03,0.5625,0.0381,Zone_A
BLE_Beacon_09,0.5751,0.0345,Zone_B
BLE_Beacon_03,0.589,0.0308,Zone_C
BLE_Beacon_10,0.1038,1.0,Zone_A
BLE_Beacon_02,0.1071,1.0,Zone_C
BLE_Beacon_04,0.674,0.0155,Zone_D
BLE_Beacon_10,0.5735,0.0349,Zone_D
BLE_Beacon_09,0.299,0.3187,Zone_C
BLE_Beacon_08,0.2638,0.4232,Zone_D
BLE_Beacon_05,0.4278,0.1129,Zone_A
BLE_Beacon_03,0.4168,0.1233,Zone_D
BLE_Beacon_08,0.2317,0.5482,Zone_B
BLE_Beacon_06,0.7483,0.0085,Zone_C
BLE_Beacon_06,0.8378,0.0041,Zone_B
BLE_Beacon_06,0.4761,0.0765,Zone_A
BLE_Beacon_06,0.2614,0.4317,Zone_A
BLE_Beacon_05,0.4247,0.1158,Zone_B
BLE_Beacon_02,0.1112,1.0,Zone_D
BLE_Beacon_10,0.4,0.1413,Zone_B
BLE_Beacon_06,0.8051,0.0054,Zone_C
BLE_Beacon_04,0.671,0.0159,Zone_D
BLE_Beacon_09,0.4382,0.1038,Zone_C
BLE_Beacon_08,0.0896,1.0,Zone_D
BLE_Beacon_09,0.4307,0.1103,Zone_B
BLE_Beacon_04,0.5298,0.0496,Zone_A
BLE_Beacon_01,0.2925,0.3359,Zone_D
BLE_Beacon_05,0.4931,0.0667,Zone_A
BLE_Beacon_07,0.1767,0.8544,Zone_C
BLE_Beacon_06,0.6716,0.0158,Zone_C
BLE_Beacon_01,0.3862,0.1579,Zone_B
BLE_Beacon_06,0.5061,0.0601,Zone_A
BLE_Beacon_07,0.4676,0.0819,Zone_C
BLE_Beacon_10,0.606,0.0268,Zone_A
BLE_Beacon_03,0.8376,0.0042,Zone_D
BLE_Beacon_06,0.696,0.013,Zone_C
BLE_Beacon_09,0.8092,0.0052,Zone_B
BLE_Beacon_04,0.5448,0.044,Zone_D
BLE_Beacon_09,0.1031,1.0,Zone_A
BLE_Beacon_03,0.6321,0.0218,Zone_D
BLE_Beacon_09,0.4305,0.1105,Zone_B
BLE_Beacon_06,0.8032,0.0055,Zone_C
BLE_Beacon_03,0.3802,0.1657,Zone_C
BLE_Beacon_10,0.3357,0.2371,Zone_D
BLE_Beacon_10,0.307,0.2989,Zone_A
BLE_Beacon_06,0.3317,0.245,Zone_A
BLE_Beacon_07,0.5301,0.0495,Zone_A
BLE_Beacon_10,0.4443,0.0988,Zone_B
BLE_Beacon_01,0.5299,0.0496,Zone_B
BLE_Beacon_09,0.5657,0.0372,Zone_D
BLE_Beacon_03,0.717,0.011,Zone_B
BLE_Beacon_01,0.5213,0.0531,Zone_A
BLE_Beacon_04,0.0863,1.0,Zone_C
BLE_Beacon_07,0.1904,0.7648,Zone_B
BLE_Beacon_07,0.4657,0.0832,Zone_D
BLE_Beacon_01,0.626,0.0229,Zone_B
BLE_Beacon_09,0.3268,0.2547,Zone_D
BLE_Beacon_09,0.3675,0.1835,Zone_B
BLE_Beacon_08,0.7881,0.0062,Zone_C
BLE_Beacon_09,0.3498,0.2117,Zone_C
BLE_Beacon_10,0.4519,0.093,Zone_B
BLE_Beacon_05,0.5099,0.0582,Zone_B
BLE_Beacon_05,0.6774,0.0151,Zone_B
BLE_Beacon_08,0.3205,0.268,Zone_C
BLE_Beacon_09,0.8051,0.0054,Zone_C
BLE_Beacon_05,0.1672,0.9222,Zone_D
BLE_Beacon_07,0.7144,0.0112,Zone_B
BLE_Beacon_05,0.1045,1.0,Zone_A
BLE_Beacon_06,0.7974,0.0057,Zone_C
BLE_Beacon_08,0.2396,0.5147,Zone_C
BLE_Beacon_09,0.6184,0.0243,Zone_B
BLE_Beacon_02,0.5552,0.0404,Zone_B
BLE_Beacon_04,0.1113,1.0,Zone_B
BLE_Beacon_04,0.1127,1.0,Zone_D
BLE_Beacon_06,0.6351,0.0212,Zone_A
BLE_Beacon_03,0.0755,1.0,Zone_B
BLE_Beacon_07,0.5844,0.032,Zone_D
BLE_Beacon_08,0.5826,0.0324,Zone_C
BLE_Beacon_06,0.2957,0.3274,Zone_A
BLE_Beacon_02,0.5839,0.0321,Zone_B
BLE_Beacon_09,0.6518,0.0186,Zone_A
BLE_Beacon_03,0.3998,0.1415,Zone_B
BLE_Beacon_01,0.8549,0.0036,Zone_D
BLE_Beacon_08,0.2178,0.6133,Zone_C
BLE_Beacon_01,0.0787,1.0,Zone_A
BLE_Beacon_06,0.295,0.3292,Zone_D
BLE_Beacon_03,0.7401,0.0091,Zone_D
BLE_Beacon_05,0.2229,0.5885,Zone_A
BLE_Beacon_06,0.1991,0.7131,Zone_D
BLE_Beacon_05,0.636,0.0211,Zone_A
BLE_Beacon_06,0.6927,0.0133,Zone_B
BLE_Beacon_03,0.5515,0.0417,Zone_D
BLE_Beacon_07,0.4763,0.0764,Zone_A
BLE_Beacon_07,0.5973,0.0288,Zone_B
BLE_Beacon_03,0.4466,0.0971,Zone_B
BLE_Beacon_01,0.2763,0.3827,Zone_B
BLE_Beacon_08,0.6637,0.0169,Zone_C
BLE_Beacon_05,0.5291,0.0499,Zone_A
BLE_Beacon_05,0.585,0.0318,Zone_B
BLE_Beacon_01,0.5961,0.0291,Zone_D
BLE_Beacon_05,0.1969,0.7257,Zone_C
BLE_Beacon_02,0.5733,0.035,Zone_C
BLE_Beacon_06,0.5543,0.0407,Zone_B
BLE_Beacon_03,0.4471,0.0966,Zone_D
BLE_Beacon_10,0.365,0.1873,Zone_D
BLE_Beacon_09,0.7016,0.0124,Zone_B
BLE_Beacon_04,0.606,0.0269,Zone_A
BLE_Beacon_09,0.4224,0.1179,Zone_C
BLE_Beacon_02,0.7921,0.006,Zone_A
BLE_Beacon_01,0.7226,0.0105,Zone_B
BLE_Beacon_10,0.4931,0.0667,Zone_B
BLE_Beacon_06,0.7428,0.0089,Zone_D
BLE_Beacon_02,0.6059,0.0269,Zone_D
BLE_Beacon_02,0.7777,0.0067,Zone_D
BLE_Beacon_01,0.4277,0.113,Zone_D
BLE_Beacon_08,0.5145,0.0561,Zone_D
BLE_Beacon_05,0.6397,0.0205,Zone_D
BLE_Beacon_05,0.7129,0.0113,Zone_B
BLE_Beacon_10,0.1288,1.0,Zone_D
BLE_Beacon_06,0.6217,0.0237,Zone_A
BLE_Beacon_02,0.8463,0.0039,Zone_D
BLE_Beacon_01,0.297,0.324,Zone_B
BLE_Beacon_03,0.6732,0.0156,Zone_D
BLE_Beacon_06,0.8515,0.0037,Zone_D
BLE_Beacon_08,0.7547,0.0081,Zone_D
BLE_Beacon_07,0.1345,1.0,Zone_B
BLE_Beacon_06,0.1646,0.9414,Zone_D
BLE_Beacon_09,0.1715,0.8908,Zone_B
BLE_Beacon_01,0.6656,0.0166,Zone_C
BLE_Beacon_08,0.6006,0.028,Zone_D
BLE_Beacon_09,0.3694,0.1807,Zone_B
BLE_Beacon_04,0.4333,0.108,Zone_B
BLE_Beacon_05,0.2195,0.6049,Zone_A
BLE_Beacon_01,0.7074,0.0119,Zone_D
BLE_Beacon_10,0.6733,0.0156,Zone_A
BLE_Beacon_04,0.2333,0.5411,Zone_A
BLE_Beacon_10,0.0978,1.0,Zone_A
BLE_Beacon_04,0.6533,0.0183,Zone_D
BLE_Beacon_08,0.2556,0.4524,Zone_B
BLE_Beacon_01,0.1815,0.8215,Zone_C
BLE_Beacon_04,0.7124,0.0114,Zone_C
BLE_Beacon_10,0.5412,0.0453,Zone_C
BLE_Beacon_04,0.3085,0.2952,Zone_B
BLE_Beacon_09,0.2451,0.4922,Zone_C
BLE_Beacon_05,0.1193,1.0,Zone_B
BLE_Beacon_07,0.5082,0.0591,Zone_A
BLE_Beacon_06,0.8112,0.0051,Zone_D
BLE_Beacon_09,0.3219,0.2651,Zone_D
BLE_Beacon_07,0.1887,0.7756,Zone_D
BLE_Beacon_03,0.6642,0.0168,Zone_D
BLE_Beacon_04,0.7388,0.0092,Zone_C
BLE_Beacon_03,0.7045,0.0121,Zone_A
BLE_Beacon_09,0.3957,0.1463,Zone_D
BLE_Beacon_09,0.4879,0.0696,Zone_D
BLE_Beacon_04,0.2718,0.397,Zone_C
BLE_Beacon_02,0.796,0.0058,Zone_C
BLE_Beacon_02,0.4923,0.0671,Zone_B
BLE_Beacon_01,0.2824,0.3645,Zone_A
BLE_Beacon_02,0.2193,0.6061,Zone_B
BLE_Beacon_08,0.2356,0.5316,Zone_C
BLE_Beacon_05,0.8234,0.0047,Zone_A
BLE_Beacon_04,0.8078,0.0053,Zone_A
BLE_Beacon_08,0.7899,0.0061,Zone_B
BLE_Beacon_07,0.7905,0.0061,Zone_C
BLE_Beacon_05,0.3705,0.1791,Zone_C
BLE_Beacon_05,0.2769,0.3808,Zone_D
BLE_Beacon_08,0.1489,1.0,Zone_D
BLE_Beacon_06,0.7898,0.0061,Zone_C
BLE_Beacon_06,0.3967,0.1451,Zone_B
BLE_Beacon_03,0.0842,1.0,Zone_D
BLE_Beacon_05,0.1912,0.7601,Zone_C
BLE_Beacon_04,0.3699,0.1801,Zone_B
BLE_Beacon_08,0.5041,0.0611,Zone_C
BLE_Beacon_05,0.6712,0.0159,Zone_D
BLE_Beacon_08,0.4335,0.1078,Zone_C
BLE_Beacon_03,0.1814,0.8225,Zone_D
BLE_Beacon_03,0.7918,0.006,Zone_A
BLE_Beacon_09,0.098,1.0,Zone_A
BLE_Beacon_01,0.672,0.0158,Zone_D
BLE_Beacon_03,0.7334,0.0096,Zone_B
BLE_Beacon_02,0.6271,0.0227,Zone_A
BLE_Beacon_04,0.4688,0.0811,Zone_C
BLE_Beacon_01,0.5569,0.0399,Zone_D
BLE_Beacon_08,0.0838,1.0,Zone_D
BLE_Beacon_01,0.0846,1.0,Zone_C
BLE_Beacon_09,0.8394,0.0041,Zone_A
BLE_Beacon_09,0.7103,0.0116,Zone_D
BLE_Beacon_03,0.1555,1.0,Zone_A
BLE_Beacon_09,0.1884,0.7772,Zone_B
BLE_Beacon_10,0.4851,0.0712,Zone_C
BLE_Beacon_05,0.696,0.013,Zone_A
BLE_Beacon_06,0.8252,0.0046,Zone_D
BLE_Beacon_10,0.2625,0.4277,Zone_B
BLE_Beacon_05,0.6089,0.0262,Zone_A
BLE_Beacon_01,0.1449,1.0,Zone_D
BLE_Beacon_07,0.5057,0.0603,Zone_A
BLE_Beacon_01,0.6237,0.0233,Zone_A
BLE_Beacon_08,0.7356,0.0094,Zone_C
BLE_Beacon_10,0.8393,0.0041,Zone_A
BLE_Beacon_09,0.7936,0.0059,Zone_B
BLE_Beacon_04,0.7796,0.0066,Zone_D
BLE_Beacon_05,0.108,1.0,Zone_A
BLE_Beacon_05,0.778,0.0067,Zone_A
BLE_Beacon_03,0.8012,0.0056,Zone_C
BLE_Beacon_01,0.8269,0.0045,Zone_B
BLE_Beacon_07,0.8013,0.0056,Zone_C
BLE_Beacon_03,0.5145,0.0561,Zone_D
BLE_Beacon_09,0.3321,0.2442,Zone_B
BLE_Beacon_02,0.4649,0.0837,Zone_C
BLE_Beacon_01,0.1482,1.0,Zone_B
BLE_Beacon_02,0.339,0.2309,Zone_D
BLE_Beacon_06,0.0947,1.0,Zone_C
BLE_Beacon_08,0.4569,0.0893,Zone_C
BLE_Beacon_09,0.8109,0.0052,Zone_D
BLE_Beacon_03,0.6055,0.027,Zone_D
BLE_Beacon_02,0.6781,0.015,Zone_C
BLE_Beacon_04,0.6317,0.0218,Zone_A
BLE_Beacon_05,0.1926,0.7514,Zone_B
BLE_Beacon_07,0.3202,0.2686,Zone_A
BLE_Beacon_02,0.0755,1.0,Zone_C
BLE_Beacon_08,0.3542,0.2043,Zone_C
BLE_Beacon_02,0.1755,0.8622,Zone_B
BLE_Beacon_07,0.4241,0.1163,Zone_D
BLE_Beacon_02,0.0921,1.0,Zone_C
BLE_Beacon_09,0.1446,1.0,Zone_C
BLE_Beacon_07,0.0811,1.0,Zone_D
BLE_Beacon_07,0.6836,0.0144,Zone_B
BLE_Beacon_10,0.4809,0.0736,Zone_D
BLE_Beacon_03,0.1805,0.8283,Zone_C
BLE_Beacon_05,0.4589,0.0879,Zone_A
BLE_Beacon_03,0.413,0.1272,Zone_D
BLE_Beacon_05,0.4519,0.093,Zone_A
BLE_Beacon_06,0.2692,0.4053,Zone_B
BLE_Beacon_08,0.538,0.0465,Zone_B
BLE_Beacon_08,0.1555,1.0,Zone_C
BLE_Beacon_01,0.8169,0.0049,Zone_C
BLE_Beacon_10,0.3699,0.18,Zone_C
BLE_Beacon_08,0.3344,0.2396,Zone_B
BLE_Beacon_05,0.3234,0.2619,Zone_B
BLE_Beacon_08,0.3183,0.2729,Zone_D
BLE_Beacon_06,0.3004,0.3152,Zone_D
BLE_Beacon_10,0.6858,0.0141,Zone_C
BLE_Beacon_07,0.2917,0.3382,Zone_D
BLE_Beacon_06,0.1609,0.9701,Zone_B
BLE_Beacon_10,0.855,0.0036,Zone_B
BLE_Beacon_09,0.0926,1.0,Zone_D
BLE_Beacon_04,0.4159,0.1242,Zone_C
BLE_Beacon_02,0.7149,0.0112,Zone_D
BLE_Beacon_08,0.1808,0.8265,Zone_C
BLE_Beacon_04,0.27,0.4028,Zone_B
BLE_Beacon_07,0.6914,0.0135,Zone_A
BLE_Beacon_08,0.8498,0.0038,Zone_D
BLE_Beacon_10,0.3863,0.1577,Zone_D
BLE_Beacon_09,0.1003,1.0,Zone_C
BLE_Beacon_09,0.538,0.0465,Zone_A
BLE_Beacon_02,0.6756,0.0153,Zone_C
BLE_Beacon_03,0.5798,0.0332,Zone_A
BLE_Beacon_10,0.8443,0.0039,Zone_D
BLE_Beacon_06,0.8302,0.0044,Zone_D
BLE_Beacon_02,0.0797,1.0,Zone_C
BLE_Beacon_04,0.4727,0.0786,Zone_B
BLE_Beacon_08,0.3654,0.1867,Zone_D
BLE_Beacon_10,0.6139,0.0252,Zone_B
BLE_Beacon_06,0.8553,0.0036,Zone_D
BLE_Beacon_02,0.3036,0.3073,Zone_A
BLE_Beacon_02,0.7246,0.0103,Zone_B
BLE_Beacon_06,0.3165,0.2769,Zone_D
BLE_Beacon_04,0.4809,0.0736,Zone_C
BLE_Beacon_08,0.1481,1.0,Zone_D
BLE_Beacon_06,0.1242,1.0,Zone_A
BLE_Beacon_02,0.0892,1.0,Zone_C
BLE_Beacon_02,0.6035,0.0274,Zone_B
BLE_Beacon_04,0.4769,0.076,Zone_B
BLE_Beacon_06,0.5113,0.0576,Zone_D
BLE_Beacon_04,0.6982,0.0128,Zone_B
BLE_Beacon_03,0.5747,0.0346,Zone_D
BLE_Beacon_07,0.0944,1.0,Zone_B
BLE_Beacon_08,0.5367,0.0469,Zone_D
BLE_Beacon_01,0.6251,0.023,Zone_B
BLE_Beacon_05,0.6625,0.017,Zone_A
BLE_Beacon_10,0.1514,1.0,Zone_B
BLE_Beacon_06,0.3276,0.2532,Zone_D
BLE_Beacon_02,0.2776,0.3789,Zone_D
BLE_Beacon_09,0.8304,0.0044,Zone_C
BLE_Beacon_10,0.3768,0.1703,Zone_D
BLE_Beacon_10,0.1612,0.968,Zone_C
BLE_Beacon_08,0.5565,0.04,Zone_C
BLE_Beacon_10,0.5351,0.0475,Zone_B
BLE_Beacon_06,0.164,0.946,Zone_C
BLE_Beacon_02,0.2152,0.6261,Zone_B
BLE_Beacon_09,0.3766,0.1705,Zone_B
BLE_Beacon_10,0.3729,0.1757,Zone_B
BLE_Beacon_08,0.5708,0.0357,Zone_B
BLE_Beacon_09,0.2025,0.6936,Zone_C
BLE_Beacon_03,0.2184,0.6102,Zone_D
BLE_Beacon_10,0.1136,1.0,Zone_C
BLE_Beacon_01,0.4522,0.0928,Zone_B
BLE_Beacon_07,0.8287,0.0045,Zone_D
BLE_Beacon_07,0.6094,0.0261,Zone_D
BLE_Beacon_08,0.4554,0.0904,Zone_A
BLE_Beacon_10,0.0957,1.0,Zone_B
BLE_Beacon_05,0.0971,1.0,Zone_B
BLE_Beacon_09,0.2982,0.3207,Zone_D
BLE_Beacon_10,0.6548,0.0181,Zone_D
BLE_Beacon_09,0.4728,0.0786,Zone_A
BLE_Beacon_05,0.6804,0.0147,Zone_C
BLE_Beacon_09,0.7178,0.0109,Zone_A
BLE_Beacon_08,0.5007,0.0627,Zone_D
BLE_Beacon_02,0.6497,0.0189,Zone_B
BLE_Beacon_05,0.7588,0.0078,Zone_A
BLE_Beacon_08,0.2779,0.3778,Zone_A
BLE_Beacon_08,0.7513,0.0083,Zone_A
BLE_Beacon_04,0.2363,0.5282,Zone_C
BLE_Beacon_10,0.5686,0.0363,Zone_B
BLE_Beacon_10,0.1808,0.8262,Zone_B
BLE_Beacon_04,0.7043,0.0122,Zone_C
BLE_Beacon_09,0.2923,0.3365,Zone_B
BLE_Beacon_06,0.8406,0.0041,Zone_C
BLE_Beacon_05,0.5214,0.0531,Zone_A
BLE_Beacon_03,0.8279,0.0045,Zone_D
BLE_Beacon_01,0.8512,0.0037,Zone_B
BLE_Beacon_03,0.2676,0.4106,Zone_C
BLE_Beacon_04,0.6697,0.0161,Zone_D
BLE_Beacon_08,0.1831,0.811,Zone_C
BLE_Beacon_07,0.3662,0.1855,Zone_A
BLE_Beacon_02,0.388,0.1557,Zone_C
BLE_Beacon_06,0.4287,0.1121,Zone_D
BLE_Beacon_06,0.5287,0.0501,Zone_A
BLE_Beacon_08,0.5702,0.0358,Zone_C
BLE_Beacon_02,0.6966,0.0129,Zone_D
BLE_Beacon_04,0.8321,0.0043,Zone_B
BLE_Beacon_08,0.2824,0.3644,Zone_C
BLE_Beacon_06,0.5015,0.0624,Zone_B
BLE_Beacon_10,0.7412,0.009,Zone_C
BLE_Beacon_01,0.1075,1.0,Zone_D
BLE_Beacon_01,0.169,0.9085,Zone_B
BLE_Beacon_08,0.4301,0.1108,Zone_D
BLE_Beacon_04,0.8538,0.0036,Zone_B
BLE_Beacon_05,0.1963,0.7291,Zone_C
BLE_Beacon_02,0.5857,0.0316,Zone_C
BLE_Beacon_02,0.3636,0.1894,Zone_B
BLE_Beacon_01,0.3828,0.1622,Zone_C
BLE_Beacon_04,0.4087,0.1317,Zone_A
BLE_Beacon_02,0.0723,1.0,Zone_D
BLE_Beacon_02,0.1757,0.8611,Zone_B
BLE_Beacon_09,0.6057,0.0269,Zone_A
BLE_Beacon_01,0.618,0.0244,Zone_A
BLE_Beacon_07,0.6167,0.0246,Zone_D
BLE_Beacon_02,0.2513,0.4682,Zone_A
BLE_Beacon_02,0.1525,1.0,Zone_C
BLE_Beacon_05,0.1792,0.8373,Zone_B
BLE_Beacon_03,0.1252,1.0,Zone_A
BLE_Beacon_10,0.5822,0.0325,Zone_D
BLE_Beacon_06,0.6391,0.0206,Zone_B
BLE_Beacon_07,0.5555,0.0403,Zone_D
BLE_Beacon_04,0.1395,1.0,Zone_A
BLE_Beacon_03,0.6626,0.017,Zone_D
BLE_Beacon_06,0.8283,0.0045,Zone_C
BLE_Beacon_03,0.2661,0.4155,Zone_A
BLE_Beacon_04,0.5062,0.06,Zone_C
BLE_Beacon_01,0.7376,0.0093,Zone_C
BLE_Beacon_04,0.4782,0.0752,Zone_B
BLE_Beacon_07,0.3036,0.3071,Zone_A
BLE_Beacon_04,0.4603,0.0869,Zone_A
BLE_Beacon_04,0.464,0.0844,Zone_A
BLE_Beacon_09,0.7697,0.0072,Zone_A
BLE_Beacon_06,0.8052,0.0054,Zone_B
BLE_Beacon_07,0.7478,0.0086,Zone_D
BLE_Beacon_06,0.5007,0.0627,Zone_B
BLE_Beacon_08,0.8214,0.0047,Zone_A
BLE_Beacon_01,0.5329,0.0484,Zone_A
BLE_Beacon_05,0.2409,0.509,Zone_A
BLE_Beacon_07,0.4695,0.0807,Zone_D
BLE_Beacon_07,0.6229,0.0234,Zone_A
BLE_Beacon_09,0.4939,0.0663,Zone_B
BLE_Beacon_05,0.1371,1.0,Zone_A
BLE_Beacon_09,0.795,0.0059,Zone_B
BLE_Beacon_09,0.3282,0.252,Zone_A
BLE_Beacon_05,0.6204,0.0239,Zone_B
BLE_Beacon_01,0.2635,0.4243,Zone_D
BLE_Beacon_02,0.4276,0.113,Zone_A
BLE_Beacon_05,0.5948,0.0294,Zone_B
BLE_Beacon_02,0.0814,1.0,Zone_B
BLE_Beacon_01,0.2002,0.7071,Zone_C
BLE_Beacon_09,0.4778,0.0754,Zone_C
BLE_Beacon_03,0.3636,0.1894,Zone_C
BLE_Beacon_02,0.6776,0.0151,Zone_A
BLE_Beacon_06,0.7056,0.012,Zone_C
BLE_Beacon_09,0.1216,1.0,Zone_A
BLE_Beacon_08,0.4291,0.1117,Zone_C
BLE_Beacon_01,0.464,0.0843,Zone_B
BLE_Beacon_06,0.195,0.7369,Zone_A
BLE_Beacon_10,0.6011,0.0279,Zone_A
BLE_Beacon_04,0.6535,0.0183,Zone_A
BLE_Beacon_01,0.7461,0.0087,Zone_A
BLE_Beacon_04,0.1076,1.0,Zone_C
BLE_Beacon_07,0.7945,0.0059,Zone_B
BLE_Beacon_01,0.5058,0.0602,Zone_D
BLE_Beacon_04,0.3243,0.26,Zone_D
BLE_Beacon_06,0.2846,0.3581,Zone_A
BLE_Beacon_10,0.3643,0.1883,Zone_A
BLE_Beacon_03,0.2468,0.4856,Zone_A
BLE_Beacon_07,0.1256,1.0,Zone_D
BLE_Beacon_05,0.6792,0.0149,Zone_C
BLE_Beacon_06,0.1393,1.0,Zone_D
BLE_Beacon_01,0.3613,0.193,Zone_C
BLE_Beacon_10,0.6878,0.0139,Zone_B
BLE_Beacon_08,0.3608,0.1938,Zone_D
BLE_Beacon_04,0.6469,0.0193,Zone_B
BLE_Beacon_03,0.0764,1.0,Zone_D
BLE_Beacon_01,0.2545,0.4563,Zone_C
BLE_Beacon_01,0.8186,0.0048,Zone_A
BLE_Beacon_07,0.7385,0.0092,Zone_C
BLE_Beacon_02,0.2327,0.5441,Zone_B
BLE_Beacon_07,0.458,0.0885,Zone_A
BLE_Beacon_03,0.6306,0.022,Zone_A
BLE_Beacon_01,0.7953,0.0058,Zone_D
BLE_Beacon_06,0.4316,0.1095,Zone_A
BLE_Beacon_10,0.1465,1.0,Zone_B
BLE_Beacon_07,0.1302,1.0,Zone_A
BLE_Beacon_07,0.5919,0.0301,Zone_B
BLE_Beacon_04,0.3006,0.3147,Zone_C
BLE_Beacon_07,0.622,0.0236,Zone_C
BLE_Beacon_06,0.4272,0.1135,Zone_B
BLE_Beacon_02,0.8128,0.0051,Zone_B
BLE_Beacon_10,0.1571,1.0,Zone_A
BLE_Beacon_03,0.4247,0.1158,Zone_C
BLE_Beacon_07,0.1663,0.9289,Zone_C
BLE_Beacon_04,0.4265,0.1141,Zone_D
BLE_Beacon_05,0.7412,0.009,Zone_A
BLE_Beacon_03,0.706,0.012,Zone_C
BLE_Beacon_10,0.1031,1.0,Zone_C
BLE_Beacon_03,0.1431,1.0,Zone_B
BLE_Beacon_06,0.3828,0.1623,Zone_A
BLE_Beacon_05,0.2758,0.3842,Zone_B
BLE_Beacon_01,0.8195,0.0048,Zone_D
BLE_Beacon_09,0.6592,0.0175,Zone_B
BLE_Beacon_02,0.4345,0.107,Zone_B
BLE_Beacon_02,0.0808,1.0,Zone_B
BLE_Beacon_03,0.2271,0.569,Zone_D
BLE_Beacon_06,0.6107,0.0259,Zone_A
BLE_Beacon_10,0.532,0.0488,Zone_A
BLE_Beacon_01,0.8549,0.0036,Zone_B
BLE_Beacon_08,0.7073,0.0119,Zone_A
BLE_Beacon_06,0.1677,0.9184,Zone_D
BLE_Beacon_01,0.2034,0.6887,Zone_D
BLE_Beacon_07,0.4612,0.0862,Zone_D
BLE_Beacon_07,0.2072,0.668,Zone_B
BLE_Beacon_03,0.2875,0.3498,Zone_D
BLE_Beacon_03,0.0987,1.0,Zone_B
BLE_Beacon_05,0.4634,0.0847,Zone_D
BLE_Beacon_01,0.1404,1.0,Zone_D
BLE_Beacon_03,0.4008,0.1403,Zone_B
BLE_Beacon_09,0.696,0.013,Zone_D
BLE_Beacon_06,0.4483,0.0957,Zone_D
BLE_Beacon_06,0.7885,0.0062,Zone_C
BLE_Beacon_07,0.2839,0.36,Zone_A
BLE_Beacon_06,0.5406,0.0455,Zone_A
BLE_Beacon_05,0.1175,1.0,Zone_D
BLE_Beacon_09,0.3523,0.2075,Zone_B
BLE_Beacon_03,0.1501,1.0,Zone_B
BLE_Beacon_05,0.4908,0.068,Zone_A
BLE_Beacon_04,0.5238,0.0521,Zone_D
BLE_Beacon_06,0.8062,0.0053,Zone_B
BLE_Beacon_03,0.2573,0.4462,Zone_C
BLE_Beacon_06,0.7896,0.0061,Zone_A
BLE_Beacon_06,0.8159,0.0049,Zone_B
BLE_Beacon_10,0.8166,0.0049,Zone_D
BLE_Beacon_09,0.3143,0.2819,Zone_D
BLE_Beacon_01,0.1423,1.0,Zone_B
BLE_Beacon_10,0.2433,0.4992,Zone_D
BLE_Beacon_01,0.3321,0.2442,Zone_B
BLE_Beacon_03,0.3392,0.2306,Zone_B
BLE_Beacon_06,0.1182,1.0,Zone_B
BLE_Beacon_10,0.6251,0.023,Zone_B
BLE_Beacon_02,0.7365,0.0094,Zone_C
BLE_Beacon_02,0.365,0.1873,Zone_D
BLE_Beacon_10,0.1508,1.0,Zone_C
BLE_Beacon_06,0.1786,0.8409,Zone_B
BLE_Beacon_07,0.6936,0.0133,Zone_D
BLE_Beacon_06,0.2083,0.6621,Zone_C
BLE_Beacon_04,0.5943,0.0295,Zone_B
BLE_Beacon_07,0.3125,0.2859,Zone_C
BLE_Beacon_03,0.2111,0.6476,Zone_A
BLE_Beacon_10,0.3791,0.1671,Zone_A
BLE_Beacon_03,0.5447,0.044,Zone_B
BLE_Beacon_10,0.1532,1.0,Zone_D
BLE_Beacon_03,0.3316,0.2451,Zone_A
BLE_Beacon_04,0.3439,0.222,Zone_C
BLE_Beacon_03,0.5713,0.0355,Zone_A
BLE_Beacon_06,0.4224,0.118,Zone_C
BLE_Beacon_04,0.2675,0.4109,Zone_A
BLE_Beacon_06,0.2731,0.3928,Zone_A
BLE_Beacon_01,0.1093,1.0,Zone_D
BLE_Beacon_07,0.8329,0.0043,Zone_D
BLE_Beacon_08,0.7642,0.0075,Zone_C
BLE_Beacon_09,0.3663,0.1853,Zone_D
BLE_Beacon_10,0.5829,0.0323,Zone_B
BLE_Beacon_03,0.426,0.1145,Zone_A
BLE_Beacon_05,0.0872,1.0,Zone_C
BLE_Beacon_02,0.1297,1.0,Zone_B
BLE_Beacon_07,0.1979,0.7203,Zone_A
BLE_Beacon_09,0.8114,0.0051,Zone_A
BLE_Beacon_06,0.5382,0.0464,Zone_D
BLE_Beacon_01,0.4103,0.13,Zone_B
BLE_Beacon_10,0.7705,0.0071,Zone_B
BLE_Beacon_01,0.151,1.0,Zone_B
BLE_Beacon_04,0.393,0.1494,Zone_C
BLE_Beacon_05,0.3051,0.3035,Zone_A
BLE_Beacon_01,0.3801,0.1658,Zone_D
BLE_Beacon_03,0.1143,1.0,Zone_A
BLE_Beacon_07,0.1403,1.0,Zone_D
BLE_Beacon_04,0.1476,1.0,Zone_B
BLE_Beacon_03,0.5729,0.0351,Zone_A
BLE_Beacon_08,0.7344,0.0095,Zone_C
BLE_Beacon_07,0.4415,0.1011,Zone_C
BLE_Beacon_02,0.5758,0.0343,Zone_D
BLE_Beacon_03,0.3629,0.1904,Zone_D
BLE_Beacon_06,0.218,0.6122,Zone_A
BLE_Beacon_05,0.4169,0.1232,Zone_C
BLE_Beacon_04,0.7291,0.01,Zone_A
BLE_Beacon_03,0.6625,0.017,Zone_A
BLE_Beacon_02,0.5964,0.029,Zone_D
BLE_Beacon_10,0.2502,0.4724,Zone_A
BLE_Beacon_07,0.7145,0.0112,Zone_D
BLE_Beacon_09,0.6113,0.0257,Zone_D
BLE_Beacon_10,0.7642,0.0075,Zone_D
BLE_Beacon_05,0.1335,1.0,Zone_A
BLE_Beacon_09,0.5202,0.0536,Zone_B
BLE_Beacon_02,0.8173,0.0049,Zone_D
BLE_Beacon_03,0.8171,0.0049,Zone_B
BLE_Beacon_04,0.7066,0.0119,Zone_B
BLE_Beacon_01,0.4041,0.1367,Zone_D
BLE_Beacon_04,0.855,0.0036,Zone_B
BLE_Beacon_10,0.2741,0.3898,Zone_A
BLE_Beacon_02,0.3764,0.1709,Zone_D
BLE_Beacon_09,0.3277,0.253,Zone_C
BLE_Beacon_09,0.4314,0.1097,Zone_A
BLE_Beacon_10,0.5331,0.0483,Zone_D
BLE_Beacon_02,0.3971,0.1446,Zone_B
BLE_Beacon_10,0.5334,0.0482,Zone_A
BLE_Beacon_02,0.5135,0.0566,Zone_A
BLE_Beacon_05,0.753,0.0082,Zone_C
BLE_Beacon_07,0.279,0.3746,Zone_D
BLE_Beacon_10,0.5499,0.0422,Zone_A
BLE_Beacon_03,0.2878,0.3488,Zone_B
BLE_Beacon_10,0.5497,0.0423,Zone_D
BLE_Beacon_01,0.3824,0.1628,Zone_C
BLE_Beacon_04,0.1102,1.0,Zone_D
BLE_Beacon_05,0.7762,0.0068,Zone_A
BLE_Beacon_06,0.7137,0.0113,Zone_C
BLE_Beacon_05,0.2917,0.3381,Zone_D
BLE_Beacon_02,0.8355,0.0042,Zone_B
BLE_Beacon_03,0.3075,0.2976,Zone_D
BLE_Beacon_06,0.2831,0.3623,Zone_D
BLE_Beacon_10,0.5787,0.0335,Zone_B
BLE_Beacon_08,0.2375,0.5232,Zone_D
BLE_Beacon_08,0.6682,0.0163,Zone_C
BLE_Beacon_01,0.4763,0.0764,Zone_B
BLE_Beacon_02,0.3159,0.2782,Zone_D
BLE_Beacon_03,0.6847,0.0142,Zone_A
BLE_Beacon_03,0.2229,0.5887,Zone_B
BLE_Beacon_01,0.2675,0.4111,Zone_D
BLE_Beacon_01,0.7927,0.006,Zone_B
BLE_Beacon_05,0.3608,0.1937,Zone_D
BLE_Beacon_09,0.3833,0.1616,Zone_A
BLE_Beacon_01,0.2615,0.4312,Zone_D
BLE_Beacon_10,0.4219,0.1184,Zone_D
BLE_Beacon_10,0.5046,0.0608,Zone_C
BLE_Beacon_03,0.7296,0.0099,Zone_C
BLE_Beacon_02,0.2954,0.3281,Zone_D
BLE_Beacon_01,0.1994,0.7112,Zone_B
BLE_Beacon_04,0.5801,0.0331,Zone_B
BLE_Beacon_05,0.5834,0.0322,Zone_A
BLE_Beacon_01,0.4439,0.0991,Zone_B
BLE_Beacon_03,0.5438,0.0443,Zone_A
BLE_Beacon_04,0.2697,0.4036,Zone_C
BLE_Beacon_05,0.4044,0.1363,Zone_D
BLE_Beacon_06,0.4321,0.1091,Zone_B
BLE_Beacon_08,0.3088,0.2945,Zone_D
BLE_Beacon_10,0.1518,1.0,Zone_C
BLE_Beacon_09,0.5801,0.0331,Zone_C
BLE_Beacon_05,0.6092,0.0262,Zone_D
BLE_Beacon_02,0.3357,0.2373,Zone_C
BLE_Beacon_06,0.7483,0.0085,Zone_C
BLE_Beacon_05,0.2194,0.6054,Zone_B
BLE_Beacon_01,0.7043,0.0122,Zone_D
BLE_Beacon_06,0.6063,0.0268,Zone_A
BLE_Beacon_08,0.8552,0.0036,Zone_C
BLE_Beacon_07,0.3893,0.1539,Zone_A
BLE_Beacon_10,0.6278,0.0225,Zone_B
BLE_Beacon_06,0.6423,0.02,Zone_B
BLE_Beacon_09,0.573,0.035,Zone_D
BLE_Beacon_06,0.47,0.0803,Zone_B
BLE_Beacon_09,0.2137,0.6337,Zone_A
BLE_Beacon_08,0.172,0.8875,Zone_C
BLE_Beacon_09,0.6709,0.0159,Zone_B
BLE_Beacon_06,0.5856,0.0316,Zone_B
BLE_Beacon_06,0.2469,0.4851,Zone_C
BLE_Beacon_07,0.6906,0.0136,Zone_C
BLE_Beacon_06,0.2762,0.3832,Zone_C
BLE_Beacon_08,0.7402,0.0091,Zone_D
BLE_Beacon_01,0.7522,0.0083,Zone_A
BLE_Beacon_08,0.7703,0.0071,Zone_A
BLE_Beacon_07,0.4877,0.0697,Zone_D
BLE_Beacon_01,0.7557,0.008,Zone_B
BLE_Beacon_03,0.8511,0.0037,Zone_C
BLE_Beacon_07,0.8471,0.0038,Zone_D
BLE_Beacon_03,0.32,0.2691,Zone_B
BLE_Beacon_02,0.4545,0.091,Zone_B
BLE_Beacon_06,0.57,0.0359,Zone_A
BLE_Beacon_08,0.2863,0.353,Zone_B
BLE_Beacon_10,0.6721,0.0158,Zone_D
BLE_Beacon_02,0.1731,0.8793,Zone_D
BLE_Beacon_07,0.3884,0.1551,Zone_D
BLE_Beacon_07,0.0751,1.0,Zone_B
BLE_Beacon_06,0.8179,0.0049,Zone_C
BLE_Beacon_09,0.2212,0.5969,Zone_A
BLE_Beacon_04,0.2492,0.4762,Zone_C
BLE_Beacon_05,0.1727,0.8819,Zone_D
BLE_Beacon_09,0.534,0.048,Zone_B
BLE_Beacon_02,0.7187,0.0108,Zone_C
BLE_Beacon_05,0.4297,0.1112,Zone_C
BLE_Beacon_07,0.7691,0.0072,Zone_B
BLE_Beacon_06,0.8541,0.0036,Zone_D
BLE_Beacon_06,0.6608,0.0173,Zone_B
BLE_Beacon_07,0.0865,1.0,Zone_B
BLE_Beacon_03,0.2374,0.5239,Zone_A
BLE_Beacon_10,0.4679,0.0817,Zone_A
BLE_Beacon_06,0.6302,0.0221,Zone_A
BLE_Beacon_07,0.7601,0.0078,Zone_C
BLE_Beacon_09,0.561,0.0386,Zone_A
BLE_Beacon_02,0.5849,0.0318,Zone_A
BLE_Beacon_01,0.6134,0.0253,Zone_D
BLE_Beacon_08,0.3702,0.1796,Zone_C
BLE_Beacon_08,0.6229,0.0234,Zone_B
BLE_Beacon_01,0.308,0.2964,Zone_A
BLE_Beacon_09,0.2836,0.361,Zone_B
BLE_Beacon_07,0.7241,0.0104,Zone_A
BLE_Beacon_09,0.6362,0.0211,Zone_A
BLE_Beacon_05,0.161,0.9693,Zone_A
BLE_Beacon_08,0.2275,0.5672,Zone_B
BLE_Beacon_05,0.7247,0.0103,Zone_B
BLE_Beacon_06,0.6241,0.0232,Zone_C
BLE_Beacon_03,0.1024,1.0,Zone_D
BLE_Beacon_04,0.6122,0.0256,Zone_D
BLE_Beacon_06,0.2557,0.452,Zone_A
BLE_Beacon_02,0.784,0.0064,Zone_D
BLE_Beacon_03,0.8174,0.0049,Zone_A
BLE_Beacon_02,0.7823,0.0065,Zone_B
BLE_Beacon_08,0.8482,0.0038,Zone_C
BLE_Beacon_05,0.4362,0.1055,Zone_A
BLE_Beacon_03,0.7583,0.0079,Zone_C
BLE_Beacon_06,0.7013,0.0125,Zone_C
BLE_Beacon_07,0.6517,0.0186,Zone_A
BLE_Beacon_01,0.079,1.0,Zone_B
BLE_Beacon_03,0.3297,0.249,Zone_D
BLE_Beacon_10,0.2822,0.3649,Zone_A
BLE_Beacon_06,0.7118,0.0115,Zone_B
BLE_Beacon_02,0.3863,0.1577,Zone_D
BLE_Beacon_05,0.7281,0.01,Zone_D
BLE_Beacon_07,0.5812,0.0328,Zone_B
BLE_Beacon_02,0.1755,0.8622,Zone_A
BLE_Beacon_03,0.1529,1.0,Zone_D
BLE_Beacon_10,0.6045,0.0272,Zone_B
BLE_Beacon_10,0.3698,0.1802,Zone_C
BLE_Beacon_10,0.0941,1.0,Zone_B
BLE_Beacon_08,0.7946,0.0059,Zone_A
BLE_Beacon_07,0.4177,0.1225,Zone_A
BLE_Beacon_05,0.5861,0.0315,Zone_A
BLE_Beacon_09,0.6745,0.0155,Zone_B
BLE_Beacon_06,0.4793,0.0746,Zone_A
BLE_Beacon_07,0.5913,0.0302,Zone_B
BLE_Beacon_08,0.3431,0.2235,Zone_D
BLE_Beacon_03,0.7307,0.0098,Zone_A
BLE_Beacon_01,0.577,0.0339,Zone_B
BLE_Beacon_09,0.7384,0.0092,Zone_D
BLE_Beacon_03,0.1303,1.0,Zone_D
BLE_Beacon_06,0.2607,0.4341,Zone_C
BLE_Beacon_01,0.4697,0.0805,Zone_D
BLE_Beacon_07,0.7134,0.0113,Zone_A
BLE_Beacon_08,0.4204,0.1198,Zone_D
BLE_Beacon_02,0.7445,0.0088,Zone_D
BLE_Beacon_06,0.1647,0.9409,Zone_D
BLE_Beacon_01,0.1521,1.0,Zone_D
BLE_Beacon_01,0.5092,0.0586,Zone_A
BLE_Beacon_02,0.6935,0.0133,Zone_C
BLE_Beacon_09,0.5133,0.0567,Zone_D
BLE_Beacon_06,0.3569,0.1999,Zone_A
BLE_Beacon_04,0.7348,0.0095,Zone_C
BLE_Beacon_09,0.6744,0.0155,Zone_D
BLE_Beacon_06,0.6339,0.0214,Zone_A
BLE_Beacon_02,0.668,0.0163,Zone_B
BLE_Beacon_01,0.3396,0.2298,Zone_C
BLE_Beacon_09,0.4816,0.0732,Zone_A
BLE_Beacon_01,0.7761,0.0068,Zone_D
BLE_Beacon_03,0.7172,0.011,Zone_D
BLE_Beacon_02,0.2712,0.3988,Zone_B
BLE_Beacon_04,0.1663,0.9289,Zone_D
BLE_Beacon_04,0.4305,0.1104,Zone_B
BLE_Beacon_06,0.1561,1.0,Zone_D
BLE_Beacon_01,0.7995,0.0056,Zone_A
BLE_Beacon_08,0.4308,0.1102,Zone_B
BLE_Beacon_08,0.0748,1.0,Zone_A
BLE_Beacon_09,0.8063,0.0053,Zone_D
BLE_Beacon_09,0.6851,0.0142,Zone_B
BLE_Beacon_10,0.2079,0.6644,Zone_B
BLE_Beacon_02,0.3758,0.1716,Zone_C
BLE_Beacon_09,0.7639,0.0075,Zone_D
BLE_Beacon_10,0.7911,0.006,Zone_B
BLE_Beacon_05,0.384,0.1606,Zone_C
BLE_Beacon_05,0.4272,0.1134,Zone_B
BLE_Beacon_03,0.3957,0.1462,Zone_C
BLE_Beacon_09,0.7477,0.0086,Zone_B
BLE_Beacon_04,0.2362,0.5288,Zone_C
BLE_Beacon_06,0.7952,0.0058,Zone_B
BLE_Beacon_03,0.4673,0.0821,Zone_C
BLE_Beacon_02,0.6692,0.0161,Zone_D
BLE_Beacon_10,0.5198,0.0538,Zone_D
BLE_Beacon_09,0.2961,0.3264,Zone_D
BLE_Beacon_01,0.4821,0.0729,Zone_A
BLE_Beacon_07,0.1856,0.795,Zone_A
BLE_Beacon_04,0.2812,0.368,Zone_B
BLE_Beacon_05,0.6084,0.0263,Zone_B
BLE_Beacon_01,0.614,0.0252,Zone_C
BLE_Beacon_04,0.6635,0.0169,Zone_A
BLE_Beacon_06,0.711,0.0115,Zone_A
BLE_Beacon_10,0.7535,0.0082,Zone_B
BLE_Beacon_09,0.377,0.17,Zone_C
BLE_Beacon_01,0.7994,0.0057,Zone_D
BLE_Beacon_07,0.8231,0.0047,Zone_C
BLE_Beacon_09,0.1137,1.0,Zone_C
BLE_Beacon_04,0.559,0.0392,Zone_D
BLE_Beacon_04,0.7876,0.0062,Zone_C
BLE_Beacon_10,0.5009,0.0626,Zone_B
BLE_Beacon_04,0.3026,0.3097,Zone_B
BLE_Beacon_02,0.2183,0.6107,Zone_B
BLE_Beacon_09,0.1652,0.9371,Zone_A
BLE_Beacon_07,0.2907,0.3408,Zone_C
BLE_Beacon_03,0.1979,0.7202,Zone_C
BLE_Beacon_01,0.3312,0.246,Zone_B
BLE_Beacon_01,0.1922,0.7539,Zone_C
BLE_Beacon_10,0.1114,1.0,Zone_C
BLE_Beacon_08,0.6921,0.0134,Zone_C
BLE_Beacon_02,0.6875,0.0139,Zone_C
BLE_Beacon_09,0.2443,0.4956,Zone_B
BLE_Beacon_09,0.125,1.0,Zone_B
BLE_Beacon_07,0.4981,0.0641,Zone_D
BLE_Beacon_02,0.346,0.2183,Zone_B
BLE_Beacon_06,0.3316,0.2452,Zone_C
BLE_Beacon_04,0.8181,0.0049,Zone_D
BLE_Beacon_09,0.7186,0.0108,Zone_A
BLE_Beacon_02,0.597,0.0289,Zone_D
BLE_Beacon_04,0.7821,0.0065,Zone_B
BLE_Beacon_01,0.6077,0.0265,Zone_C
BLE_Beacon_07,0.7911,0.006,Zone_A
BLE_Beacon_07,0.273,0.393,Zone_C
BLE_Beacon_01,0.7875,0.0062,Zone_C
BLE_Beacon_09,0.7022,0.0124,Zone_D
BLE_Beacon_08,0.1059,1.0,Zone_B
BLE_Beacon_06,0.4752,0.0771,Zone_A
BLE_Beacon_03,0.8349,0.0042,Zone_A
BLE_Beacon_02,0.237,0.5252,Zone_B
BLE_Beacon_07,0.728,0.01,Zone_B
BLE_Beacon_09,0.7226,0.0105,Zone_D
BLE_Beacon_02,0.6583,0.0176,Zone_B
BLE_Beacon_01,0.4322,0.1089,Zone_C
BLE_Beacon_01,0.1402,1.0,Zone_A
BLE_Beacon_03,0.6955,0.0131,Zone_A
BLE_Beacon_10,0.717,0.011,Zone_C
BLE_Beacon_07,0.3763,0.171,Zone_D
BLE_Beacon_07,0.32,0.2691,Zone_D
BLE_Beacon_02,0.4917,0.0675,Zone_A
BLE_Beacon_10,0.1072,1.0,Zone_A
BLE_Beacon_06,0.8006,0.0056,Zone_A
BLE_Beacon_05,0.6897,0.0137,Zone_C
BLE_Beacon_10,0.1394,1.0,Zone_D
BLE_Beacon_07,0.3819,0.1635,Zone_A
BLE_Beacon_08,0.1943,0.7415,Zone_B
BLE_Beacon_03,0.6582,0.0176,Zone_C
BLE_Beacon_03,0.3056,0.3022,Zone_C
BLE_Beacon_01,0.5063,0.06,Zone_B
BLE_Beacon_02,0.1043,1.0,Zone_D
BLE_Beacon_09,0.5016,0.0623,Zone_A
BLE_Beacon_05,0.2365,0.5277,Zone_C
BLE_Beacon_04,0.3957,0.1463,Zone_B
BLE_Beacon_03,0.216,0.6223,Zone_C
BLE_Beacon_04,0.1615,0.9656,Zone_A
BLE_Beacon_09,0.4339,0.1075,Zone_A
BLE_Beacon_05,0.5992,0.0284,Zone_C
BLE_Beacon_02,0.2265,0.5716,Zone_D
BLE_Beacon_06,0.352,0.2079,Zone_B
BLE_Beacon_02,0.2955,0.328,Zone_A
BLE_Beacon_04,0.3211,0.2667,Zone_D
BLE_Beacon_06,0.5557,0.0403,Zone_C
BLE_Beacon_10,0.1912,0.7602,Zone_C
BLE_Beacon_06,0.8247,0.0046,Zone_B
BLE_Beacon_01,0.3175,0.2746,Zone_B
BLE_Beacon_07,0.2888,0.346,Zone_C
BLE_Beacon_03,0.6054,0.027,Zone_C
BLE_Beacon_08,0.4351,0.1065,Zone_C
BLE_Beacon_05,0.454,0.0914,Zone_A
BLE_Beacon_03,0.5786,0.0335,Zone_A
BLE_Beacon_05,0.7461,0.0087,Zone_B
BLE_Beacon_09,0.2258,0.5752,Zone_A
BLE_Beacon_02,0.7724,0.007,Zone_A
BLE_Beacon_10,0.5263,0.0511,Zone_B
BLE_Beacon_01,0.5048,0.0607,Zone_D
BLE_Beacon_03,0.3589,0.1968,Zone_B
BLE_Beacon_10,0.6475,0.0192,Zone_C
BLE_Beacon_03,0.4366,0.1052,Zone_A
BLE_Beacon_07,0.3573,0.1992,Zone_A
BLE_Beacon_04,0.7377,0.0093,Zone_B
BLE_Beacon_09,0.1817,0.8203,Zone_B
BLE_Beacon_03,0.5164,0.0553,Zone_B
BLE_Beacon_08,0.8094,0.0052,Zone_A
BLE_Beacon_04,0.6697,0.0161,Zone_B
BLE_Beacon_02,0.2791,0.3741,Zone_B
BLE_Beacon_01,0.5967,0.0289,Zone_C
BLE_Beacon_07,0.4405,0.102,Zone_D
BLE_Beacon_01,0.1028,1.0,Zone_C
BLE_Beacon_02,0.6244,0.0232,Zone_C
BLE_Beacon_05,0.5261,0.0511,Zone_B
BLE_Beacon_07,0.585,0.0318,Zone_C
BLE_Beacon_10,0.5848,0.0319,Zone_A
BLE_Beacon_09,0.2691,0.4056,Zone_B
BLE_Beacon_09,0.3903,0.1527,Zone_C
BLE_Beacon_08,0.6942,0.0132,Zone_A
BLE_Beacon_09,0.7645,0.0075,Zone_D
BLE_Beacon_03,0.2521,0.4651,Zone_C
BLE_Beacon_04,0.1895,0.7706,Zone_B
BLE_Beacon_06,0.5444,0.0441,Zone_A
BLE_Beacon_04,0.3972,0.1445,Zone_C
BLE_Beacon_02,0.4498,0.0946,Zone_D
BLE_Beacon_08,0.237,0.5255,Zone_B
BLE_Beacon_07,0.0891,1.0,Zone_A
BLE_Beacon_03,0.522,0.0528,Zone_B
BLE_Beacon_03,0.5661,0.037,Zone_A
BLE_Beacon_10,0.1868,0.7873,Zone_B
BLE_Beacon_05,0.7962,0.0058,Zone_D
BLE_Beacon_10,0.833,0.0043,Zone_A
BLE_Beacon_05,0.8157,0.005,Zone_B
BLE_Beacon_08,0.548,0.0429,Zone_D
BLE_Beacon_08,0.2054,0.6775,Zone_D
BLE_Beacon_10,0.1836,0.8082,Zone_B
BLE_Beacon_10,0.5897,0.0306,Zone_C
BLE_Beacon_03,0.6404,0.0203,Zone_C
BLE_Beacon_08,0.5401,0.0457,Zone_A
BLE_Beacon_04,0.3686,0.1819,Zone_B
BLE_Beacon_02,0.0844,1.0,Zone_D
BLE_Beacon_03,0.5472,0.0431,Zone_B
BLE_Beacon_08,0.7798,0.0066,Zone_A
BLE_Beacon_09,0.4669,0.0824,Zone_A
BLE_Beacon_02,0.4503,0.0942,Zone_B
BLE_Beacon_10,0.4952,0.0656,Zone_A
BLE_Beacon_07,0.4816,0.0732,Zone_C
BLE_Beacon_01,0.6196,0.0241,Zone_D
BLE_Beacon_04,0.8088,0.0052,Zone_D
BLE_Beacon_07,0.3468,0.2168,Zone_A
BLE_Beacon_07,0.1766,0.8547,Zone_D
BLE_Beacon_04,0.7865,0.0063,Zone_A
BLE_Beacon_05,0.5415,0.0452,Zone_D
BLE_Beacon_05,0.2199,0.6028,Zone_A
BLE_Beacon_10,0.482,0.0729,Zone_A
BLE_Beacon_07,0.5857,0.0316,Zone_C
BLE_Beacon_07,0.3561,0.2013,Zone_B
BLE_Beacon_07,0.5834,0.0322,Zone_C
BLE_Beacon_05,0.7432,0.0089,Zone_D
BLE_Beacon_10,0.3587,0.197,Zone_C
BLE_Beacon_07,0.6646,0.0167,Zone_D
BLE_Beacon_09,0.6873,0.014,Zone_D
BLE_Beacon_03,0.3623,0.1914,Zone_D
BLE_Beacon_05,0.8481,0.0038,Zone_C
BLE_Beacon_07,0.6495,0.0189,Zone_A
BLE_Beacon_04,0.4223,0.118,Zone_B
BLE_Beacon_02,0.2399,0.5131,Zone_D
BLE_Beacon_06,0.7007,0.0125,Zone_A
BLE_Beacon_03,0.3772,0.1698,Zone_A
BLE_Beacon_02,0.7183,0.0109,Zone_D
BLE_Beacon_10,0.4135,0.1267,Zone_A
BLE_Beacon_05,0.2457,0.4899,Zone_A
BLE_Beacon_10,0.1011,1.0,Zone_D
BLE_Beacon_07,0.5538,0.0409,Zone_C
BLE_Beacon_10,0.1166,1.0,Zone_B
BLE_Beacon_08,0.4163,0.1238,Zone_B
BLE_Beacon_09,0.2961,0.3262,Zone_A
BLE_Beacon_10,0.4726,0.0787,Zone_B
BLE_Beacon_10,0.2046,0.6822,Zone_A
BLE_Beacon_06,0.2594,0.4386,Zone_A
BLE_Beacon_03,0.1397,1.0,Zone_C
BLE_Beacon_07,0.3489,0.2133,Zone_D
BLE_Beacon_07,0.5319,0.0488,Zone_A
BLE_Beacon_02,0.7936,0.0059,Zone_C
BLE_Beacon_09,0.7904,0.0061,Zone_C
BLE_Beacon_06,0.8283,0.0045,Zone_C
BLE_Beacon_04,0.5479,0.0429,Zone_B
BLE_Beacon_08,0.8019,0.0055,Zone_A
BLE_Beacon_05,0.209,0.6586,Zone_A
BLE_Beacon_09,0.1283,1.0,Zone_C
BLE_Beacon_06,0.8155,0.005,Zone_C
BLE_Beacon_09,0.7103,0.0116,Zone_C
BLE_Beacon_08,0.8305,0.0044,Zone_D
BLE_Beacon_04,0.6666,0.0165,Zone_D
BLE_Beacon_08,0.7758,0.0068,Zone_A
BLE_Beacon_08,0.1628,0.9556,Zone_A
BLE_Beacon_07,0.5693,0.0361,Zone_B
BLE_Beacon_04,0.7001,0.0126,Zone_D
BLE_Beacon_06,0.4773,0.0758,Zone_A
BLE_Beacon_05,0.2665,0.4143,Zone_A
BLE_Beacon_07,0.6008,0.028,Zone_C
BLE_Beacon_02,0.5071,0.0596,Zone_B
BLE_Beacon_08,0.318,0.2734,Zone_B
BLE_Beacon_10,0.2828,0.3631,Zone_B
BLE_Beacon_08,0.6506,0.0187,Zone_B
BLE_Beacon_04,0.7572,0.0079,Zone_B
BLE_Beacon_04,0.2307,0.5526,Zone_B
BLE_Beacon_10,0.3512,0.2094,Zone_A
BLE_Beacon_02,0.7944,0.0059,Zone_D
BLE_Beacon_10,0.0766,1.0,Zone_A
BLE_Beacon_08,0.3631,0.1902,Zone_C
BLE_Beacon_08,0.7771,0.0068,Zone_C
BLE_Beacon_08,0.2151,0.6268,Zone_C
BLE_Beacon_07,0.2459,0.4889,Zone_B
BLE_Beacon_01,0.4845,0.0715,Zone_D
BLE_Beacon_08,0.8097,0.0052,Zone_A
BLE_Beacon_09,0.3443,0.2213,Zone_B
BLE_Beacon_08,0.8387,0.0041,Zone_D
BLE_Beacon_06,0.613,0.0254,Zone_A
BLE_Beacon_04,0.3696,0.1805,Zone_A
BLE_Beacon_06,0.3555,0.2021,Zone_C
BLE_Beacon_03,0.5024,0.0619,Zone_B
BLE_Beacon_05,0.4418,0.1009,Zone_C
BLE_Beacon_06,0.2159,0.6226,Zone_D
BLE_Beacon_04,0.4007,0.1404,Zone_C
BLE_Beacon_06,0.7427,0.0089,Zone_C
BLE_Beacon_08,0.2128,0.6387,Zone_B
BLE_Beacon_10,0.6104,0.0259,Zone_A
BLE_Beacon_05,0.7032,0.0123,Zone_D
BLE_Beacon_07,0.2255,0.5765,Zone_B
BLE_Beacon_08,0.7045,0.0121,Zone_B
BLE_Beacon_07,0.464,0.0844,Zone_C
BLE_Beacon_08,0.3072,0.2985,Zone_A
BLE_Beacon_07,0.1492,1.0,Zone_B
BLE_Beacon_01,0.2407,0.5099,Zone_C
BLE_Beacon_08,0.7306,0.0098,Zone_A
BLE_Beacon_08,0.6565,0.0179,Zone_C
BLE_Beacon_06,0.3545,0.2038,Zone_C
BLE_Beacon_06,0.087,1.0,Zone_A
BLE_Beacon_06,0.7529,0.0082,Zone_B
BLE_Beacon_10,0.5239,0.052,Zone_B
BLE_Beacon_05,0.3504,0.2106,Zone_D
BLE_Beacon_08,0.7704,0.0071,Zone_D
BLE_Beacon_10,0.2966,0.3251,Zone_B
BLE_Beacon_03,0.5747,0.0345,Zone_C
BLE_Beacon_07,0.5674,0.0366,Zone_D
BLE_Beacon_02,0.1336,1.0,Zone_C
BLE_Beacon_04,0.3177,0.2741,Zone_C
BLE_Beacon_05,0.5471,0.0432,Zone_D
BLE_Beacon_05,0.7689,0.0072,Zone_C
BLE_Beacon_10,0.4807,0.0737,Zone_D
BLE_Beacon_07,0.2029,0.6916,Zone_A
BLE_Beacon_03,0.6432,0.0199,Zone_C
BLE_Beacon_02,0.2369,0.5259,Zone_D
BLE_Beacon_02,0.1465,1.0,Zone_D
BLE_Beacon_09,0.1137,1.0,Zone_D
BLE_Beacon_09,0.6725,0.0157,Zone_A
BLE_Beacon_02,0.2776,0.3787,Zone_B
BLE_Beacon_02,0.5859,0.0316,Zone_D
BLE_Beacon_05,0.2516,0.467,Zone_C
BLE_Beacon_08,0.5637,0.0378,Zone_B
BLE_Beacon_09,0.7303,0.0099,Zone_A
BLE_Beacon_01,0.5928,0.0299,Zone_C
BLE_Beacon_08,0.4385,0.1036,Zone_C
BLE_Beacon_09,0.4209,0.1193,Zone_B
BLE_Beacon_10,0.541,0.0454,Zone_D
BLE_Beacon_09,0.5741,0.0347,Zone_C
BLE_Beacon_06,0.4499,0.0945,Zone_B
BLE_Beacon_02,0.4186,0.1216,Zone_C
BLE_Beacon_07,0.2756,0.3851,Zone_C
BLE_Beacon_01,0.0715,1.0,Zone_B
BLE_Beacon_06,0.2967,0.3246,Zone_A
BLE_Beacon_08,0.8155,0.005,Zone_D
BLE_Beacon_05,0.0786,1.0,Zone_D
BLE_Beacon_05,0.5405,0.0455,Zone_A
BLE_Beacon_09,0.365,0.1873,Zone_D
BLE_Beacon_09,0.4149,0.1253,Zone_B
BLE_Beacon_03,0.6332,0.0216,Zone_D
BLE_Beacon_07,0.2448,0.4936,Zone_A
BLE_Beacon_07,0.5628,0.0381,Zone_C
BLE_Beacon_05,0.5809,0.0329,Zone_C
BLE_Beacon_07,0.2191,0.6067,Zone_A
BLE_Beacon_03,0.1788,0.84,Zone_A
BLE_Beacon_08,0.5568,0.0399,Zone_C
BLE_Beacon_10,0.458,0.0885,Zone_C
BLE_Beacon_01,0.191,0.7614,Zone_A
BLE_Beacon_03,0.8354,0.0042,Zone_C
BLE_Beacon_05,0.1697,0.9039,Zone_D
BLE_Beacon_01,0.2544,0.4568,Zone_B
BLE_Beacon_01,0.4592,0.0876,Zone_C
BLE_Beacon_07,0.3162,0.2774,Zone_D
BLE_Beacon_06,0.4358,0.1059,Zone_A
BLE_Beacon_06,0.1345,1.0,Zone_B
BLE_Beacon_01,0.2808,0.3691,Zone_D
BLE_Beacon_02,0.4982,0.064,Zone_B
BLE_Beacon_04,0.7752,0.0069,Zone_C
BLE_Beacon_07,0.7222,0.0105,Zone_A
BLE_Beacon_04,0.3738,0.1745,Zone_D
BLE_Beacon_04,0.651,0.0187,Zone_A
BLE_Beacon_04,0.4335,0.1078,Zone_A
BLE_Beacon_09,0.5947,0.0294,Zone_B
BLE_Beacon_08,0.3772,0.1698,Zone_C
BLE_Beacon_06,0.1961,0.7308,Zone_A
BLE_Beacon_09,0.4807,0.0737,Zone_C
BLE_Beacon_08,0.5731,0.035,Zone_B
BLE_Beacon_06,0.7688,0.0072,Zone_B
BLE_Beacon_02,0.2568,0.4478,Zone_D
BLE_Beacon_06,0.0833,1.0,Zone_C
BLE_Beacon_10,0.1654,0.9353,Zone_B
BLE_Beacon_01,0.8327,0.0043,Zone_D
BLE_Beacon_10,0.1932,0.7478,Zone_A
BLE_Beacon_04,0.1953,0.7351,Zone_A
BLE_Beacon_10,0.3373,0.2341,Zone_A
BLE_Beacon_01,0.3508,0.2101,Zone_B
BLE_Beacon_09,0.6933,0.0133,Zone_B
BLE_Beacon_08,0.2542,0.4572,Zone_C
BLE_Beacon_08,0.6475,0.0192,Zone_A
BLE_Beacon_07,0.3528,0.2066,Zone_B
BLE_Beacon_05,0.7775,0.0067,Zone_D
BLE_Beacon_08,0.5107,0.0579,Zone_D
BLE_Beacon_04,0.5167,0.0552,Zone_C
BLE_Beacon_06,0.6469,0.0193,Zone_C
BLE_Beacon_10,0.7899,0.0061,Zone_B
BLE_Beacon_02,0.4888,0.0691,Zone_D
BLE_Beacon_05,0.7153,0.0111,Zone_C
BLE_Beacon_08,0.072,1.0,Zone_D
BLE_Beacon_03,0.7652,0.0074,Zone_C
BLE_Beacon_10,0.259,0.4399,Zone_A
BLE_Beacon_09,0.715,0.0112,Zone_B
BLE_Beacon_09,0.6082,0.0264,Zone_B
BLE_Beacon_10,0.2939,0.3322,Zone_D
BLE_Beacon_06,0.1582,0.9913,Zone_A
BLE_Beacon_01,0.7277,0.0101,Zone_B
BLE_Beacon_03,0.7577,0.0079,Zone_B
BLE_Beacon_02,0.4528,0.0923,Zone_A
BLE_Beacon_01,0.5201,0.0537,Zone_D
BLE_Beacon_08,0.4846,0.0714,Zone_C
BLE_Beacon_01,0.3593,0.1961,Zone_A
BLE_Beacon_01,0.8023,0.0055,Zone_B
BLE_Beacon_08,0.8009,0.0056,Zone_A
BLE_Beacon_08,0.7008,0.0125,Zone_A
BLE_Beacon_06,0.5099,0.0583,Zone_D
BLE_Beacon_06,0.6955,0.0131,Zone_A
BLE_Beacon_10,0.2803,0.3707,Zone_A
BLE_Beacon_02,0.7271,0.0101,Zone_A
BLE_Beacon_04,0.8262,0.0046,Zone_A
BLE_Beacon_02,0.6412,0.0202,Zone_D
BLE_Beacon_04,0.2232,0.5874,Zone_B
BLE_Beacon_10,0.5628,0.0381,Zone_B
BLE_Beacon_09,0.6601,0.0174,Zone_D
BLE_Beacon_02,0.6735,0.0156,Zone_C
BLE_Beacon_08,0.6234,0.0233,Zone_D
BLE_Beacon_02,0.2025,0.6939,Zone_B
BLE_Beacon_09,0.3869,0.1569,Zone_C
BLE_Beacon_03,0.4909,0.0679,Zone_D
BLE_Beacon_06,0.7805,0.0066,Zone_C
BLE_Beacon_06,0.3954,0.1466,Zone_D
BLE_Beacon_06,0.5495,0.0424,Zone_B
BLE_Beacon_07,0.6731,0.0156,Zone_C
BLE_Beacon_06,0.827,0.0045,Zone_D
BLE_Beacon_07,0.0716,1.0,Zone_A
BLE_Beacon_05,0.5395,0.0459,Zone_B
BLE_Beacon_05,0.0766,1.0,Zone_B
BLE_Beacon_04,0.7438,0.0088,Zone_A
BLE_Beacon_05,0.7936,0.0059,Zone_B
BLE_Beacon_02,0.1011,1.0,Zone_C
BLE_Beacon_03,0.1802,0.8306,Zone_C
BLE_Beacon_10,0.2677,0.4101,Zone_C
BLE_Beacon_05,0.1436,1.0,Zone_D
BLE_Beacon_10,0.7926,0.006,Zone_A
BLE_Beacon_06,0.6944,0.0132,Zone_B
BLE_Beacon_08,0.7202,0.0107,Zone_A
BLE_Beacon_10,0.5761,0.0342,Zone_A
BLE_Beacon_10,0.3712,0.1781,Zone_A
BLE_Beacon_06,0.3448,0.2204,Zone_D
BLE_Beacon_07,0.8023,0.0055,Zone_A
BLE_Beacon_04,0.6589,0.0175,Zone_A
BLE_Beacon_07,0.114,1.0,Zone_A
BLE_Beacon_06,0.4957,0.0653,Zone_B
BLE_Beacon_06,0.4662,0.0829,Zone_B
BLE_Beacon_03,0.1111,1.0,Zone_D
BLE_Beacon_08,0.6629,0.017,Zone_A
BLE_Beacon_04,0.4108,0.1295,Zone_D
BLE_Beacon_03,0.1753,0.8639,Zone_A
BLE_Beacon_08,0.5204,0.0535,Zone_A
BLE_Beacon_09,0.3851,0.1593,Zone_A
BLE_Beacon_07,0.4657,0.0832,Zone_B
BLE_Beacon_03,0.4493,0.0949,Zone_B
BLE_Beacon_08,0.382,0.1633,Zone_B
BLE_Beacon_09,0.5554,0.0404,Zone_B
BLE_Beacon_04,0.1277,1.0,Zone_D
BLE_Beacon_06,0.6094,0.0261,Zone_A
BLE_Beacon_02,0.5992,0.0284,Zone_D
BLE_Beacon_06,0.3451,0.2199,Zone_C
BLE_Beacon_06,0.538,0.0464,Zone_A
BLE_Beacon_05,0.2044,0.6832,Zone_C
BLE_Beacon_10,0.717,0.011,Zone_D
BLE_Beacon_10,0.186,0.7925,Zone_A
BLE_Beacon_04,0.2283,0.5635,Zone_C
BLE_Beacon_03,0.6668,0.0165,Zone_A
BLE_Beacon_02,0.6525,0.0185,Zone_B
BLE_Beacon_10,0.7996,0.0056,Zone_C
BLE_Beacon_01,0.3411,0.227,Zone_A
BLE_Beacon_05,0.425,0.1154,Zone_A
BLE_Beacon_06,0.2357,0.5312,Zone_B
BLE_Beacon_04,0.5008,0.0627,Zone_C
BLE_Beacon_09,0.4509,0.0937,Zone_B
BLE_Beacon_01,0.3673,0.1838,Zone_A
BLE_Beacon_05,0.2053,0.6786,Zone_C
BLE_Beacon_04,0.6915,0.0135,Zone_C
BLE_Beacon_01,0.4368,0.105,Zone_A
BLE_Beacon_02,0.3768,0.1703,Zone_C
BLE_Beacon_06,0.7505,0.0084,Zone_A
BLE_Beacon_05,0.753,0.0082,Zone_D
BLE_Beacon_04,0.8413,0.004,Zone_A
BLE_Beacon_06,0.4522,0.0927,Zone_A
BLE_Beacon_03,0.2277,0.5664,Zone_D
BLE_Beacon_09,0.7993,0.0057,Zone_A
BLE_Beacon_01,0.2658,0.4166,Zone_C
BLE_Beacon_06,0.4564,0.0897,Zone_B
BLE_Beacon_01,0.3439,0.222,Zone_C
BLE_Beacon_06,0.5627,0.0381,Zone_B
BLE_Beacon_09,0.2882,0.3478,Zone_A
BLE_Beacon_05,0.7618,0.0076,Zone_A
BLE_Beacon_09,0.8172,0.0049,Zone_B
BLE_Beacon_03,0.34,0.2291,Zone_D
BLE_Beacon_03,0.1404,1.0,Zone_D
BLE_Beacon_09,0.8262,0.0046,Zone_B
BLE_Beacon_07,0.2603,0.4355,Zone_B
BLE_Beacon_07,0.834,0.0043,Zone_C
BLE_Beacon_08,0.4975,0.0644,Zone_B
BLE_Beacon_03,0.528,0.0504,Zone_B
BLE_Beacon_03,0.3142,0.282,Zone_B
BLE_Beacon_07,0.8538,0.0036,Zone_B
BLE_Beacon_10,0.792,0.006,Zone_C
BLE_Beacon_02,0.5093,0.0585,Zone_A
BLE_Beacon_03,0.321,0.2671,Zone_B
BLE_Beacon_01,0.6728,0.0157,Zone_D
BLE_Beacon_07,0.3098,0.2923,Zone_C
BLE_Beacon_03,0.6836,0.0144,Zone_A
BLE_Beacon_03,0.2166,0.6194,Zone_C
BLE_Beacon_10,0.517,0.055,Zone_B
BLE_Beacon_10,0.2539,0.4587,Zone_A
BLE_Beacon_06,0.1339,1.0,Zone_D
BLE_Beacon_03,0.4661,0.0829,Zone_D
BLE_Beacon_06,0.216,0.6224,Zone_D
BLE_Beacon_08,0.4437,0.0993,Zone_B
BLE_Beacon_04,0.2492,0.4762,Zone_D
BLE_Beacon_01,0.7986,0.0057,Zone_D
BLE_Beacon_04,0.6547,0.0181,Zone_B
BLE_Beacon_04,0.1234,1.0,Zone_D
BLE_Beacon_10,0.4564,0.0897,Zone_C
BLE_Beacon_08,0.7688,0.0072,Zone_D
BLE_Beacon_07,0.6813,0.0146,Zone_D
BLE_Beacon_06,0.3811,0.1645,Zone_A
BLE_Beacon_09,0.1573,0.9986,Zone_D
BLE_Beacon_01,0.7611,0.0077,Zone_B
BLE_Beacon_09,0.494,0.0662,Zone_A
BLE_Beacon_09,0.3758,0.1717,Zone_A
BLE_Beacon_04,0.3002,0.3157,Zone_D
BLE_Beacon_05,0.6793,0.0149,Zone_C
BLE_Beacon_08,0.2022,0.6953,Zone_C
BLE_Beacon_10,0.7935,0.0059,Zone_B
BLE_Beacon_08,0.7235,0.0104,Zone_D
BLE_Beacon_02,0.6392,0.0205,Zone_A
BLE_Beacon_03,0.6833,0.0144,Zone_B
BLE_Beacon_07,0.3964,0.1454,Zone_D
BLE_Beacon_01,0.212,0.6428,Zone_B
BLE_Beacon_08,0.1423,1.0,Zone_C
BLE_Beacon_03,0.6359,0.0211,Zone_A
BLE_Beacon_02,0.1611,0.9684,Zone_D
BLE_Beacon_06,0.1385,1.0,Zone_D
BLE_Beacon_09,0.5523,0.0414,Zone_B
BLE_Beacon_07,0.5038,0.0612,Zone_A
BLE_Beacon_03,0.7882,0.0062,Zone_B
BLE_Beacon_03,0.7541,0.0081,Zone_B
BLE_Beacon_01,0.4011,0.14,Zone_C
BLE_Beacon_08,0.2983,0.3205,Zone_B
BLE_Beacon_02,0.7774,0.0067,Zone_B
BLE_Beacon_01,0.5606,0.0387,Zone_C
BLE_Beacon_01,0.4318,0.1093,Zone_D
BLE_Beacon_09,0.7059,0.012,Zone_D
BLE_Beacon_04,0.2418,0.5054,Zone_D
BLE_Beacon_08,0.3937,0.1486,Zone_A
BLE_Beacon_10,0.5429,0.0446,Zone_B
BLE_Beacon_09,0.2899,0.3429,Zone_B
BLE_Beacon_01,0.2167,0.619,Zone_A
BLE_Beacon_06,0.1003,1.0,Zone_A
BLE_Beacon_10,0.7299,0.0099,Zone_C
BLE_Beacon_06,0.7946,0.0059,Zone_A
BLE_Beacon_02,0.399,0.1424,Zone_B
BLE_Beacon_03,0.5995,0.0283,Zone_B
BLE_Beacon_08,0.6602,0.0174,Zone_C
BLE_Beacon_01,0.1446,1.0,Zone_C
BLE_Beacon_06,0.361,0.1934,Zone_D
BLE_Beacon_02,0.6673,0.0164,Zone_A
BLE_Beacon_05,0.4414,0.1012,Zone_A
BLE_Beacon_05,0.3301,0.2481,Zone_D
BLE_Beacon_09,0.2363,0.5284,Zone_B
BLE_Beacon_10,0.1171,1.0,Zone_A
BLE_Beacon_08,0.6403,0.0204,Zone_C
BLE_Beacon_07,0.5498,0.0422,Zone_C
BLE_Beacon_05,0.4842,0.0716,Zone_C
BLE_Beacon_03,0.5541,0.0408,Zone_D
BLE_Beacon_09,0.6444,0.0197,Zone_D
BLE_Beacon_08,0.7063,0.012,Zone_B
BLE_Beacon_05,0.8408,0.004,Zone_A
BLE_Beacon_02,0.0903,1.0,Zone_A
BLE_Beacon_04,0.6997,0.0126,Zone_D
BLE_Beacon_07,0.1072,1.0,Zone_C
BLE_Beacon_09,0.7047,0.0121,Zone_B
BLE_Beacon_01,0.5748,0.0345,Zone_C
BLE_Beacon_05,0.6923,0.0134,Zone_C
BLE_Beacon_05,0.4695,0.0806,Zone_C
BLE_Beacon_01,0.1609,0.9704,Zone_C
BLE_Beacon_06,0.3826,0.1625,Zone_A
BLE_Beacon_03,0.2239,0.5841,Zone_C
BLE_Beacon_08,0.7913,0.006,Zone_A
BLE_Beacon_03,0.4497,0.0946,Zone_D
BLE_Beacon_09,0.7754,0.0069,Zone_D
BLE_Beacon_07,0.8004,0.0056,Zone_A
BLE_Beacon_09,0.3066,0.2998,Zone_C
BLE_Beacon_09,0.4925,0.067,Zone_B
BLE_Beacon_10,0.61,0.026,Zone_C
BLE_Beacon_02,0.8333,0.0043,Zone_C
BLE_Beacon_01,0.3379,0.233,Zone_D
BLE_Beacon_09,0.7333,0.0096,Zone_D
BLE_Beacon_03,0.5391,0.046,Zone_C
BLE_Beacon_06,0.6292,0.0223,Zone_C
BLE_Beacon_07,0.1396,1.0,Zone_B
BLE_Beacon_06,0.4265,0.1141,Zone_C
BLE_Beacon_04,0.484,0.0718,Zone_B
BLE_Beacon_02,0.3655,0.1866,Zone_A
BLE_Beacon_04,0.7891,0.0061,Zone_D
BLE_Beacon_09,0.091,1.0,Zone_D
BLE_Beacon_09,0.1925,0.7521,Zone_C
BLE_Beacon_08,0.6469,0.0193,Zone_C
BLE_Beacon_06,0.184,0.8053,Zone_A
BLE_Beacon_09,0.6031,0.0275,Zone_B
BLE_Beacon_04,0.6407,0.0203,Zone_D
BLE_Beacon_07,0.6322,0.0217,Zone_A
BLE_Beacon_01,0.3158,0.2785,Zone_A
BLE_Beacon_10,0.7565,0.008,Zone_C
BLE_Beacon_08,0.7701,0.0072,Zone_A
BLE_Beacon_09,0.6734,0.0156,Zone_C
BLE_Beacon_01,0.5252,0.0515,Zone_C
BLE_Beacon_04,0.3235,0.2616,Zone_B
BLE_Beacon_05,0.2888,0.3461,Zone_C
BLE_Beacon_08,0.5987,0.0285,Zone_C
BLE_Beacon_03,0.1952,0.736,Zone_A
BLE_Beacon_01,0.8244,0.0046,Zone_A
BLE_Beacon_04,0.4977,0.0643,Zone_C
BLE_Beacon_05,0.1827,0.8142,Zone_C
BLE_Beacon_10,0.2638,0.4234,Zone_A
BLE_Beacon_05,0.5533,0.0411,Zone_C
BLE_Beacon_09,0.42,0.1202,Zone_B
BLE_Beacon_01,0.4413,0.1013,Zone_A
BLE_Beacon_02,0.3728,0.1758,Zone_A
BLE_Beacon_07,0.3794,0.1668,Zone_D
BLE_Beacon_10,0.3508,0.2099,Zone_C
BLE_Beacon_04,0.6316,0.0219,Zone_A
BLE_Beacon_08,0.5175,0.0548,Zone_A
BLE_Beacon_08,0.1478,1.0,Zone_C
BLE_Beacon_08,0.4411,0.1014,Zone_B
BLE_Beacon_03,0.748,0.0086,Zone_C
BLE_Beacon_06,0.3795,0.1666,Zone_C
BLE_Beacon_06,0.4276,0.1131,Zone_A
BLE_Beacon_02,0.4449,0.0984,Zone_C
BLE_Beacon_08,0.4338,0.1075,Zone_B
BLE_Beacon_05,0.6748,0.0154,Zone_B
BLE_Beacon_09,0.1523,1.0,Zone_A
BLE_Beacon_06,0.5084,0.059,Zone_A
BLE_Beacon_05,0.49,0.0684,Zone_D
BLE_Beacon_10,0.3963,0.1456,Zone_B
BLE_Beacon_09,0.1964,0.7289,Zone_D
BLE_Beacon_07,0.1233,1.0,Zone_B
BLE_Beacon_10,0.4102,0.1301,Zone_D
BLE_Beacon_10,0.69,0.0136,Zone_B
BLE_Beacon_03,0.5921,0.03,Zone_A
BLE_Beacon_10,0.7289,0.01,Zone_A
BLE_Beacon_10,0.5398,0.0458,Zone_C
BLE_Beacon_09,0.1482,1.0,Zone_D
BLE_Beacon_03,0.3135,0.2837,Zone_D
BLE_Beacon_02,0.5415,0.0452,Zone_D
BLE_Beacon_06,0.4598,0.0872,Zone_A
BLE_Beacon_02,0.2424,0.503,Zone_B
BLE_Beacon_10,0.7811,0.0065,Zone_A
BLE_Beacon_03,0.5907,0.0304,Zone_D
BLE_Beacon_09,0.3005,0.315,Zone_D
BLE_Beacon_04,0.233,0.5425,Zone_C
BLE_Beacon_05,0.5195,0.0539,Zone_C
BLE_Beacon_07,0.6354,0.0212,Zone_C
BLE_Beacon_02,0.5293,0.0498,Zone_D
BLE_Beacon_03,0.7413,0.009,Zone_A
BLE_Beacon_06,0.7794,0.0066,Zone_A
BLE_Beacon_01,0.6241,0.0232,Zone_C
BLE_Beacon_02,0.7481,0.0085,Zone_A
BLE_Beacon_04,0.4106,0.1297,Zone_D
BLE_Beacon_06,0.6307,0.022,Zone_D
BLE_Beacon_07,0.4134,0.1268,Zone_B
BLE_Beacon_03,0.4445,0.0987,Zone_B
BLE_Beacon_09,0.3736,0.1747,Zone_C
BLE_Beacon_07,0.1926,0.7512,Zone_B
BLE_Beacon_03,0.0805,1.0,Zone_A
BLE_Beacon_03,0.6382,0.0207,Zone_D
BLE_Beacon_07,0.8375,0.0042,Zone_B
BLE_Beacon_02,0.1792,0.8368,Zone_D
BLE_Beacon_08,0.7735,0.007,Zone_D
BLE_Beacon_10,0.2127,0.6391,Zone_D
BLE_Beacon_09,0.7158,0.0111,Zone_D
BLE_Beacon_06,0.2488,0.4778,Zone_D
BLE_Beacon_10,0.0773,1.0,Zone_D
BLE_Beacon_04,0.631,0.022,Zone_C
BLE_Beacon_07,0.7994,0.0056,Zone_C
BLE_Beacon_01,0.84,0.0041,Zone_D
BLE_Beacon_06,0.1603,0.9745,Zone_D
BLE_Beacon_02,0.1831,0.8114,Zone_C
BLE_Beacon_08,0.4776,0.0756,Zone_A
BLE_Beacon_04,0.4426,0.1002,Zone_A
BLE_Beacon_09,0.6985,0.0127,Zone_C
BLE_Beacon_10,0.1129,1.0,Zone_C
BLE_Beacon_09,0.6831,0.0144,Zone_D
BLE_Beacon_08,0.4742,0.0777,Zone_D
BLE_Beacon_10,0.648,0.0191,Zone_D
BLE_Beacon_06,0.8262,0.0046,Zone_C
BLE_Beacon_05,0.203,0.6908,Zone_C
BLE_Beacon_10,0.2761,0.3835,Zone_D
BLE_Beacon_10,0.2043,0.684,Zone_A
BLE_Beacon_05,0.707,0.0119,Zone_A
BLE_Beacon_05,0.4523,0.0927,Zone_B
BLE_Beacon_09,0.1318,1.0,Zone_C
BLE_Beacon_05,0.1756,0.862,Zone_C
BLE_Beacon_05,0.7455,0.0087,Zone_A
BLE_Beacon_02,0.5459,0.0436,Zone_B
BLE_Beacon_08,0.362,0.1919,Zone_B
BLE_Beacon_05,0.6863,0.0141,Zone_B
BLE_Beacon_08,0.2135,0.635,Zone_A
BLE_Beacon_06,0.8446,0.0039,Zone_B
BLE_Beacon_10,0.8052,0.0054,Zone_B
BLE_Beacon_08,0.6629,0.017,Zone_D
BLE_Beacon_07,0.2584,0.4422,Zone_D
BLE_Beacon_03,0.2371,0.525,Zone_C
BLE_Beacon_01,0.5761,0.0342,Zone_A
BLE_Beacon_01,0.2031,0.6904,Zone_D
BLE_Beacon_08,0.3082,0.296,Zone_B
BLE_Beacon_07,0.6085,0.0263,Zone_D
BLE_Beacon_08,0.2778,0.3783,Zone_D
BLE_Beacon_01,0.2983,0.3205,Zone_D
BLE_Beacon_07,0.6045,0.0272,Zone_A
BLE_Beacon_02,0.7925,0.006,Zone_C
BLE_Beacon_07,0.5511,0.0418,Zone_C
BLE_Beacon_06,0.2838,0.3602,Zone_A
BLE_Beacon_05,0.5856,0.0317,Zone_D
BLE_Beacon_08,0.6789,0.0149,Zone_B
BLE_Beacon_10,0.6768,0.0152,Zone_C
BLE_Beacon_03,0.3176,0.2745,Zone_A
BLE_Beacon_01,0.7249,0.0103,Zone_A
BLE_Beacon_07,0.1482,1.0,Zone_A
BLE_Beacon_08,0.3476,0.2154,Zone_C
BLE_Beacon_05,0.2231,0.5875,Zone_A
BLE_Beacon_10,0.1437,1.0,Zone_B
BLE_Beacon_10,0.5728,0.0351,Zone_A
BLE_Beacon_02,0.7443,0.0088,Zone_B
BLE_Beacon_07,0.5872,0.0313,Zone_B
BLE_Beacon_02,0.618,0.0244,Zone_C
BLE_Beacon_05,0.4383,0.1037,Zone_A
BLE_Beacon_08,0.7964,0.0058,Zone_C
BLE_Beacon_07,0.6153,0.0249,Zone_C
BLE_Beacon_05,0.1987,0.7155,Zone_A
BLE_Beacon_05,0.682,0.0146,Zone_D
BLE_Beacon_07,0.3328,0.2428,Zone_A
BLE_Beacon_05,0.8223,0.0047,Zone_C
BLE_Beacon_03,0.4176,0.1226,Zone_D
BLE_Beacon_04,0.551,0.0418,Zone_B
BLE_Beacon_08,0.1566,1.0,Zone_D
BLE_Beacon_04,0.5538,0.0409,Zone_A
BLE_Beacon_08,0.6335,0.0215,Zone_A
BLE_Beacon_01,0.1287,1.0,Zone_C
BLE_Beacon_08,0.0862,1.0,Zone_D
BLE_Beacon_03,0.5844,0.032,Zone_A
BLE_Beacon_01,0.5936,0.0297,Zone_C
BLE_Beacon_03,0.6215,0.0237,Zone_D
BLE_Beacon_10,0.0743,1.0,Zone_D
BLE_Beacon_08,0.414,0.1261,Zone_A
BLE_Beacon_09,0.2489,0.4774,Zone_D
BLE_Beacon_08,0.1667,0.9262,Zone_C
BLE_Beacon_06,0.6072,0.0266,Zone_D
BLE_Beacon_01,0.5682,0.0364,Zone_A
BLE_Beacon_06,0.4915,0.0676,Zone_C
BLE_Beacon_02,0.7324,0.0097,Zone_C
BLE_Beacon_04,0.2102,0.6521,Zone_A
BLE_Beacon_07,0.5906,0.0304,Zone_C
BLE_Beacon_07,0.7758,0.0068,Zone_C
BLE_Beacon_08,0.1381,1.0,Zone_D
BLE_Beacon_04,0.1814,0.8225,Zone_B
BLE_Beacon_01,0.6369,0.0209,Zone_B
BLE_Beacon_08,0.3769,0.1702,Zone_C
BLE_Beacon_08,0.491,0.0679,Zone_D
BLE_Beacon_01,0.1005,1.0,Zone_A
BLE_Beacon_06,0.6904,0.0136,Zone_A
BLE_Beacon_07,0.1643,0.944,Zone_D
BLE_Beacon_09,0.1885,0.7769,Zone_B
BLE_Beacon_02,0.1004,1.0,Zone_B
BLE_Beacon_08,0.5852,0.0318,Zone_D
BLE_Beacon_10,0.1074,1.0,Zone_B
BLE_Beacon_01,0.2068,0.6704,Zone_A
BLE_Beacon_05,0.7163,0.011,Zone_A
BLE_Beacon_08,0.5517,0.0416,Zone_A
BLE_Beacon_02,0.1611,0.9683,Zone_B
BLE_Beacon_02,0.7035,0.0122,Zone_D
BLE_Beacon_06,0.7091,0.0117,Zone_D
BLE_Beacon_06,0.1663,0.9285,Zone_B
BLE_Beacon_06,0.7286,0.01,Zone_B
BLE_Beacon_01,0.5374,0.0467,Zone_C
BLE_Beacon_02,0.1663,0.9289,Zone_B
BLE_Beacon_07,0.2035,0.6884,Zone_C
BLE_Beacon_09,0.2011,0.7018,Zone_B
BLE_Beacon_10,0.1034,1.0,Zone_A
BLE_Beacon_10,0.367,0.1843,Zone_B
BLE_Beacon_01,0.7626,0.0076,Zone_A
BLE_Beacon_01,0.0771,1.0,Zone_A
BLE_Beacon_10,0.7683,0.0073,Zone_D
BLE_Beacon_08,0.6154,0.0249,Zone_B
BLE_Beacon_03,0.5741,0.0347,Zone_D
BLE_Beacon_07,0.2594,0.4386,Zone_B
BLE_Beacon_10,0.6149,0.025,Zone_B
BLE_Beacon_08,0.5523,0.0414,Zone_A
BLE_Beacon_05,0.3447,0.2205,Zone_A
BLE_Beacon_09,0.2566,0.4487,Zone_A
BLE_Beacon_09,0.8389,0.0041,Zone_C
BLE_Beacon_09,0.4702,0.0802,Zone_D
BLE_Beacon_04,0.2886,0.3466,Zone_B
BLE_Beacon_02,0.6973,0.0129,Zone_D
BLE_Beacon_08,0.21,0.6533,Zone_A
BLE_Beacon_01,0.5781,0.0336,Zone_C
BLE_Beacon_04,0.413,0.1272,Zone_C
BLE_Beacon_10,0.704,0.0122,Zone_D
BLE_Beacon_01,0.1535,1.0,Zone_A
BLE_Beacon_09,0.2096,0.6551,Zone_A
BLE_Beacon_08,0.476,0.0766,Zone_A
BLE_Beacon_04,0.6382,0.0207,Zone_C
BLE_Beacon_07,0.2276,0.5668,Zone_C
BLE_Beacon_04,0.6835,0.0144,Zone_C
BLE_Beacon_04,0.1485,1.0,Zone_D
BLE_Beacon_04,0.3665,0.185,Zone_B
BLE_Beacon_02,0.4415,0.1011,Zone_D
BLE_Beacon_01,0.7711,0.0071,Zone_B
BLE_Beacon_04,0.8005,0.0056,Zone_D
BLE_Beacon_03,0.3758,0.1717,Zone_B
BLE_Beacon_08,0.637,0.0209,Zone_C
BLE_Beacon_05,0.2303,0.5545,Zone_B
BLE_Beacon_01,0.6153,0.0249,Zone_A
BLE_Beacon_05,0.1787,0.8407,Zone_D
BLE_Beacon_08,0.4,0.1412,Zone_C
BLE_Beacon_04,0.7679,0.0073,Zone_B
BLE_Beacon_10,0.783,0.0065,Zone_B
BLE_Beacon_02,0.3949,0.1472,Zone_D
BLE_Beacon_04,0.5362,0.0471,Zone_D
BLE_Beacon_05,0.0828,1.0,Zone_D
BLE_Beacon_04,0.2662,0.4154,Zone_D
BLE_Beacon_10,0.2462,0.488,Zone_B
BLE_Beacon_10,0.7772,0.0068,Zone_D
BLE_Beacon_01,0.1029,1.0,Zone_D
BLE_Beacon_09,0.0978,1.0,Zone_D
BLE_Beacon_08,0.7076,0.0118,Zone_A
BLE_Beacon_08,0.4606,0.0867,Zone_A
BLE_Beacon_09,0.6631,0.0169,Zone_D
BLE_Beacon_04,0.1757,0.8611,Zone_C
BLE_Beacon_04,0.5803,0.033,Zone_A
BLE_Beacon_01,0.4484,0.0956,Zone_C
BLE_Beacon_03,0.624,0.0232,Zone_A
BLE_Beacon_08,0.4358,0.1058,Zone_B
BLE_Beacon_07,0.2167,0.6186,Zone_C
BLE_Beacon_08,0.6245,0.0231,Zone_A
BLE_Beacon_02,0.3738,0.1744,Zone_C
BLE_Beacon_09,0.0971,1.0,Zone_D
BLE_Beacon_05,0.6199,0.024,Zone_B
BLE_Beacon_02,0.5589,0.0392,Zone_C
BLE_Beacon_01,0.4759,0.0766,Zone_C
BLE_Beacon_01,0.1586,0.9882,Zone_C
BLE_Beacon_08,0.5579,0.0396,Zone_C
BLE_Beacon_06,0.2091,0.6577,Zone_A
BLE_Beacon_09,0.6288,0.0224,Zone_B
BLE_Beacon_03,0.8424,0.004,Zone_B
BLE_Beacon_09,0.1607,0.9721,Zone_D
BLE_Beacon_10,0.7559,0.008,Zone_B
BLE_Beacon_04,0.3232,0.2623,Zone_C
BLE_Beacon_09,0.6059,0.0269,Zone_C
BLE_Beacon_01,0.1212,1.0,Zone_C
BLE_Beacon_08,0.4535,0.0918,Zone_A
BLE_Beacon_08,0.6291,0.0223,Zone_C
BLE_Beacon_08,0.5593,0.0391,Zone_A
BLE_Beacon_04,0.7722,0.007,Zone_D
BLE_Beacon_02,0.1344,1.0,Zone_B
BLE_Beacon_05,0.8243,0.0046,Zone_A
BLE_Beacon_02,0.2009,0.7029,Zone_A
BLE_Beacon_03,0.4614,0.0861,Zone_B
BLE_Beacon_09,0.8195,0.0048,Zone_A
BLE_Beacon_05,0.3987,0.1427,Zone_B
BLE_Beacon_08,0.3438,0.2221,Zone_D
BLE_Beacon_01,0.3005,0.315,Zone_A
BLE_Beacon_01,0.7564,0.008,Zone_B
BLE_Beacon_09,0.578,0.0337,Zone_D
BLE_Beacon_10,0.3408,0.2277,Zone_C
BLE_Beacon_08,0.5376,0.0466,Zone_D
BLE_Beacon_08,0.3104,0.2909,Zone_B
BLE_Beacon_05,0.2064,0.6725,Zone_C
BLE_Beacon_04,0.4519,0.093,Zone_C
BLE_Beacon_01,0.188,0.78,Zone_C
BLE_Beacon_08,0.8227,0.0047,Zone_B
BLE_Beacon_09,0.2956,0.3278,Zone_B
BLE_Beacon_03,0.1981,0.7187,Zone_A
BLE_Beacon_01,0.8523,0.0037,Zone_B
BLE_Beacon_08,0.276,0.3836,Zone_B
BLE_Beacon_04,0.5134,0.0566,Zone_A
BLE_Beacon_06,0.8399,0.0041,Zone_B
BLE_Beacon_06,0.4238,0.1166,Zone_B
BLE_Beacon_09,0.3084,0.2956,Zone_A
BLE_Beacon_07,0.803,0.0055,Zone_B
BLE_Beacon_08,0.8004,0.0056,Zone_B
BLE_Beacon_01,0.8337,0.0043,Zone_C
BLE_Beacon_05,0.4438,0.0993,Zone_C
BLE_Beacon_10,0.5954,0.0292,Zone_D
BLE_Beacon_06,0.6129,0.0254,Zone_D
BLE_Beacon_01,0.181,0.8253,Zone_A
BLE_Beacon_05,0.0909,1.0,Zone_B
BLE_Beacon_08,0.3522,0.2076,Zone_C
BLE_Beacon_01,0.5493,0.0424,Zone_B
BLE_Beacon_10,0.4851,0.0712,Zone_C
BLE_Beacon_04,0.0891,1.0,Zone_D
BLE_Beacon_02,0.8382,0.0041,Zone_D
BLE_Beacon_04,0.4568,0.0894,Zone_A
BLE_Beacon_06,0.3838,0.161,Zone_D
BLE_Beacon_06,0.3748,0.1731,Zone_A
BLE_Beacon_05,0.3424,0.2246,Zone_C
BLE_Beacon_08,0.7584,0.0079,Zone_A
BLE_Beacon_04,0.6433,0.0199,Zone_D
BLE_Beacon_07,0.7029,0.0123,Zone_C
BLE_Beacon_03,0.7045,0.0121,Zone_D
BLE_Beacon_07,0.1811,0.8245,Zone_A
BLE_Beacon_03,0.2347,0.5353,Zone_D
BLE_Beacon_09,0.8466,0.0039,Zone_A
BLE_Beacon_10,0.6655,0.0166,Zone_A
BLE_Beacon_01,0.3931,0.1493,Zone_C
BLE_Beacon_07,0.2088,0.6592,Zone_D
BLE_Beacon_10,0.6648,0.0167,Zone_B
BLE_Beacon_04,0.2176,0.6144,Zone_D
BLE_Beacon_05,0.5066,0.0598,Zone_A
BLE_Beacon_05,0.7272,0.0101,Zone_C
BLE_Beacon_08,0.5109,0.0578,Zone_D
BLE_Beacon_04,0.0925,1.0,Zone_A
BLE_Beacon_03,0.2778,0.3781,Zone_D
BLE_Beacon_02,0.5851,0.0318,Zone_C
BLE_Beacon_07,0.2124,0.6408,Zone_B
BLE_Beacon_01,0.1652,0.9371,Zone_C
BLE_Beacon_08,0.8527,0.0037,Zone_A
BLE_Beacon_10,0.6572,0.0178,Zone_D
BLE_Beacon_10,0.4141,0.1261,Zone_C
BLE_Beacon_08,0.8369,0.0042,Zone_A
BLE_Beacon_06,0.4741,0.0777,Zone_A
BLE_Beacon_05,0.1994,0.7115,Zone_A
BLE_Beacon_03,0.3226,0.2636,Zone_B
BLE_Beacon_06,0.1997,0.7094,Zone_C
BLE_Beacon_06,0.401,0.1401,Zone_C
BLE_Beacon_01,0.2992,0.3183,Zone_A
BLE_Beacon_09,0.2237,0.5848,Zone_B
BLE_Beacon_02,0.5419,0.045,Zone_B
BLE_Beacon_09,0.3249,0.2587,Zone_C
BLE_Beacon_05,0.2847,0.3577,Zone_C
BLE_Beacon_02,0.4913,0.0677,Zone_C
BLE_Beacon_03,0.0816,1.0,Zone_C
BLE_Beacon_06,0.6833,0.0144,Zone_D
BLE_Beacon_06,0.795,0.0059,Zone_B
BLE_Beacon_02,0.2426,0.5022,Zone_B
BLE_Beacon_04,0.6962,0.013,Zone_A
BLE_Beacon_07,0.4332,0.1081,Zone_A
BLE_Beacon_02,0.7148,0.0112,Zone_A
BLE_Beacon_08,0.345,0.22,Zone_C
BLE_Beacon_03,0.7134,0.0113,Zone_C
BLE_Beacon_03,0.6292,0.0223,Zone_A
BLE_Beacon_02,0.2461,0.4881,Zone_B
BLE_Beacon_04,0.313,0.2848,Zone_B
BLE_Beacon_03,0.8423,0.004,Zone_D
BLE_Beacon_02,0.1325,1.0,Zone_D
BLE_Beacon_07,0.1048,1.0,Zone_A
BLE_Beacon_01,0.6945,0.0132,Zone_A
BLE_Beacon_08,0.1649,0.9396,Zone_C
BLE_Beacon_01,0.1235,1.0,Zone_A
BLE_Beacon_02,0.6861,0.0141,Zone_B
BLE_Beacon_10,0.7795,0.0066,Zone_B
BLE_Beacon_06,0.0944,1.0,Zone_B
BLE_Beacon_05,0.8169,0.0049,Zone_C
BLE_Beacon_06,0.1976,0.7219,Zone_B
BLE_Beacon_09,0.5195,0.0539,Zone_A
BLE_Beacon_10,0.6711,0.0159,Zone_B
BLE_Beacon_04,0.8291,0.0044,Zone_B
BLE_Beacon_09,0.0748,1.0,Zone_A
BLE_Beacon_04,0.7947,0.0059,Zone_D
BLE_Beacon_06,0.62,0.024,Zone_B
BLE_Beacon_08,0.6006,0.028,Zone_A
BLE_Beacon_03,0.7273,0.0101,Zone_D
BLE_Beacon_07,0.2398,0.5137,Zone_B
BLE_Beacon_07,0.1601,0.9765,Zone_C
BLE_Beacon_02,0.4375,0.1044,Zone_B
BLE_Beacon_08,0.6704,0.016,Zone_C
BLE_Beacon_09,0.6388,0.0206,Zone_A
BLE_Beacon_06,0.4593,0.0876,Zone_D
BLE_Beacon_05,0.4305,0.1105,Zone_C
BLE_Beacon_08,0.2489,0.4774,Zone_D
BLE_Beacon_05,0.8453,0.0039,Zone_D
BLE_Beacon_04,0.7446,0.0088,Zone_D
BLE_Beacon_06,0.2123,0.6411,Zone_D
BLE_Beacon_02,0.3829,0.1622,Zone_A
BLE_Beacon_02,0.1841,0.8049,Zone_D
BLE_Beacon_10,0.8395,0.0041,Zone_B
BLE_Beacon_02,0.3572,0.1994,Zone_B
BLE_Beacon_06,0.2288,0.5614,Zone_D
BLE_Beacon_02,0.2544,0.4567,Zone_D
BLE_Beacon_08,0.2903,0.342,Zone_C
BLE_Beacon_07,0.3512,0.2093,Zone_D
BLE_Beacon_08,0.4733,0.0783,Zone_B
BLE_Beacon_08,0.1563,1.0,Zone_C
BLE_Beacon_08,0.4621,0.0856,Zone_B
BLE_Beacon_01,0.1497,1.0,Zone_A
BLE_Beacon_02,0.4628,0.0851,Zone_A
BLE_Beacon_03,0.3721,0.1769,Zone_C
BLE_Beacon_03,0.3093,0.2934,Zone_A
BLE_Beacon_02,0.5908,0.0303,Zone_D
BLE_Beacon_08,0.2301,0.5555,Zone_D
BLE_Beacon_08,0.4681,0.0816,Zone_C
BLE_Beacon_09,0.5009,0.0626,Zone_A
BLE_Beacon_07,0.763,0.0076,Zone_A
BLE_Beacon_07,0.4251,0.1154,Zone_D
BLE_Beacon_08,0.4326,0.1086,Zone_A
BLE_Beacon_03,0.5088,0.0588,Zone_C
BLE_Beacon_03,0.4576,0.0888,Zone_B
BLE_Beacon_05,0.6338,0.0215,Zone_D
BLE_Beacon_02,0.5184,0.0544,Zone_D
BLE_Beacon_09,0.6099,0.026,Zone_D
BLE_Beacon_08,0.5132,0.0567,Zone_B
BLE_Beacon_09,0.1152,1.0,Zone_C
BLE_Beacon_08,0.5358,0.0473,Zone_D
BLE_Beacon_10,0.603,0.0275,Zone_C
BLE_Beacon_06,0.1197,1.0,Zone_A
BLE_Beacon_03,0.729,0.01,Zone_C
BLE_Beacon_10,0.0926,1.0,Zone_C
BLE_Beacon_07,0.1479,1.0,Zone_C
BLE_Beacon_06,0.3951,0.147,Zone_A
BLE_Beacon_04,0.266,0.416,Zone_C
BLE_Beacon_10,0.1382,1.0,Zone_A
BLE_Beacon_05,0.1614,0.9665,Zone_B
BLE_Beacon_01,0.4945,0.066,Zone_A
BLE_Beacon_08,0.5882,0.031,Zone_D
BLE_Beacon_10,0.4759,0.0766,Zone_D
BLE_Beacon_05,0.0875,1.0,Zone_D
BLE_Beacon_10,0.0889,1.0,Zone_C
BLE_Beacon_07,0.5196,0.0539,Zone_C
BLE_Beacon_10,0.1482,1.0,Zone_D
BLE_Beacon_02,0.6143,0.0251,Zone_B
BLE_Beacon_06,0.4617,0.0859,Zone_C
BLE_Beacon_03,0.5545,0.0407,Zone_C
BLE_Beacon_07,0.23,0.5561,Zone_A
BLE_Beacon_09,0.2396,0.5144,Zone_C
BLE_Beacon_01,0.305,0.3036,Zone_D
BLE_Beacon_04,0.5622,0.0382,Zone_A
BLE_Beacon_10,0.1459,1.0,Zone_C
BLE_Beacon_05,0.1243,1.0,Zone_D
BLE_Beacon_07,0.2362,0.5287,Zone_A
BLE_Beacon_05,0.4679,0.0817,Zone_C
BLE_Beacon_07,0.5927,0.0299,Zone_C
BLE_Beacon_04,0.397,0.1448,Zone_C
BLE_Beacon_10,0.4764,0.0763,Zone_B
BLE_Beacon_01,0.5647,0.0374,Zone_B
BLE_Beacon_10,0.4637,0.0846,Zone_D
BLE_Beacon_05,0.8078,0.0053,Zone_D
BLE_Beacon_10,0.6423,0.02,Zone_A
BLE_Beacon_09,0.2291,0.56,Zone_D
BLE_Beacon_03,0.2603,0.4355,Zone_C
BLE_Beacon_07,0.3938,0.1485,Zone_A
BLE_Beacon_04,0.7361,0.0094,Zone_C
BLE_Beacon_05,0.579,0.0334,Zone_C
BLE_Beacon_10,0.257,0.4473,Zone_B
BLE_Beacon_02,0.1893,0.772,Zone_A
BLE_Beacon_04,0.6977,0.0128,Zone_C
BLE_Beacon_08,0.4528,0.0923,Zone_D
BLE_Beacon_07,0.5797,0.0332,Zone_A
BLE_Beacon_04,0.1966,0.7274,Zone_B
BLE_Beacon_01,0.2745,0.3885,Zone_C
BLE_Beacon_09,0.2097,0.6547,Zone_A
BLE_Beacon_08,0.686,0.0141,Zone_A
BLE_Beacon_02,0.3181,0.2734,Zone_C
BLE_Beacon_02,0.779,0.0067,Zone_D
BLE_Beacon_06,0.5992,0.0284,Zone_A
BLE_Beacon_07,0.8125,0.0051,Zone_B
BLE_Beacon_04,0.1594,0.9822,Zone_A
BLE_Beacon_09,0.5933,0.0297,Zone_C
BLE_Beacon_08,0.7664,0.0074,Zone_B
BLE_Beacon_10,0.1675,0.9199,Zone_C
BLE_Beacon_06,0.7254,0.0103,Zone_D
BLE_Beacon_04,0.8065,0.0053,Zone_B
BLE_Beacon_03,0.1554,1.0,Zone_B
BLE_Beacon_05,0.4167,0.1234,Zone_C
BLE_Beacon_10,0.1154,1.0,Zone_C
BLE_Beacon_02,0.3201,0.2689,Zone_D
BLE_Beacon_08,0.6079,0.0265,Zone_C
BLE_Beacon_03,0.3566,0.2003,Zone_C
BLE_Beacon_05,0.088,1.0,Zone_A
BLE_Beacon_01,0.6141,0.0252,Zone_B
BLE_Beacon_05,0.5057,0.0603,Zone_C
BLE_Beacon_06,0.7811,0.0066,Zone_A
BLE_Beacon_09,0.7526,0.0082,Zone_D
BLE_Beacon_07,0.0776,1.0,Zone_D
BLE_Beacon_05,0.3078,0.2969,Zone_B
BLE_Beacon_05,0.2367,0.5265,Zone_B
BLE_Beacon_08,0.5675,0.0366,Zone_D
BLE_Beacon_01,0.2867,0.3519,Zone_A
BLE_Beacon_08,0.4416,0.101,Zone_D
BLE_Beacon_06,0.6351,0.0212,Zone_A
BLE_Beacon_03,0.6202,0.0239,Zone_A
BLE_Beacon_06,0.4021,0.1389,Zone_C
BLE_Beacon_08,0.6177,0.0244,Zone_A
BLE_Beacon_03,0.5666,0.0369,Zone_B
BLE_Beacon_01,0.3862,0.1578,Zone_C
BLE_Beacon_06,0.5239,0.0521,Zone_A
BLE_Beacon_03,0.2675,0.4108,Zone_B
BLE_Beacon_10,0.6102,0.026,Zone_C
BLE_Beacon_08,0.4473,0.0965,Zone_B
BLE_Beacon_05,0.2077,0.6652,Zone_C
BLE_Beacon_05,0.2275,0.5671,Zone_D
BLE_Beacon_06,0.2143,0.6307,Zone_D
BLE_Beacon_10,0.2478,0.4816,Zone_A
BLE_Beacon_09,0.5799,0.0331,Zone_B
BLE_Beacon_02,0.8368,0.0042,Zone_B
BLE_Beacon_05,0.6224,0.0235,Zone_B
BLE_Beacon_01,0.3865,0.1575,Zone_D
BLE_Beacon_10,0.2758,0.3842,Zone_A
BLE_Beacon_06,0.2051,0.6795,Zone_A
BLE_Beacon_01,0.636,0.0211,Zone_D
BLE_Beacon_08,0.7214,0.0106,Zone_D
BLE_Beacon_02,0.2478,0.4816,Zone_B
BLE_Beacon_04,0.8148,0.005,Zone_C
BLE_Beacon_05,0.6579,0.0177,Zone_D
BLE_Beacon_03,0.4103,0.13,Zone_B
BLE_Beacon_10,0.2408,0.5096,Zone_C
BLE_Beacon_04,0.4001,0.1411,Zone_D
BLE_Beacon_03,0.094,1.0,Zone_C
BLE_Beacon_04,0.5567,0.0399,Zone_B
BLE_Beacon_06,0.5294,0.0498,Zone_D
BLE_Beacon_02,0.0795,1.0,Zone_B
BLE_Beacon_06,0.837,0.0042,Zone_D
BLE_Beacon_04,0.6319,0.0218,Zone_D
BLE_Beacon_10,0.2727,0.3939,Zone_A
BLE_Beacon_09,0.1176,1.0,Zone_C
BLE_Beacon_04,0.4414,0.1011,Zone_C
BLE_Beacon_10,0.8095,0.0052,Zone_A
BLE_Beacon_01,0.2707,0.4004,Zone_D
BLE_Beacon_05,0.8395,0.0041,Zone_C
BLE_Beacon_03,0.832,0.0043,Zone_A
BLE_Beacon_10,0.2124,0.6408,Zone_B
BLE_Beacon_09,0.4587,0.088,Zone_C
BLE_Beacon_08,0.1751,0.8654,Zone_C
BLE_Beacon_09,0.4116,0.1287,Zone_C
BLE_Beacon_02,0.3176,0.2745,Zone_B
BLE_Beacon_08,0.7563,0.008,Zone_C
BLE_Beacon_06,0.7992,0.0057,Zone_C
BLE_Beacon_05,0.553,0.0412,Zone_C
BLE_Beacon_09,0.3174,0.2749,Zone_B
BLE_Beacon_06,0.6504,0.0188,Zone_D
BLE_Beacon_03,0.508,0.0591,Zone_D
BLE_Beacon_01,0.2199,0.6032,Zone_A
BLE_Beacon_04,0.2153,0.6257,Zone_D
BLE_Beacon_05,0.1999,0.7083,Zone_D
BLE_Beacon_07,0.1626,0.957,Zone_D
BLE_Beacon_01,0.4183,0.1218,Zone_D
BLE_Beacon_08,0.4588,0.088,Zone_B
BLE_Beacon_02,0.3461,0.2181,Zone_B
BLE_Beacon_05,0.2134,0.6356,Zone_B
BLE_Beacon_09,0.7177,0.0109,Zone_B
BLE_Beacon_10,0.8556,0.0036,Zone_A
BLE_Beacon_09,0.674,0.0155,Zone_B
BLE_Beacon_07,0.7946,0.0059,Zone_B
BLE_Beacon_08,0.6033,0.0274,Zone_C
BLE_Beacon_01,0.2948,0.3298,Zone_A
BLE_Beacon_07,0.3649,0.1874,Zone_A
BLE_Beacon_06,0.1923,0.7536,Zone_A
BLE_Beacon_08,0.7241,0.0104,Zone_D
BLE_Beacon_08,0.5651,0.0373,Zone_C
BLE_Beacon_10,0.5884,0.0309,Zone_C
BLE_Beacon_01,0.587,0.0313,Zone_D
BLE_Beacon_06,0.8158,0.0049,Zone_B
BLE_Beacon_04,0.7497,0.0084,Zone_C
BLE_Beacon_06,0.6985,0.0127,Zone_A
BLE_Beacon_09,0.8194,0.0048,Zone_D
BLE_Beacon_02,0.3848,0.1596,Zone_B
BLE_Beacon_04,0.8297,0.0044,Zone_D
BLE_Beacon_02,0.0875,1.0,Zone_B
BLE_Beacon_03,0.3767,0.1705,Zone_D
BLE_Beacon_05,0.5799,0.0331,Zone_B
BLE_Beacon_02,0.306,0.3013,Zone_D
BLE_Beacon_05,0.7815,0.0065,Zone_B
BLE_Beacon_06,0.5943,0.0295,Zone_C
BLE_Beacon_09,0.2285,0.5628,Zone_D
BLE_Beacon_07,0.4458,0.0977,Zone_D
BLE_Beacon_02,0.6658,0.0166,Zone_C
BLE_Beacon_10,0.2179,0.6131,Zone_D
BLE_Beacon_02,0.1032,1.0,Zone_C
BLE_Beacon_08,0.6029,0.0275,Zone_B
BLE_Beacon_08,0.4857,0.0708,Zone_A
BLE_Beacon_05,0.4393,0.1029,Zone_A
BLE_Beacon_08,0.3075,0.2978,Zone_B
BLE_Beacon_05,0.7326,0.0097,Zone_D
BLE_Beacon_05,0.5181,0.0545,Zone_A
BLE_Beacon_01,0.4748,0.0773,Zone_D
BLE_Beacon_07,0.1457,1.0,Zone_C
BLE_Beacon_06,0.2717,0.3973,Zone_A
BLE_Beacon_09,0.0842,1.0,Zone_D
BLE_Beacon_03,0.6891,0.0137,Zone_D
BLE_Beacon_01,0.1369,1.0,Zone_C
BLE_Beacon_06,0.5328,0.0484,Zone_D
BLE_Beacon_08,0.5616,0.0384,Zone_C
BLE_Beacon_06,0.831,0.0044,Zone_B
BLE_Beacon_04,0.2169,0.618,Zone_C
BLE_Beacon_02,0.4123,0.128,Zone_A
BLE_Beacon_01,0.3817,0.1637,Zone_A
BLE_Beacon_03,0.5867,0.0314,Zone_D
BLE_Beacon_07,0.754,0.0081,Zone_D
BLE_Beacon_05,0.5574,0.0397,Zone_C
BLE_Beacon_07,0.7036,0.0122,Zone_A
BLE_Beacon_03,0.1776,0.8481,Zone_B
BLE_Beacon_02,0.7125,0.0114,Zone_B
BLE_Beacon_01,0.2358,0.5304,Zone_B
BLE_Beacon_04,0.4138,0.1264,Zone_B
BLE_Beacon_02,0.3079,0.2968,Zone_D
BLE_Beacon_03,0.4438,0.0992,Zone_A
BLE_Beacon_02,0.2019,0.697,Zone_B
BLE_Beacon_08,0.8288,0.0045,Zone_D
BLE_Beacon_01,0.747,0.0086,Zone_B
BLE_Beacon_04,0.3031,0.3085,Zone_D
BLE_Beacon_01,0.3337,0.2409,Zone_A
BLE_Beacon_07,0.841,0.004,Zone_D
BLE_Beacon_10,0.5396,0.0459,Zone_C
BLE_Beacon_01,0.4545,0.0911,Zone_D
BLE_Beacon_09,0.5358,0.0473,Zone_D
BLE_Beacon_04,0.6327,0.0217,Zone_A
BLE_Beacon_07,0.5243,0.0519,Zone_A
BLE_Beacon_05,0.773,0.007,Zone_D
BLE_Beacon_08,0.1633,0.9515,Zone_C
BLE_Beacon_08,0.6195,0.0241,Zone_A
BLE_Beacon_03,0.2977,0.3221,Zone_B
BLE_Beacon_08,0.3416,0.2262,Zone_B
BLE_Beacon_09,0.2441,0.4964,Zone_C
BLE_Beacon_10,0.742,0.009,Zone_D
BLE_Beacon_03,0.7654,0.0074,Zone_D
BLE_Beacon_07,0.726,0.0102,Zone_C
BLE_Beacon_08,0.6998,0.0126,Zone_B
BLE_Beacon_10,0.2342,0.5372,Zone_A
BLE_Beacon_08,0.1729,0.881,Zone_B
BLE_Beacon_03,0.5474,0.0431,Zone_A
BLE_Beacon_07,0.8124,0.0051,Zone_D
BLE_Beacon_05,0.2559,0.4514,Zone_A
BLE_Beacon_01,0.3533,0.2057,Zone_C
BLE_Beacon_06,0.6033,0.0274,Zone_B
BLE_Beacon_09,0.0965,1.0,Zone_A
BLE_Beacon_06,0.4098,0.1306,Zone_B
BLE_Beacon_02,0.513,0.0568,Zone_D
BLE_Beacon_05,0.8522,0.0037,Zone_C
BLE_Beacon_01,0.6765,0.0152,Zone_C
BLE_Beacon_03,0.742,0.009,Zone_A
BLE_Beacon_01,0.7995,0.0056,Zone_D
BLE_Beacon_08,0.8278,0.0045,Zone_A
BLE_Beacon_02,0.6856,0.0141,Zone_A
BLE_Beacon_09,0.1044,1.0,Zone_A
BLE_Beacon_03,0.5664,0.037,Zone_B
BLE_Beacon_06,0.1948,0.7382,Zone_C
BLE_Beacon_08,0.6701,0.016,Zone_D
BLE_Beacon_02,0.1927,0.7511,Zone_C
BLE_Beacon_06,0.7151,0.0112,Zone_A
BLE_Beacon_04,0.4164,0.1237,Zone_D
BLE_Beacon_01,0.2642,0.4221,Zone_D
BLE_Beacon_06,0.2967,0.3246,Zone_B
BLE_Beacon_02,0.2804,0.3702,Zone_D
BLE_Beacon_06,0.566,0.0371,Zone_B
BLE_Beacon_03,0.6632,0.0169,Zone_D
BLE_Beacon_04,0.1799,0.8328,Zone_D
BLE_Beacon_07,0.7927,0.006,Zone_D
BLE_Beacon_09,0.6958,0.013,Zone_C
BLE_Beacon_01,0.4192,0.121,Zone_A
BLE_Beacon_09,0.8129,0.0051,Zone_A
BLE_Beacon_06,0.3188,0.2718,Zone_B
BLE_Beacon_07,0.1197,1.0,Zone_A
BLE_Beacon_03,0.7805,0.0066,Zone_A
BLE_Beacon_09,0.8357,0.0042,Zone_D
BLE_Beacon_07,0.7674,0.0073,Zone_C
BLE_Beacon_06,0.7858,0.0063,Zone_A
BLE_Beacon_05,0.7787,0.0067,Zone_B
BLE_Beacon_07,0.422,0.1183,Zone_B
BLE_Beacon_09,0.562,0.0383,Zone_D
BLE_Beacon_06,0.7689,0.0072,Zone_D
BLE_Beacon_04,0.7636,0.0075,Zone_A
BLE_Beacon_01,0.4937,0.0664,Zone_D
BLE_Beacon_03,0.4804,0.0739,Zone_C
BLE_Beacon_04,0.1444,1.0,Zone_C
BLE_Beacon_09,0.3391,0.2307,Zone_B
BLE_Beacon_01,0.0933,1.0,Zone_C
BLE_Beacon_04,0.7253,0.0103,Zone_C
BLE_Beacon_07,0.8469,0.0039,Zone_A
BLE_Beacon_01,0.7327,0.0097,Zone_C
BLE_Beacon_09,0.3499,0.2114,Zone_A
BLE_Beacon_02,0.424,0.1164,Zone_A
BLE_Beacon_08,0.3378,0.2332,Zone_B
BLE_Beacon_10,0.5158,0.0555,Zone_B
BLE_Beacon_06,0.3065,0.3001,Zone_B
BLE_Beacon_07,0.4797,0.0743,Zone_B
BLE_Beacon_02,0.329,0.2503,Zone_B
BLE_Beacon_06,0.4284,0.1124,Zone_B
BLE_Beacon_07,0.7223,0.0105,Zone_A
BLE_Beacon_02,0.1203,1.0,Zone_B
BLE_Beacon_08,0.2402,0.5121,Zone_A
BLE_Beacon_06,0.6032,0.0275,Zone_D
BLE_Beacon_10,0.5106,0.0579,Zone_D
BLE_Beacon_05,0.5305,0.0493,Zone_D
BLE_Beacon_08,0.6128,0.0254,Zone_D
BLE_Beacon_07,0.7187,0.0108,Zone_B
BLE_Beacon_09,0.1713,0.8921,Zone_D
BLE_Beacon_03,0.832,0.0043,Zone_A
BLE_Beacon_04,0.4293,0.1116,Zone_A
BLE_Beacon_03,0.8132,0.0051,Zone_C
BLE_Beacon_02,0.5441,0.0442,Zone_D
BLE_Beacon_02,0.1664,0.9281,Zone_C
BLE_Beacon_01,0.4822,0.0728,Zone_A
BLE_Beacon_06,0.311,0.2894,Zone_C
BLE_Beacon_05,0.3024,0.3101,Zone_A
BLE_Beacon_03,0.1831,0.8112,Zone_D
BLE_Beacon_01,0.8075,0.0053,Zone_C
BLE_Beacon_05,0.2408,0.5095,Zone_D
BLE_Beacon_01,0.1675,0.9196,Zone_C
BLE_Beacon_02,0.7553,0.0081,Zone_D
BLE_Beacon_08,0.5217,0.053,Zone_D
BLE_Beacon_06,0.6853,0.0142,Zone_D
BLE_Beacon_10,0.1758,0.8605,Zone_B
BLE_Beacon_09,0.5715,0.0355,Zone_D
BLE_Beacon_08,0.1885,0.7768,Zone_C
BLE_Beacon_02,0.6999,0.0126,Zone_D
BLE_Beacon_07,0.2544,0.4568,Zone_D
BLE_Beacon_06,0.4965,0.0649,Zone_D
BLE_Beacon_05,0.5789,0.0334,Zone_B
BLE_Beacon_01,0.5209,0.0533,Zone_C
BLE_Beacon_09,0.5783,0.0336,Zone_A
BLE_Beacon_04,0.8219,0.0047,Zone_A
BLE_Beacon_10,0.4814,0.0733,Zone_D
BLE_Beacon_09,0.7761,0.0068,Zone_A
BLE_Beacon_09,0.2127,0.6393,Zone_A
BLE_Beacon_05,0.6896,0.0137,Zone_B
BLE_Beacon_10,0.4205,0.1198,Zone_C
BLE_Beacon_07,0.5341,0.0479,Zone_D
BLE_Beacon_01,0.3385,0.2318,Zone_B
BLE_Beacon_07,0.0903,1.0,Zone_C
BLE_Beacon_07,0.2735,0.3915,Zone_A
BLE_Beacon_02,0.4971,0.0646,Zone_C
BLE_Beacon_03,0.215,0.6276,Zone_A
BLE_Beacon_03,0.3125,0.286,Zone_D
BLE_Beacon_03,0.1177,1.0,Zone_C
BLE_Beacon_03,0.0928,1.0,Zone_A
BLE_Beacon_05,0.3778,0.1689,Zone_C
BLE_Beacon_03,0.3958,0.1461,Zone_C
BLE_Beacon_05,0.3665,0.1851,Zone_A
BLE_Beacon_01,0.2306,0.5533,Zone_B
BLE_Beacon_08,0.4711,0.0797,Zone_D
BLE_Beacon_02,0.283,0.3626,Zone_C
BLE_Beacon_08,0.506,0.0601,Zone_A
BLE_Beacon_08,0.0941,1.0,Zone_B
BLE_Beacon_01,0.2829,0.3629,Zone_A
BLE_Beacon_04,0.6709,0.0159,Zone_B
BLE_Beacon_05,0.5179,0.0546,Zone_D
BLE_Beacon_02,0.7364,0.0094,Zone_B
BLE_Beacon_03,0.3647,0.1877,Zone_B
BLE_Beacon_04,0.4938,0.0663,Zone_D
BLE_Beacon_09,0.4264,0.1142,Zone_A
BLE_Beacon_08,0.8266,0.0045,Zone_C
BLE_Beacon_03,0.0719,1.0,Zone_D
BLE_Beacon_05,0.5412,0.0453,Zone_D
BLE_Beacon_06,0.7333,0.0096,Zone_B
BLE_Beacon_10,0.732,0.0097,Zone_C
BLE_Beacon_01,0.1983,0.718,Zone_A
BLE_Beacon_05,0.1419,1.0,Zone_A
BLE_Beacon_03,0.6411,0.0202,Zone_C
BLE_Beacon_07,0.2371,0.525,Zone_C
BLE_Beacon_06,0.5705,0.0358,Zone_D
BLE_Beacon_05,0.2647,0.4204,Zone_C
BLE_Beacon_06,0.2369,0.5258,Zone_C
BLE_Beacon_01,0.7896,0.0061,Zone_B
BLE_Beacon_01,0.5498,0.0423,Zone_A
BLE_Beacon_01,0.6,0.0282,Zone_D
BLE_Beacon_09,0.7749,0.0069,Zone_D
BLE_Beacon_07,0.4942,0.0661,Zone_A
BLE_Beacon_09,0.0957,1.0,Zone_D
BLE_Beacon_02,0.3488,0.2134,Zone_D
BLE_Beacon_10,0.3527,0.2068,Zone_B
BLE_Beacon_01,0.1695,0.9055,Zone_C
BLE_Beacon_04,0.4207,0.1195,Zone_B
BLE_Beacon_01,0.6673,0.0164,Zone_C
BLE_Beacon_04,0.1421,1.0,Zone_C
BLE_Beacon_04,0.2555,0.4527,Zone_D
BLE_Beacon_06,0.1003,1.0,Zone_D
BLE_Beacon_10,0.2357,0.5309,Zone_B
BLE_Beacon_07,0.1586,0.9883,Zone_C
BLE_Beacon_10,0.4645,0.084,Zone_B
BLE_Beacon_09,0.2237,0.585,Zone_B
BLE_Beacon_02,0.5336,0.0481,Zone_A
BLE_Beacon_03,0.2754,0.3855,Zone_B
BLE_Beacon_09,0.6441,0.0197,Zone_C
BLE_Beacon_04,0.7375,0.0093,Zone_A
BLE_Beacon_09,0.5542,0.0408,Zone_D
BLE_Beacon_01,0.8083,0.0053,Zone_A
BLE_Beacon_06,0.4113,0.129,Zone_D
BLE_Beacon_05,0.1671,0.9232,Zone_D
BLE_Beacon_08,0.3554,0.2023,Zone_A
BLE_Beacon_04,0.1083,1.0,Zone_D
BLE_Beacon_09,0.4241,0.1163,Zone_A
BLE_Beacon_07,0.2243,0.5819,Zone_A
BLE_Beacon_10,0.706,0.012,Zone_B
BLE_Beacon_07,0.824,0.0046,Zone_B
BLE_Beacon_04,0.2007,0.7042,Zone_C
BLE_Beacon_02,0.5633,0.0379,Zone_A
BLE_Beacon_01,0.4485,0.0955,Zone_A
BLE_Beacon_10,0.6978,0.0128,Zone_C
BLE_Beacon_05,0.2656,0.4172,Zone_D
BLE_Beacon_04,0.8248,0.0046,Zone_A
BLE_Beacon_06,0.4797,0.0743,Zone_B
BLE_Beacon_02,0.6809,0.0147,Zone_D
BLE_Beacon_02,0.5628,0.038,Zone_A
BLE_Beacon_02,0.8371,0.0042,Zone_A
BLE_Beacon_07,0.3176,0.2745,Zone_A
BLE_Beacon_03,0.1201,1.0,Zone_D
BLE_Beacon_01,0.3083,0.2958,Zone_D
BLE_Beacon_02,0.1514,1.0,Zone_A
BLE_Beacon_09,0.1124,1.0,Zone_D
BLE_Beacon_07,0.1467,1.0,Zone_D
BLE_Beacon_04,0.7507,0.0084,Zone_A
BLE_Beacon_08,0.3731,0.1755,Zone_D
BLE_Beacon_10,0.558,0.0395,Zone_C
BLE_Beacon_01,0.4282,0.1125,Zone_C
BLE_Beacon_10,0.2227,0.5898,Zone_A
BLE_Beacon_01,0.5391,0.0461,Zone_A
BLE_Beacon_10,0.6917,0.0135,Zone_B
BLE_Beacon_10,0.1704,0.8986,Zone_C
BLE_Beacon_06,0.4022,0.1387,Zone_D
BLE_Beacon_03,0.2625,0.4279,Zone_A
BLE_Beacon_01,0.1717,0.889,Zone_D
BLE_Beacon_09,0.8255,0.0046,Zone_C
BLE_Beacon_05,0.53,0.0495,Zone_B
BLE_Beacon_03,0.4403,0.102,Zone_C
BLE_Beacon_05,0.3612,0.1931,Zone_A
BLE_Beacon_09,0.5322,0.0487,Zone_B
BLE_Beacon_01,0.2579,0.4438,Zone_A
BLE_Beacon_07,0.3416,0.2262,Zone_B
BLE_Beacon_04,0.6884,0.0138,Zone_C
BLE_Beacon_04,0.5962,0.0291,Zone_D
BLE_Beacon_10,0.6155,0.0249,Zone_C
BLE_Beacon_10,0.3069,0.2992,Zone_C
BLE_Beacon_03,0.1538,1.0,Zone_A
BLE_Beacon_08,0.2438,0.4973,Zone_A
BLE_Beacon_04,0.6161,0.0248,Zone_D
BLE_Beacon_10,0.2389,0.5175,Zone_D
BLE_Beacon_06,0.7057,0.012,Zone_D
BLE_Beacon_04,0.386,0.1582,Zone_A
BLE_Beacon_06,0.0792,1.0,Zone_C
BLE_Beacon_01,0.5073,0.0595,Zone_B
BLE_Beacon_05,0.4175,0.1227,Zone_C
BLE_Beacon_01,0.8377,0.0041,Zone_B
BLE_Beacon_04,0.2947,0.3302,Zone_B
BLE_Beacon_05,0.6362,0.021,Zone_C
BLE_Beacon_09,0.2647,0.4203,Zone_B
BLE_Beacon_01,0.2098,0.6543,Zone_C
BLE_Beacon_02,0.0879,1.0,Zone_B
BLE_Beacon_07,0.586,0.0316,Zone_A
BLE_Beacon_06,0.8069,0.0053,Zone_C
BLE_Beacon_08,0.2601,0.4361,Zone_C
BLE_Beacon_03,0.8109,0.0051,Zone_D
BLE_Beacon_02,0.1645,0.9422,Zone_B
BLE_Beacon_04,0.222,0.5928,Zone_D
BLE_Beacon_06,0.3212,0.2665,Zone_D
BLE_Beacon_04,0.7951,0.0059,Zone_B
BLE_Beacon_09,0.3026,0.3097,Zone_B
BLE_Beacon_06,0.2656,0.4171,Zone_C
BLE_Beacon_03,0.7405,0.0091,Zone_D
BLE_Beacon_04,0.6429,0.0199,Zone_D
BLE_Beacon_10,0.1224,1.0,Zone_D
BLE_Beacon_09,0.3655,0.1865,Zone_D
BLE_Beacon_03,0.3243,0.26,Zone_C
BLE_Beacon_09,0.6171,0.0246,Zone_D
BLE_Beacon_08,0.2823,0.3648,Zone_D
BLE_Beacon_10,0.5819,0.0326,Zone_B
BLE_Beacon_04,0.7746,0.0069,Zone_D
BLE_Beacon_04,0.3825,0.1627,Zone_C
BLE_Beacon_07,0.7697,0.0072,Zone_B
BLE_Beacon_06,0.2714,0.3981,Zone_A
BLE_Beacon_03,0.662,0.0171,Zone_C
BLE_Beacon_08,0.4791,0.0747,Zone_B
BLE_Beacon_10,0.1038,1.0,Zone_C
BLE_Beacon_07,0.4259,0.1146,Zone_D
BLE_Beacon_07,0.3602,0.1947,Zone_D
BLE_Beacon_06,0.2859,0.3542,Zone_A
BLE_Beacon_03,0.4185,0.1217,Zone_C
BLE_Beacon_02,0.3536,0.2053,Zone_A
BLE_Beacon_05,0.7335,0.0096,Zone_A
BLE_Beacon_05,0.7995,0.0056,Zone_A
BLE_Beacon_02,0.1275,1.0,Zone_A
BLE_Beacon_09,0.2288,0.5613,Zone_B
BLE_Beacon_06,0.2679,0.4097,Zone_C
BLE_Beacon_04,0.6259,0.0229,Zone_B
BLE_Beacon_09,0.7883,0.0062,Zone_A
BLE_Beacon_05,0.2929,0.3349,Zone_C
BLE_Beacon_07,0.8146,0.005,Zone_A
BLE_Beacon_08,0.5854,0.0317,Zone_B
BLE_Beacon_07,0.2502,0.4722,Zone_B
BLE_Beacon_08,0.2551,0.4542,Zone_D
BLE_Beacon_08,0.3391,0.2308,Zone_A
BLE_Beacon_06,0.736,0.0094,Zone_D
BLE_Beacon_07,0.2361,0.5292,Zone_D
BLE_Beacon_09,0.0951,1.0,Zone_B
BLE_Beacon_10,0.7579,0.0079,Zone_C
BLE_Beacon_01,0.4641,0.0842,Zone_C
BLE_Beacon_06,0.2486,0.4785,Zone_D
BLE_Beacon_07,0.6708,0.0159,Zone_C
BLE_Beacon_06,0.5326,0.0485,Zone_A
BLE_Beacon_03,0.1922,0.754,Zone_C
BLE_Beacon_10,0.5663,0.037,Zone_D
BLE_Beacon_07,0.2319,0.5476,Zone_D
BLE_Beacon_02,0.4914,0.0676,Zone_B
BLE_Beacon_08,0.1568,1.0,Zone_D
BLE_Beacon_05,0.1447,1.0,Zone_A
BLE_Beacon_09,0.211,0.6479,Zone_D
BLE_Beacon_01,0.2181,0.6118,Zone_A
BLE_Beacon_07,0.2944,0.3308,Zone_B
BLE_Beacon_05,0.5897,0.0306,Zone_A
BLE_Beacon_08,0.1166,1.0,Zone_A
BLE_Beacon_03,0.3282,0.252,Zone_D
BLE_Beacon_07,0.1948,0.7382,Zone_A
BLE_Beacon_03,0.4929,0.0668,Zone_D
BLE_Beacon_02,0.3771,0.1699,Zone_B
BLE_Beacon_03,0.7554,0.0081,Zone_C
BLE_Beacon_07,0.7141,0.0112,Zone_D
BLE_Beacon_03,0.5458,0.0436,Zone_C
BLE_Beacon_10,0.2309,0.5519,Zone_D
BLE_Beacon_05,0.2299,0.5563,Zone_B
BLE_Beacon_08,0.1217,1.0,Zone_D
BLE_Beacon_10,0.7059,0.012,Zone_C
BLE_Beacon_10,0.7623,0.0076,Zone_D
BLE_Beacon_08,0.5241,0.052,Zone_A
BLE_Beacon_05,0.5792,0.0333,Zone_D
BLE_Beacon_06,0.6217,0.0237,Zone_C
BLE_Beacon_07,0.5531,0.0411,Zone_B
BLE_Beacon_07,0.2672,0.412,Zone_D
BLE_Beacon_08,0.3737,0.1747,Zone_B
BLE_Beacon_10,0.1465,1.0,Zone_A
BLE_Beacon_04,0.7672,0.0073,Zone_B
BLE_Beacon_05,0.7649,0.0075,Zone_C
BLE_Beacon_02,0.6199,0.024,Zone_B
BLE_Beacon_08,0.3946,0.1476,Zone_A
BLE_Beacon_06,0.1316,1.0,Zone_A
BLE_Beacon_09,0.6737,0.0156,Zone_C
BLE_Beacon_07,0.4257,0.1148,Zone_C
BLE_Beacon_04,0.4691,0.081,Zone_D
BLE_Beacon_01,0.1289,1.0,Zone_D
BLE_Beacon_07,0.3414,0.2264,Zone_D
BLE_Beacon_04,0.3831,0.1619,Zone_A
BLE_Beacon_05,0.1615,0.9652,Zone_B
BLE_Beacon_06,0.5981,0.0286,Zone_D
BLE_Beacon_08,0.4339,0.1075,Zone_A
BLE_Beacon_09,0.5877,0.0311,Zone_D
BLE_Beacon_03,0.4413,0.1012,Zone_C
BLE_Beacon_03,0.2055,0.6775,Zone_A
BLE_Beacon_10,0.1504,1.0,Zone_C
BLE_Beacon_02,0.4915,0.0676,Zone_D
BLE_Beacon_03,0.1324,1.0,Zone_A
BLE_Beacon_05,0.192,0.7549,Zone_C
BLE_Beacon_03,0.2417,0.506,Zone_A
BLE_Beacon_09,0.2413,0.5076,Zone_A
BLE_Beacon_09,0.5751,0.0345,Zone_A
BLE_Beacon_07,0.6138,0.0252,Zone_D
BLE_Beacon_01,0.5414,0.0452,Zone_A
BLE_Beacon_07,0.6742,0.0155,Zone_B
BLE_Beacon_06,0.7855,0.0063,Zone_B
BLE_Beacon_02,0.084,1.0,Zone_A
BLE_Beacon_01,0.3363,0.236,Zone_B
BLE_Beacon_02,0.2447,0.4937,Zone_A
BLE_Beacon_03,0.6403,0.0204,Zone_A
BLE_Beacon_07,0.4741,0.0777,Zone_C
BLE_Beacon_06,0.513,0.0568,Zone_B
BLE_Beacon_10,0.2342,0.5376,Zone_D
BLE_Beacon_07,0.1663,0.9285,Zone_B
BLE_Beacon_02,0.3516,0.2086,Zone_B
BLE_Beacon_01,0.3874,0.1564,Zone_C
BLE_Beacon_01,0.3772,0.1697,Zone_D
BLE_Beacon_04,0.1233,1.0,Zone_C
BLE_Beacon_10,0.3613,0.1929,Zone_A
BLE_Beacon_04,0.3944,0.1477,Zone_D
BLE_Beacon_02,0.6313,0.0219,Zone_B
BLE_Beacon_05,0.825,0.0046,Zone_C
BLE_Beacon_07,0.6041,0.0273,Zone_B
BLE_Beacon_06,0.2092,0.6574,Zone_C
BLE_Beacon_08,0.1245,1.0,Zone_A
BLE_Beacon_10,0.7881,0.0062,Zone_D
BLE_Beacon_07,0.4729,0.0785,Zone_B
BLE_Beacon_09,0.533,0.0484,Zone_A
BLE_Beacon_04,0.0881,1.0,Zone_A
BLE_Beacon_05,0.2572,0.4466,Zone_D
BLE_Beacon_04,0.5584,0.0394,Zone_A
BLE_Beacon_03,0.3657,0.1862,Zone_C
BLE_Beacon_04,0.1906,0.7637,Zone_B
BLE_Beacon_01,0.2585,0.4419,Zone_D
BLE_Beacon_06,0.1769,0.8526,Zone_C
BLE_Beacon_01,0.4807,0.0737,Zone_D
BLE_Beacon_05,0.6611,0.0172,Zone_B
BLE_Beacon_06,0.3407,0.2278,Zone_B
BLE_Beacon_09,0.1139,1.0,Zone_B
BLE_Beacon_04,0.5492,0.0424,Zone_D
BLE_Beacon_09,0.3241,0.2603,Zone_D
BLE_Beacon_01,0.1222,1.0,Zone_D
BLE_Beacon_02,0.8207,0.0048,Zone_A
BLE_Beacon_03,0.8086,0.0052,Zone_B
BLE_Beacon_02,0.2079,0.6643,Zone_B
BLE_Beacon_04,0.4701,0.0803,Zone_D
BLE_Beacon_08,0.3161,0.2776,Zone_B
BLE_Beacon_04,0.4046,0.1361,Zone_B
BLE_Beacon_05,0.2956,0.3276,Zone_D
BLE_Beacon_04,0.285,0.3568,Zone_D
BLE_Beacon_02,0.8187,0.0048,Zone_C
BLE_Beacon_07,0.3682,0.1825,Zone_D
BLE_Beacon_08,0.4035,0.1373,Zone_D
BLE_Beacon_03,0.7154,0.0111,Zone_D
BLE_Beacon_01,0.6701,0.016,Zone_D
BLE_Beacon_02,0.6677,0.0163,Zone_C
BLE_Beacon_10,0.4935,0.0665,Zone_B
BLE_Beacon_05,0.3704,0.1794,Zone_C
BLE_Beacon_08,0.294,0.332,Zone_D
BLE_Beacon_02,0.3333,0.2419,Zone_D
BLE_Beacon_04,0.193,0.749,Zone_B
BLE_Beacon_01,0.0815,1.0,Zone_C
BLE_Beacon_08,0.3893,0.154,Zone_D
BLE_Beacon_07,0.834,0.0043,Zone_C
BLE_Beacon_07,0.4561,0.0899,Zone_A
BLE_Beacon_07,0.7668,0.0073,Zone_A
BLE_Beacon_07,0.8038,0.0055,Zone_B
BLE_Beacon_04,0.6709,0.0159,Zone_C
BLE_Beacon_06,0.4718,0.0792,Zone_D
BLE_Beacon_06,0.6186,0.0243,Zone_D
BLE_Beacon_07,0.6495,0.0189,Zone_B
BLE_Beacon_08,0.0985,1.0,Zone_C
BLE_Beacon_01,0.6194,0.0241,Zone_B
BLE_Beacon_05,0.5471,0.0432,Zone_B
BLE_Beacon_05,0.2658,0.4165,Zone_B
BLE_Beacon_01,0.1631,0.9528,Zone_A
BLE_Beacon_07,0.3839,0.1608,Zone_A
BLE_Beacon_09,0.7864,0.0063,Zone_D
BLE_Beacon_03,0.7234,0.0104,Zone_C
BLE_Beacon_05,0.4648,0.0838,Zone_D
BLE_Beacon_10,0.3134,0.2838,Zone_D
BLE_Beacon_02,0.1573,0.9988,Zone_C
BLE_Beacon_03,0.2828,0.3632,Zone_B
BLE_Beacon_07,0.6206,0.0239,Zone_A
BLE_Beacon_03,0.7129,0.0113,Zone_A
BLE_Beacon_02,0.1263,1.0,Zone_D
BLE_Beacon_09,0.3989,0.1425,Zone_C
BLE_Beacon_07,0.2055,0.6773,Zone_C
BLE_Beacon_03,0.6246,0.0231,Zone_B
BLE_Beacon_08,0.2144,0.6303,Zone_A
BLE_Beacon_08,0.517,0.055,Zone_B
BLE_Beacon_03,0.2293,0.559,Zone_B
BLE_Beacon_04,0.2752,0.3862,Zone_D
BLE_Beacon_08,0.5639,0.0377,Zone_A
BLE_Beacon_03,0.1341,1.0,Zone_A
BLE_Beacon_07,0.1694,0.906,Zone_A
BLE_Beacon_06,0.0947,1.0,Zone_B
BLE_Beacon_08,0.4527,0.0924,Zone_A
BLE_Beacon_01,0.1194,1.0,Zone_A
BLE_Beacon_10,0.6915,0.0135,Zone_A
BLE_Beacon_02,0.2373,0.5243,Zone_A
BLE_Beacon_07,0.5452,0.0438,Zone_C
BLE_Beacon_08,0.4433,0.0997,Zone_C
BLE_Beacon_10,0.4089,0.1315,Zone_C
BLE_Beacon_06,0.8567,0.0036,Zone_B
BLE_Beacon_06,0.594,0.0296,Zone_D
BLE_Beacon_10,0.1164,1.0,Zone_C
BLE_Beacon_06,0.7049,0.0121,Zone_A
BLE_Beacon_08,0.7554,0.0081,Zone_D
BLE_Beacon_03,0.0916,1.0,Zone_A
BLE_Beacon_09,0.291,0.34,Zone_B
BLE_Beacon_06,0.4265,0.1141,Zone_D
BLE_Beacon_09,0.396,0.1458,Zone_B
BLE_Beacon_01,0.8463,0.0039,Zone_C
BLE_Beacon_01,0.5694,0.0361,Zone_A
BLE_Beacon_06,0.6041,0.0273,Zone_B
BLE_Beacon_10,0.4521,0.0928,Zone_A
BLE_Beacon_06,0.4076,0.1328,Zone_D
BLE_Beacon_02,0.6484,0.0191,Zone_C
BLE_Beacon_10,0.2247,0.5801,Zone_B
BLE_Beacon_09,0.7599,0.0078,Zone_A
BLE_Beacon_03,0.4627,0.0853,Zone_A
BLE_Beacon_05,0.7254,0.0103,Zone_D
BLE_Beacon_03,0.7757,0.0068,Zone_A
BLE_Beacon_08,0.5921,0.03,Zone_B
BLE_Beacon_04,0.2377,0.5224,Zone_A
BLE_Beacon_02,0.4131,0.1271,Zone_A
BLE_Beacon_03,0.8014,0.0056,Zone_C
BLE_Beacon_07,0.6735,0.0156,Zone_B
BLE_Beacon_05,0.5947,0.0294,Zone_A
BLE_Beacon_03,0.7964,0.0058,Zone_D
BLE_Beacon_02,0.6965,0.0129,Zone_C
BLE_Beacon_04,0.8035,0.0055,Zone_A
BLE_Beacon_06,0.3677,0.1833,Zone_D
BLE_Beacon_09,0.8306,0.0044,Zone_D
BLE_Beacon_04,0.2471,0.4844,Zone_A
BLE_Beacon_05,0.1403,1.0,Zone_A
BLE_Beacon_06,0.6533,0.0183,Zone_B
BLE_Beacon_02,0.5215,0.0531,Zone_B
BLE_Beacon_06,0.8211,0.0047,Zone_A
BLE_Beacon_05,0.1201,1.0,Zone_B
BLE_Beacon_07,0.8413,0.004,Zone_C
BLE_Beacon_06,0.698,0.0128,Zone_B
BLE_Beacon_09,0.5929,0.0298,Zone_B
BLE_Beacon_02,0.382,0.1633,Zone_D
BLE_Beacon_06,0.1851,0.7981,Zone_C
BLE_Beacon_04,0.4642,0.0842,Zone_D
BLE_Beacon_03,0.544,0.0443,Zone_B
BLE_Beacon_01,0.542,0.045,Zone_C
BLE_Beacon_09,0.8495,0.0038,Zone_A
BLE_Beacon_05,0.8547,0.0036,Zone_D
BLE_Beacon_04,0.4604,0.0868,Zone_D
BLE_Beacon_01,0.8423,0.004,Zone_C
BLE_Beacon_03,0.7219,0.0106,Zone_B
BLE_Beacon_04,0.6217,0.0237,Zone_A
BLE_Beacon_03,0.7446,0.0088,Zone_D
BLE_Beacon_05,0.8449,0.0039,Zone_B
BLE_Beacon_01,0.502,0.0621,Zone_C
BLE_Beacon_07,0.6041,0.0273,Zone_C
BLE_Beacon_07,0.3787,0.1677,Zone_C
BLE_Beacon_05,0.6186,0.0243,Zone_B
BLE_Beacon_09,0.3808,0.1649,Zone_B
BLE_Beacon_06,0.6625,0.017,Zone_A
BLE_Beacon_05,0.4309,0.1101,Zone_B
BLE_Beacon_10,0.1795,0.835,Zone_D
BLE_Beacon_05,0.7764,0.0068,Zone_B
BLE_Beacon_04,0.7034,0.0122,Zone_B
BLE_Beacon_01,0.356,0.2013,Zone_A
BLE_Beacon_03,0.3673,0.1839,Zone_D
BLE_Beacon_03,0.799,0.0057,Zone_A
BLE_Beacon_06,0.8368,0.0042,Zone_B
BLE_Beacon_01,0.1636,0.9491,Zone_C
BLE_Beacon_10,0.4123,0.1279,Zone_B
BLE_Beacon_07,0.2639,0.4229,Zone_A
BLE_Beacon_04,0.3831,0.1619,Zone_C
BLE_Beacon_10,0.8214,0.0047,Zone_D
BLE_Beacon_02,0.6825,0.0145,Zone_D
BLE_Beacon_05,0.5683,0.0364,Zone_D
BLE_Beacon_06,0.0805,1.0,Zone_A
BLE_Beacon_02,0.1673,0.9212,Zone_B
BLE_Beacon_01,0.5325,0.0485,Zone_D
BLE_Beacon_05,0.6165,0.0247,Zone_A
BLE_Beacon_10,0.2137,0.6338,Zone_D
BLE_Beacon_07,0.3059,0.3016,Zone_B
BLE_Beacon_02,0.327,0.2545,Zone_B
BLE_Beacon_07,0.7101,0.0116,Zone_A
BLE_Beacon_07,0.5083,0.059,Zone_D
BLE_Beacon_02,0.4791,0.0746,Zone_A
BLE_Beacon_04,0.8302,0.0044,Zone_A
BLE_Beacon_03,0.7487,0.0085,Zone_B
BLE_Beacon_01,0.5073,0.0595,Zone_C
BLE_Beacon_02,0.1022,1.0,Zone_B
BLE_Beacon_03,0.1404,1.0,Zone_C
BLE_Beacon_01,0.1379,1.0,Zone_A
BLE_Beacon_09,0.306,0.3012,Zone_B
BLE_Beacon_07,0.8392,0.0041,Zone_A
BLE_Beacon_04,0.3076,0.2974,Zone_C
BLE_Beacon_09,0.421,0.1193,Zone_D
BLE_Beacon_06,0.4821,0.0729,Zone_C
BLE_Beacon_10,0.4943,0.0661,Zone_B
BLE_Beacon_02,0.5921,0.03,Zone_A
BLE_Beacon_04,0.1003,1.0,Zone_B
BLE_Beacon_05,0.7441,0.0088,Zone_B
BLE_Beacon_03,0.5445,0.0441,Zone_B
BLE_Beacon_10,0.3536,0.2054,Zone_B
BLE_Beacon_10,0.403,0.1379,Zone_C
BLE_Beacon_05,0.3714,0.1779,Zone_B
BLE_Beacon_07,0.4298,0.1111,Zone_C
BLE_Beacon_07,0.8102,0.0052,Zone_B
BLE_Beacon_09,0.2315,0.5491,Zone_C
BLE_Beacon_04,0.6328,0.0216,Zone_B
BLE_Beacon_07,0.7169,0.011,Zone_C
BLE_Beacon_07,0.3692,0.1811,Zone_B
BLE_Beacon_02,0.2837,0.3607,Zone_A
BLE_Beacon_09,0.391,0.1518,Zone_C
BLE_Beacon_02,0.3565,0.2006,Zone_C
BLE_Beacon_05,0.1864,0.7899,Zone_B
BLE_Beacon_05,0.0792,1.0,Zone_D
BLE_Beacon_04,0.3689,0.1815,Zone_A
BLE_Beacon_02,0.2095,0.6558,Zone_C
BLE_Beacon_10,0.7168,0.011,Zone_D
BLE_Beacon_02,0.487,0.07,Zone_C
BLE_Beacon_09,0.2844,0.3586,Zone_A
BLE_Beacon_01,0.2056,0.6768,Zone_D
BLE_Beacon_03,0.3426,0.2243,Zone_D
BLE_Beacon_08,0.5368,0.0469,Zone_C
BLE_Beacon_01,0.6109,0.0258,Zone_B
BLE_Beacon_03,0.1835,0.8085,Zone_C
BLE_Beacon_01,0.7931,0.0059,Zone_C
BLE_Beacon_04,0.6043,0.0272,Zone_D
BLE_Beacon_08,0.2153,0.6258,Zone_C
BLE_Beacon_08,0.466,0.083,Zone_C
BLE_Beacon_07,0.4805,0.0739,Zone_B
BLE_Beacon_05,0.5709,0.0356,Zone_A
BLE_Beacon_05,0.3908,0.1521,Zone_C
BLE_Beacon_02,0.5701,0.0359,Zone_A
BLE_Beacon_04,0.8138,0.005,Zone_B
BLE_Beacon_10,0.1165,1.0,Zone_C
BLE_Beacon_09,0.8018,0.0055,Zone_A
BLE_Beacon_07,0.6034,0.0274,Zone_B
BLE_Beacon_08,0.4626,0.0853,Zone_A
BLE_Beacon_07,0.0824,1.0,Zone_B
BLE_Beacon_01,0.6326,0.0217,Zone_C
BLE_Beacon_04,0.8526,0.0037,Zone_A
BLE_Beacon_10,0.4239,0.1165,Zone_B
BLE_Beacon_09,0.7816,0.0065,Zone_B
BLE_Beacon_02,0.3598,0.1953,Zone_B
BLE_Beacon_09,0.349,0.213,Zone_A
BLE_Beacon_07,0.4608,0.0866,Zone_B
BLE_Beacon_06,0.8334,0.0043,Zone_C
BLE_Beacon_04,0.7249,0.0103,Zone_A
BLE_Beacon_05,0.3065,0.3001,Zone_C
BLE_Beacon_05,0.2388,0.5177,Zone_D
BLE_Beacon_04,0.7967,0.0058,Zone_A
BLE_Beacon_08,0.7727,0.007,Zone_D
BLE_Beacon_01,0.3509,0.2098,Zone_D
BLE_Beacon_06,0.3058,0.3017,Zone_A
BLE_Beacon_01,0.3462,0.2179,Zone_B
BLE_Beacon_07,0.35,0.2114,Zone_A
BLE_Beacon_07,0.458,0.0885,Zone_A
BLE_Beacon_09,0.4755,0.0768,Zone_B
BLE_Beacon_07,0.1687,0.9108,Zone_D
BLE_Beacon_01,0.1937,0.7448,Zone_C
BLE_Beacon_04,0.4413,0.1013,Zone_C
BLE_Beacon_05,0.3578,0.1984,Zone_B
BLE_Beacon_09,0.7091,0.0117,Zone_A
BLE_Beacon_08,0.5871,0.0313,Zone_D
BLE_Beacon_03,0.1813,0.8229,Zone_D
BLE_Beacon_01,0.3537,0.2052,Zone_B
BLE_Beacon_02,0.2204,0.6007,Zone_A
BLE_Beacon_03,0.3814,0.1641,Zone_C
BLE_Beacon_01,0.1974,0.723,Zone_B
BLE_Beacon_08,0.8255,0.0046,Zone_C
BLE_Beacon_02,0.4023,0.1387,Zone_D
BLE_Beacon_03,0.3267,0.255,Zone_D
BLE_Beacon_09,0.6419,0.0201,Zone_D
BLE_Beacon_03,0.1576,0.9959,Zone_A
BLE_Beacon_01,0.1705,0.8978,Zone_C
BLE_Beacon_09,0.0822,1.0,Zone_B
BLE_Beacon_01,0.6044,0.0272,Zone_C
BLE_Beacon_07,0.8386,0.0041,Zone_A
BLE_Beacon_07,0.4487,0.0954,Zone_C
BLE_Beacon_08,0.1363,1.0,Zone_D
BLE_Beacon_04,0.5567,0.04,Zone_B
BLE_Beacon_04,0.2923,0.3364,Zone_A
BLE_Beacon_05,0.8526,0.0037,Zone_B
BLE_Beacon_07,0.2273,0.568,Zone_A
BLE_Beacon_09,0.5516,0.0416,Zone_B
BLE_Beacon_10,0.5656,0.0372,Zone_B
BLE_Beacon_04,0.1661,0.9305,Zone_D
BLE_Beacon_01,0.2866,0.3523,Zone_B
BLE_Beacon_03,0.4064,0.1342,Zone_B
BLE_Beacon_02,0.7506,0.0084,Zone_D
BLE_Beacon_07,0.4839,0.0718,Zone_B
BLE_Beacon_04,0.3356,0.2374,Zone_D
BLE_Beacon_01,0.472,0.079,Zone_A
BLE_Beacon_05,0.1579,0.9939,Zone_C
BLE_Beacon_05,0.8124,0.0051,Zone_D
BLE_Beacon_04,0.3227,0.2633,Zone_A
BLE_Beacon_03,0.1036,1.0,Zone_A
BLE_Beacon_06,0.238,0.5213,Zone_D
BLE_Beacon_05,0.7852,0.0063,Zone_A
BLE_Beacon_07,0.2167,0.619,Zone_D
BLE_Beacon_06,0.3341,0.2403,Zone_A
BLE_Beacon_02,0.597,0.0289,Zone_B
BLE_Beacon_06,0.3547,0.2034,Zone_C
BLE_Beacon_10,0.487,0.0701,Zone_C
BLE_Beacon_04,0.5823,0.0325,Zone_B
BLE_Beacon_10,0.3732,0.1753,Zone_A
BLE_Beacon_03,0.5661,0.037,Zone_A
BLE_Beacon_01,0.5323,0.0486,Zone_B
BLE_Beacon_04,0.6251,0.023,Zone_A
BLE_Beacon_02,0.8114,0.0051,Zone_C
BLE_Beacon_05,0.6413,0.0202,Zone_B
BLE_Beacon_09,0.6377,0.0208,Zone_A
BLE_Beacon_03,0.2221,0.5927,Zone_C
BLE_Beacon_09,0.8376,0.0042,Zone_C
BLE_Beacon_08,0.5663,0.037,Zone_A
BLE_Beacon_07,0.1246,1.0,Zone_D
BLE_Beacon_09,0.8032,0.0055,Zone_A
BLE_Beacon_03,0.5422,0.0449,Zone_B
BLE_Beacon_05,0.1071,1.0,Zone_A
BLE_Beacon_04,0.6534,0.0183,Zone_D
BLE_Beacon_08,0.6094,0.0261,Zone_A
BLE_Beacon_03,0.4154,0.1248,Zone_D
BLE_Beacon_09,0.6838,0.0143,Zone_D
BLE_Beacon_10,0.2847,0.3576,Zone_B
BLE_Beacon_01,0.1971,0.7244,Zone_B
BLE_Beacon_10,0.6189,0.0242,Zone_D
BLE_Beacon_09,0.6275,0.0226,Zone_C
BLE_Beacon_05,0.7412,0.009,Zone_C
BLE_Beacon_05,0.5053,0.0605,Zone_B
BLE_Beacon_04,0.1073,1.0,Zone_B
BLE_Beacon_05,0.1021,1.0,Zone_B
BLE_Beacon_05,0.8,0.0056,Zone_C
BLE_Beacon_01,0.5762,0.0341,Zone_B
BLE_Beacon_04,0.4915,0.0676,Zone_A
BLE_Beacon_06,0.5685,0.0363,Zone_C
BLE_Beacon_06,0.1368,1.0,Zone_C
BLE_Beacon_03,0.3923,0.1503,Zone_C
BLE_Beacon_06,0.8456,0.0039,Zone_A
BLE_Beacon_06,0.2437,0.4977,Zone_C
BLE_Beacon_03,0.2726,0.3945,Zone_A
BLE_Beacon_09,0.5879,0.0311,Zone_A
BLE_Beacon_07,0.8144,0.005,Zone_C
BLE_Beacon_10,0.5043,0.061,Zone_D
BLE_Beacon_04,0.3262,0.256,Zone_B
BLE_Beacon_10,0.5663,0.037,Zone_D
BLE_Beacon_03,0.4219,0.1184,Zone_D
BLE_Beacon_06,0.188,0.78,Zone_D
BLE_Beacon_02,0.4611,0.0863,Zone_D
BLE_Beacon_03,0.7123,0.0114,Zone_B
BLE_Beacon_04,0.519,0.0541,Zone_B
BLE_Beacon_05,0.088,1.0,Zone_B
BLE_Beacon_03,0.7137,0.0113,Zone_B
BLE_Beacon_02,0.1842,0.8041,Zone_D
BLE_Beacon_04,0.4289,0.1119,Zone_D
BLE_Beacon_02,0.6405,0.0203,Zone_B
BLE_Beacon_01,0.5454,0.0437,Zone_D
BLE_Beacon_07,0.0877,1.0,Zone_A
BLE_Beacon_01,0.1753,0.864,Zone_A
BLE_Beacon_05,0.1835,0.8086,Zone_A
BLE_Beacon_01,0.8238,0.0046,Zone_A
BLE_Beacon_09,0.6498,0.0189,Zone_C
BLE_Beacon_02,0.2304,0.5541,Zone_D
BLE_Beacon_10,0.7726,0.007,Zone_B
BLE_Beacon_05,0.3321,0.2442,Zone_B
BLE_Beacon_04,0.1153,1.0,Zone_C
BLE_Beacon_09,0.1681,0.9153,Zone_A
BLE_Beacon_02,0.4994,0.0634,Zone_A
BLE_Beacon_09,0.7679,0.0073,Zone_D
BLE_Beacon_03,0.0724,1.0,Zone_B
BLE_Beacon_01,0.2495,0.4749,Zone_D
BLE_Beacon_03,0.349,0.213,Zone_C
BLE_Beacon_04,0.7956,0.0058,Zone_D
BLE_Beacon_02,0.4579,0.0886,Zone_A
BLE_Beacon_04,0.1514,1.0,Zone_C
BLE_Beacon_06,0.1314,1.0,Zone_C
BLE_Beacon_02,0.3547,0.2035,Zone_A
BLE_Beacon_01,0.5464,0.0434,Zone_B
BLE_Beacon_07,0.4882,0.0694,Zone_B
BLE_Beacon_07,0.1895,0.7707,Zone_C
BLE_Beacon_10,0.7138,0.0113,Zone_C
BLE_Beacon_02,0.2844,0.3585,Zone_D
BLE_Beacon_06,0.8044,0.0054,Zone_A
BLE_Beacon_01,0.7485,0.0085,Zone_B
BLE_Beacon_03,0.3231,0.2626,Zone_D
BLE_Beacon_08,0.6382,0.0207,Zone_D
BLE_Beacon_02,0.1603,0.9745,Zone_D
BLE_Beacon_05,0.1851,0.7983,Zone_C
BLE_Beacon_03,0.2143,0.6307,Zone_D
BLE_Beacon_06,0.3223,0.2642,Zone_D
BLE_Beacon_08,0.6163,0.0247,Zone_D
BLE_Beacon_10,0.6949,0.0131,Zone_C
BLE_Beacon_03,0.7017,0.0124,Zone_B
BLE_Beacon_07,0.4004,0.1408,Zone_D
BLE_Beacon_09,0.4908,0.0679,Zone_B
BLE_Beacon_07,0.1371,1.0,Zone_D
BLE_Beacon_09,0.5255,0.0514,Zone_B
BLE_Beacon_02,0.2562,0.45,Zone_A
BLE_Beacon_04,0.8524,0.0037,Zone_A
BLE_Beacon_06,0.5102,0.0581,Zone_B
BLE_Beacon_02,0.1182,1.0,Zone_C
BLE_Beacon_06,0.7383,0.0092,Zone_B
BLE_Beacon_05,0.4332,0.1081,Zone_D
BLE_Beacon_04,0.237,0.5254,Zone_B
BLE_Beacon_01,0.6584,0.0176,Zone_A
BLE_Beacon_03,0.368,0.1828,Zone_A
BLE_Beacon_07,0.3635,0.1896,Zone_A
BLE_Beacon_10,0.1294,1.0,Zone_B
BLE_Beacon_01,0.1868,0.7872,Zone_B
BLE_Beacon_02,0.264,0.4228,Zone_A
BLE_Beacon_10,0.7244,0.0103,Zone_D
BLE_Beacon_03,0.6728,0.0157,Zone_D
BLE_Beacon_03,0.6592,0.0175,Zone_C
BLE_Beacon_08,0.3948,0.1473,Zone_C
BLE_Beacon_08,0.6854,0.0142,Zone_A
BLE_Beacon_05,0.1589,0.9863,Zone_A
BLE_Beacon_01,0.5461,0.0435,Zone_B
BLE_Beacon_09,0.1974,0.7228,Zone_D
BLE_Beacon_07,0.6056,0.0269,Zone_D
BLE_Beacon_09,0.6304,0.0221,Zone_C
BLE_Beacon_10,0.4658,0.0831,Zone_B
BLE_Beacon_07,0.8033,0.0055,Zone_C
BLE_Beacon_02,0.4812,0.0734,Zone_B
BLE_Beacon_04,0.386,0.1581,Zone_A
BLE_Beacon_04,0.3797,0.1664,Zone_A
BLE_Beacon_08,0.4465,0.0971,Zone_D
BLE_Beacon_07,0.2009,0.7026,Zone_C
BLE_Beacon_07,0.2244,0.5814,Zone_A
BLE_Beacon_02,0.1326,1.0,Zone_C
BLE_Beacon_01,0.2596,0.4378,Zone_B
BLE_Beacon_09,0.1551,1.0,Zone_B
BLE_Beacon_10,0.0801,1.0,Zone_C
BLE_Beacon_04,0.5049,0.0607,Zone_A
BLE_Beacon_04,0.2829,0.3629,Zone_A
BLE_Beacon_10,0.8465,0.0039,Zone_D
BLE_Beacon_01,0.1092,1.0,Zone_A
BLE_Beacon_05,0.0781,1.0,Zone_C
BLE_Beacon_05,0.8247,0.0046,Zone_B
BLE_Beacon_06,0.6622,0.0171,Zone_C
BLE_Beacon_03,0.6235,0.0233,Zone_A
BLE_Beacon_06,0.3914,0.1513,Zone_A
BLE_Beacon_09,0.7059,0.012,Zone_B
BLE_Beacon_01,0.5328,0.0484,Zone_D
BLE_Beacon_08,0.5321,0.0487,Zone_A
BLE_Beacon_05,0.1981,0.7188,Zone_D
BLE_Beacon_02,0.7669,0.0073,Zone_A
BLE_Beacon_04,0.7663,0.0074,Zone_B
BLE_Beacon_03,0.852,0.0037,Zone_C
BLE_Beacon_08,0.6885,0.0138,Zone_C
BLE_Beacon_05,0.3545,0.2038,Zone_D
BLE_Beacon_01,0.7712,0.0071,Zone_D
BLE_Beacon_04,0.2355,0.5318,Zone_A
BLE_Beacon_03,0.5169,0.0551,Zone_D
BLE_Beacon_02,0.7037,0.0122,Zone_B
BLE_Beacon_05,0.5013,0.0624,Zone_A
BLE_Beacon_08,0.1454,1.0,Zone_C
BLE_Beacon_03,0.8053,0.0054,Zone_B
BLE_Beacon_02,0.2915,0.3386,Zone_C
BLE_Beacon_06,0.1415,1.0,Zone_B
BLE_Beacon_08,0.2741,0.3896,Zone_D
BLE_Beacon_05,0.671,0.0159,Zone_D
BLE_Beacon_03,0.8099,0.0052,Zone_D
BLE_Beacon_01,0.357,0.1997,Zone_C
BLE_Beacon_07,0.3928,0.1497,Zone_B
BLE_Beacon_08,0.3596,0.1957,Zone_C
BLE_Beacon_06,0.137,1.0,Zone_D
BLE_Beacon_09,0.4251,0.1154,Zone_A
BLE_Beacon_10,0.8394,0.0041,Zone_A
BLE_Beacon_04,0.6212,0.0238,Zone_A
BLE_Beacon_03,0.7417,0.009,Zone_C
BLE_Beacon_07,0.1957,0.7327,Zone_D
BLE_Beacon_02,0.2467,0.486,Zone_D
BLE_Beacon_02,0.3456,0.219,Zone_D
BLE_Beacon_09,0.7787,0.0067,Zone_D
BLE_Beacon_02,0.1389,1.0,Zone_A
BLE_Beacon_07,0.675,0.0154,Zone_B
BLE_Beacon_07,0.3297,0.2489,Zone_C
BLE_Beacon_06,0.8543,0.0036,Zone_D
BLE_Beacon_04,0.6232,0.0234,Zone_D
BLE_Beacon_02,0.2902,0.3423,Zone_A
BLE_Beacon_09,0.1938,0.7442,Zone_D
BLE_Beacon_03,0.5745,0.0346,Zone_C
BLE_Beacon_10,0.096,1.0,Zone_D
BLE_Beacon_01,0.8072,0.0053,Zone_C
BLE_Beacon_07,0.8403,0.0041,Zone_B
BLE_Beacon_01,0.2376,0.5229,Zone_A
BLE_Beacon_07,0.2835,0.3613,Zone_B
BLE_Beacon_02,0.1828,0.8132,Zone_C
BLE_Beacon_07,0.1356,1.0,Zone_D
BLE_Beacon_07,0.4838,0.0719,Zone_C
BLE_Beacon_03,0.724,0.0104,Zone_A
BLE_Beacon_07,0.3402,0.2288,Zone_C
BLE_Beacon_03,0.2275,0.5673,Zone_D
BLE_Beacon_08,0.445,0.0983,Zone_B
BLE_Beacon_07,0.3501,0.2112,Zone_D
BLE_Beacon_01,0.5121,0.0572,Zone_B
BLE_Beacon_02,0.6393,0.0205,Zone_B
BLE_Beacon_06,0.5932,0.0298,Zone_C
BLE_Beacon_01,0.1897,0.7693,Zone_D
BLE_Beacon_03,0.4639,0.0844,Zone_C
BLE_Beacon_02,0.6937,0.0132,Zone_D
BLE_Beacon_05,0.4805,0.0738,Zone_A
BLE_Beacon_08,0.8126,0.0051,Zone_B
BLE_Beacon_08,0.5734,0.0349,Zone_A
BLE_Beacon_01,0.2432,0.4998,Zone_B
BLE_Beacon_07,0.6186,0.0243,Zone_B
BLE_Beacon_10,0.3681,0.1827,Zone_C
BLE_Beacon_04,0.8197,0.0048,Zone_A
BLE_Beacon_06,0.7108,0.0115,Zone_A
BLE_Beacon_05,0.7759,0.0068,Zone_A
BLE_Beacon_08,0.5813,0.0328,Zone_D
BLE_Beacon_07,0.3939,0.1484,Zone_C
BLE_Beacon_09,0.406,0.1346,Zone_C
BLE_Beacon_02,0.7993,0.0057,Zone_D
BLE_Beacon_07,0.3646,0.1879,Zone_B
BLE_Beacon_09,0.4139,0.1263,Zone_C
BLE_Beacon_07,0.5697,0.036,Zone_A
BLE_Beacon_02,0.7047,0.0121,Zone_A
BLE_Beacon_02,0.5818,0.0326,Zone_D
BLE_Beacon_02,0.4615,0.0861,Zone_A
BLE_Beacon_08,0.4669,0.0824,Zone_A
BLE_Beacon_05,0.7406,0.0091,Zone_B
BLE_Beacon_04,0.6818,0.0146,Zone_D
BLE_Beacon_02,0.2251,0.5784,Zone_D
BLE_Beacon_02,0.3469,0.2167,Zone_D
BLE_Beacon_07,0.7849,0.0064,Zone_D
BLE_Beacon_01,0.8097,0.0052,Zone_B
BLE_Beacon_09,0.2943,0.3312,Zone_C
BLE_Beacon_05,0.7302,0.0099,Zone_D
BLE_Beacon_04,0.0747,1.0,Zone_D
BLE_Beacon_01,0.0836,1.0,Zone_B
BLE_Beacon_06,0.732,0.0097,Zone_C
BLE_Beacon_06,0.2053,0.6782,Zone_D
BLE_Beacon_04,0.5081,0.0591,Zone_D
BLE_Beacon_04,0.5556,0.0403,Zone_D
BLE_Beacon_01,0.701,0.0125,Zone_D
BLE_Beacon_03,0.8095,0.0052,Zone_D
BLE_Beacon_03,0.3882,0.1554,Zone_C
BLE_Beacon_09,0.1959,0.7316,Zone_B
BLE_Beacon_02,0.6293,0.0223,Zone_B
BLE_Beacon_09,0.1644,0.9429,Zone_D
BLE_Beacon_05,0.7293,0.0099,Zone_B
BLE_Beacon_06,0.2315,0.5491,Zone_A
BLE_Beacon_01,0.4151,0.1251,Zone_B
BLE_Beacon_01,0.5571,0.0398,Zone_A
BLE_Beacon_10,0.3719,0.1772,Zone_B
BLE_Beacon_08,0.5699,0.0359,Zone_C
BLE_Beacon_03,0.2598,0.4373,Zone_B
BLE_Beacon_05,0.2237,0.5848,Zone_B
BLE_Beacon_07,0.6767,0.0152,Zone_A
BLE_Beacon_05,0.1366,1.0,Zone_B
BLE_Beacon_01,0.573,0.035,Zone_A
BLE_Beacon_02,0.4322,0.109,Zone_A
BLE_Beacon_02,0.1829,0.8127,Zone_C
BLE_Beacon_03,0.1443,1.0,Zone_D
BLE_Beacon_06,0.7886,0.0062,Zone_B
BLE_Beacon_07,0.1505,1.0,Zone_A
BLE_Beacon_07,0.1292,1.0,Zone_A
BLE_Beacon_04,0.6115,0.0257,Zone_D
BLE_Beacon_06,0.5692,0.0361,Zone_D
BLE_Beacon_03,0.2127,0.639,Zone_A
BLE_Beacon_03,0.5897,0.0306,Zone_A
BLE_Beacon_02,0.8382,0.0041,Zone_C
BLE_Beacon_08,0.8531,0.0037,Zone_A
BLE_Beacon_03,0.4814,0.0733,Zone_C
BLE_Beacon_02,0.2229,0.5884,Zone_A
BLE_Beacon_09,0.0895,1.0,Zone_B
BLE_Beacon_04,0.7525,0.0082,Zone_A
BLE_Beacon_04,0.0946,1.0,Zone_B
BLE_Beacon_04,0.137,1.0,Zone_B
BLE_Beacon_05,0.2865,0.3527,Zone_B
BLE_Beacon_02,0.3453,0.2195,Zone_C
BLE_Beacon_08,0.6569,0.0178,Zone_D
BLE_Beacon_07,0.4742,0.0777,Zone_D
BLE_Beacon_04,0.2679,0.4095,Zone_B
BLE_Beacon_05,0.8272,0.0045,Zone_A
BLE_Beacon_10,0.6946,0.0131,Zone_C
BLE_Beacon_03,0.6954,0.0131,Zone_D
BLE_Beacon_07,0.7651,0.0074,Zone_D
BLE_Beacon_10,0.6584,0.0176,Zone_C
BLE_Beacon_10,0.1559,1.0,Zone_D
BLE_Beacon_07,0.2284,0.5633,Zone_C
BLE_Beacon_06,0.7769,0.0068,Zone_A
BLE_Beacon_08,0.2028,0.6919,Zone_A
BLE_Beacon_09,0.2703,0.4019,Zone_D
BLE_Beacon_05,0.5459,0.0436,Zone_C
BLE_Beacon_07,0.095,1.0,Zone_B
BLE_Beacon_06,0.4088,0.1316,Zone_B
BLE_Beacon_06,0.2642,0.4221,Zone_B
BLE_Beacon_06,0.3637,0.1893,Zone_C
BLE_Beacon_02,0.079,1.0,Zone_A
BLE_Beacon_06,0.2394,0.5154,Zone_C
BLE_Beacon_04,0.5127,0.0569,Zone_D
BLE_Beacon_05,0.5443,0.0442,Zone_B
BLE_Beacon_02,0.5122,0.0572,Zone_A
BLE_Beacon_10,0.7728,0.007,Zone_D
BLE_Beacon_07,0.3211,0.2667,Zone_C
BLE_Beacon_04,0.2263,0.5727,Zone_D
BLE_Beacon_08,0.1082,1.0,Zone_C
BLE_Beacon_07,0.1651,0.9376,Zone_D
BLE_Beacon_03,0.544,0.0443,Zone_D
BLE_Beacon_04,0.5243,0.0519,Zone_C
BLE_Beacon_01,0.5772,0.0339,Zone_A
BLE_Beacon_08,0.2949,0.3296,Zone_D
BLE_Beacon_01,0.7753,0.0069,Zone_A
BLE_Beacon_06,0.578,0.0336,Zone_A
BLE_Beacon_08,0.1462,1.0,Zone_D
BLE_Beacon_05,0.2872,0.3505,Zone_C
BLE_Beacon_07,0.1341,1.0,Zone_C
BLE_Beacon_08,0.5525,0.0413,Zone_D
BLE_Beacon_05,0.6186,0.0243,Zone_D
BLE_Beacon_08,0.7382,0.0093,Zone_A
BLE_Beacon_06,0.8082,0.0053,Zone_A
BLE_Beacon_01,0.2474,0.483,Zone_A
BLE_Beacon_03,0.154,1.0,Zone_C
BLE_Beacon_07,0.2493,0.476,Zone_A
BLE_Beacon_04,0.6404,0.0204,Zone_C
BLE_Beacon_09,0.8489,0.0038,Zone_A
BLE_Beacon_05,0.7655,0.0074,Zone_A
BLE_Beacon_02,0.1091,1.0,Zone_C
BLE_Beacon_02,0.2786,0.3756,Zone_D
BLE_Beacon_05,0.6204,0.0239,Zone_B
BLE_Beacon_10,0.4334,0.1079,Zone_B
BLE_Beacon_06,0.7486,0.0085,Zone_D
BLE_Beacon_08,0.5965,0.029,Zone_B
BLE_Beacon_10,0.4469,0.0968,Zone_D
BLE_Beacon_05,0.3244,0.2599,Zone_D
BLE_Beacon_04,0.1436,1.0,Zone_C
BLE_Beacon_02,0.3488,0.2134,Zone_B
BLE_Beacon_04,0.6175,0.0245,Zone_A
BLE_Beacon_08,0.1188,1.0,Zone_A
BLE_Beacon_04,0.4393,0.1029,Zone_D
BLE_Beacon_04,0.4546,0.091,Zone_C
BLE_Beacon_04,0.711,0.0115,Zone_C
BLE_Beacon_05,0.6281,0.0225,Zone_B
BLE_Beacon_09,0.1544,1.0,Zone_B
BLE_Beacon_04,0.7917,0.006,Zone_D
BLE_Beacon_08,0.7533,0.0082,Zone_B
BLE_Beacon_07,0.2191,0.6069,Zone_C
BLE_Beacon_07,0.2004,0.7054,Zone_C
BLE_Beacon_10,0.5809,0.0329,Zone_B
BLE_Beacon_08,0.7599,0.0078,Zone_A
BLE_Beacon_04,0.0845,1.0,Zone_D
BLE_Beacon_03,0.281,0.3685,Zone_D
BLE_Beacon_09,0.4271,0.1136,Zone_C
BLE_Beacon_02,0.7997,0.0056,Zone_A
BLE_Beacon_06,0.4104,0.1299,Zone_B
BLE_Beacon_07,0.466,0.083,Zone_C
BLE_Beacon_01,0.4182,0.122,Zone_C
BLE_Beacon_02,0.11,1.0,Zone_D
BLE_Beacon_07,0.2238,0.5844,Zone_B
BLE_Beacon_07,0.2102,0.652,Zone_C
BLE_Beacon_09,0.5487,0.0426,Zone_D
BLE_Beacon_02,0.6066,0.0267,Zone_B
BLE_Beacon_02,0.244,0.4968,Zone_A
BLE_Beacon_01,0.5234,0.0523,Zone_B
BLE_Beacon_02,0.4895,0.0686,Zone_C
BLE_Beacon_04,0.7649,0.0075,Zone_D
BLE_Beacon_07,0.3801,0.1658,Zone_B
BLE_Beacon_05,0.4605,0.0868,Zone_B
BLE_Beacon_04,0.3446,0.2208,Zone_C
BLE_Beacon_10,0.2977,0.3222,Zone_A
BLE_Beacon_02,0.2168,0.6181,Zone_D
BLE_Beacon_05,0.7413,0.009,Zone_B
BLE_Beacon_03,0.319,0.2713,Zone_A
BLE_Beacon_03,0.2186,0.6093,Zone_D
BLE_Beacon_03,0.8275,0.0045,Zone_D
BLE_Beacon_07,0.3339,0.2406,Zone_B
BLE_Beacon_05,0.7638,0.0075,Zone_B
BLE_Beacon_01,0.5381,0.0464,Zone_D
BLE_Beacon_10,0.0722,1.0,Zone_B
BLE_Beacon_08,0.1574,0.9981,Zone_A
BLE_Beacon_10,0.6058,0.0269,Zone_C
BLE_Beacon_04,0.4841,0.0717,Zone_B
BLE_Beacon_03,0.6806,0.0147,Zone_A
BLE_Beacon_05,0.7031,0.0123,Zone_C
BLE_Beacon_08,0.4569,0.0893,Zone_C
BLE_Beacon_09,0.2736,0.3911,Zone_D
BLE_Beacon_05,0.3577,0.1987,Zone_A
BLE_Beacon_06,0.308,0.2964,Zone_C
BLE_Beacon_09,0.68,0.0148,Zone_D
BLE_Beacon_02,0.2835,0.3611,Zone_A
BLE_Beacon_03,0.8404,0.0041,Zone_B
BLE_Beacon_03,0.3521,0.2078,Zone_A
BLE_Beacon_04,0.5252,0.0515,Zone_D
BLE_Beacon_06,0.2335,0.5403,Zone_A
BLE_Beacon_04,0.7948,0.0059,Zone_D
BLE_Beacon_02,0.83,0.0044,Zone_D
BLE_Beacon_09,0.2089,0.659,Zone_C
BLE_Beacon_06,0.3787,0.1678,Zone_D
BLE_Beacon_05,0.3145,0.2814,Zone_A
BLE_Beacon_10,0.4801,0.0741,Zone_C
BLE_Beacon_10,0.168,0.9159,Zone_D
BLE_Beacon_10,0.8321,0.0043,Zone_C
BLE_Beacon_05,0.158,0.9931,Zone_A
BLE_Beacon_08,0.8,0.0056,Zone_B
BLE_Beacon_08,0.6064,0.0268,Zone_C
BLE_Beacon_10,0.51,0.0582,Zone_B
BLE_Beacon_05,0.4539,0.0915,Zone_A
BLE_Beacon_05,0.0837,1.0,Zone_A
BLE_Beacon_04,0.2938,0.3324,Zone_A
BLE_Beacon_01,0.4551,0.0906,Zone_A
BLE_Beacon_07,0.3482,0.2144,Zone_A
BLE_Beacon_01,0.269,0.406,Zone_C
BLE_Beacon_05,0.6884,0.0138,Zone_B
BLE_Beacon_02,0.6318,0.0218,Zone_B
BLE_Beacon_04,0.4109,0.1294,Zone_A
BLE_Beacon_05,0.2434,0.499,Zone_D
BLE_Beacon_06,0.2669,0.413,Zone_D
BLE_Beacon_07,0.385,0.1594,Zone_A
BLE_Beacon_05,0.7944,0.0059,Zone_C
BLE_Beacon_03,0.5145,0.0561,Zone_C
BLE_Beacon_10,0.1808,0.8265,Zone_B
BLE_Beacon_05,0.178,0.845,Zone_B
BLE_Beacon_05,0.3111,0.2892,Zone_C
BLE_Beacon_10,0.7999,0.0056,Zone_D
BLE_Beacon_09,0.2155,0.6248,Zone_D
BLE_Beacon_02,0.1803,0.8295,Zone_D
BLE_Beacon_06,0.4673,0.0821,Zone_C
BLE_Beacon_08,0.3497,0.2118,Zone_D
BLE_Beacon_07,0.8269,0.0045,Zone_D
BLE_Beacon_01,0.7884,0.0062,Zone_A
BLE_Beacon_07,0.1409,1.0,Zone_B
BLE_Beacon_10,0.784,0.0064,Zone_B
BLE_Beacon_10,0.4739,0.0779,Zone_B
BLE_Beacon_10,0.4983,0.064,Zone_C
BLE_Beacon_01,0.6649,0.0167,Zone_D
BLE_Beacon_03,0.388,0.1556,Zone_A
BLE_Beacon_08,0.7059,0.012,Zone_D
BLE_Beacon_01,0.1379,1.0,Zone_C
BLE_Beacon_02,0.3335,0.2415,Zone_A
BLE_Beacon_05,0.5157,0.0556,Zone_C
BLE_Beacon_01,0.1668,0.9248,Zone_A
BLE_Beacon_04,0.4771,0.0759,Zone_D
BLE_Beacon_03,0.2471,0.4845,Zone_B
BLE_Beacon_05,0.565,0.0374,Zone_A
BLE_Beacon_08,0.5615,0.0385,Zone_B
BLE_Beacon_02,0.1242,1.0,Zone_B
BLE_Beacon_10,0.7628,0.0076,Zone_A
BLE_Beacon_04,0.2319,0.5473,Zone_D
BLE_Beacon_01,0.7257,0.0102,Zone_D
BLE_Beacon_07,0.1152,1.0,Zone_A
BLE_Beacon_05,0.3893,0.154,Zone_B
BLE_Beacon_04,0.7328,0.0097,Zone_C
BLE_Beacon_10,0.6068,0.0267,Zone_A
BLE_Beacon_07,0.1863,0.7904,Zone_A
BLE_Beacon_03,0.1828,0.8135,Zone_B
BLE_Beacon_03,0.4733,0.0782,Zone_B
BLE_Beacon_08,0.4489,0.0952,Zone_C
BLE_Beacon_02,0.825,0.0046,Zone_D
BLE_Beacon_06,0.596,0.0291,Zone_D
BLE_Beacon_07,0.6196,0.0241,Zone_A
BLE_Beacon_08,0.399,0.1424,Zone_D
BLE_Beacon_03,0.0934,1.0,Zone_D
BLE_Beacon_02,0.5147,0.056,Zone_A
BLE_Beacon_10,0.3093,0.2934,Zone_D
BLE_Beacon_01,0.7849,0.0063,Zone_C
BLE_Beacon_03,0.4391,0.1031,Zone_D
BLE_Beacon_05,0.0786,1.0,Zone_B
BLE_Beacon_06,0.4648,0.0838,Zone_B
BLE_Beacon_06,0.7806,0.0066,Zone_D
BLE_Beacon_09,0.1207,1.0,Zone_B
BLE_Beacon_06,0.5868,0.0313,Zone_C
BLE_Beacon_08,0.6334,0.0215,Zone_B
BLE_Beacon_05,0.6882,0.0138,Zone_C
BLE_Beacon_07,0.125,1.0,Zone_D
BLE_Beacon_07,0.8277,0.0045,Zone_B
BLE_Beacon_10,0.6281,0.0225,Zone_C
BLE_Beacon_03,0.6197,0.0241,Zone_C
BLE_Beacon_10,0.5566,0.04,Zone_D
BLE_Beacon_02,0.1067,1.0,Zone_B
BLE_Beacon_04,0.1473,1.0,Zone_A
BLE_Beacon_08,0.8055,0.0054,Zone_D
BLE_Beacon_06,0.6685,0.0162,Zone_B
BLE_Beacon_02,0.7784,0.0067,Zone_B
BLE_Beacon_07,0.6653,0.0167,Zone_D
BLE_Beacon_02,0.1201,1.0,Zone_C
BLE_Beacon_02,0.1008,1.0,Zone_A
BLE_Beacon_08,0.6712,0.0159,Zone_A
BLE_Beacon_03,0.3238,0.2611,Zone_D
BLE_Beacon_07,0.1761,0.8583,Zone_B
BLE_Beacon_04,0.2698,0.4033,Zone_D
BLE_Beacon_05,0.2486,0.4785,Zone_B
BLE_Beacon_07,0.7109,0.0115,Zone_B
BLE_Beacon_02,0.5288,0.05,Zone_A
BLE_Beacon_04,0.0975,1.0,Zone_B
BLE_Beacon_01,0.3539,0.2047,Zone_D
BLE_Beacon_10,0.5009,0.0626,Zone_A
BLE_Beacon_06,0.217,0.6172,Zone_D
BLE_Beacon_04,0.7255,0.0103,Zone_D
BLE_Beacon_09,0.3481,0.2146,Zone_B
BLE_Beacon_02,0.4163,0.1239,Zone_D
BLE_Beacon_02,0.5186,0.0543,Zone_B
BLE_Beacon_09,0.3057,0.3019,Zone_A
BLE_Beacon_08,0.2526,0.4634,Zone_C
BLE_Beacon_01,0.2474,0.483,Zone_C
BLE_Beacon_05,0.3782,0.1684,Zone_C
BLE_Beacon_02,0.7569,0.008,Zone_B
BLE_Beacon_05,0.1302,1.0,Zone_B
BLE_Beacon_09,0.8036,0.0055,Zone_C
BLE_Beacon_07,0.5575,0.0397,Zone_A
BLE_Beacon_10,0.4415,0.1011,Zone_C
BLE_Beacon_01,0.0968,1.0,Zone_D
BLE_Beacon_05,0.229,0.5605,Zone_A
BLE_Beacon_03,0.2319,0.5475,Zone_C
BLE_Beacon_01,0.2566,0.4488,Zone_A
BLE_Beacon_10,0.782,0.0065,Zone_A
BLE_Beacon_06,0.8423,0.004,Zone_D
BLE_Beacon_10,0.6523,0.0185,Zone_A
BLE_Beacon_09,0.4476,0.0962,Zone_B
BLE_Beacon_05,0.6398,0.0205,Zone_A
BLE_Beacon_01,0.4616,0.086,Zone_B
BLE_Beacon_06,0.4105,0.1298,Zone_C
BLE_Beacon_04,0.0883,1.0,Zone_A
BLE_Beacon_01,0.6793,0.0149,Zone_B
BLE_Beacon_09,0.5493,0.0424,Zone_D
BLE_Beacon_01,0.5055,0.0603,Zone_A
BLE_Beacon_07,0.673,0.0156,Zone_B
BLE_Beacon_07,0.6225,0.0235,Zone_B
BLE_Beacon_02,0.4155,0.1246,Zone_C
BLE_Beacon_06,0.2236,0.5854,Zone_D
BLE_Beacon_01,0.2586,0.4416,Zone_A
BLE_Beacon_10,0.0793,1.0,Zone_D
BLE_Beacon_09,0.5178,0.0547,Zone_A
BLE_Beacon_04,0.7099,0.0116,Zone_A
BLE_Beacon_01,0.171,0.8944,Zone_B
BLE_Beacon_05,0.1058,1.0,Zone_C
BLE_Beacon_10,0.5862,0.0315,Zone_B
BLE_Beacon_05,0.1733,0.8776,Zone_D
BLE_Beacon_08,0.5881,0.031,Zone_A
BLE_Beacon_02,0.268,0.4092,Zone_B
BLE_Beacon_08,0.6256,0.0229,Zone_C
BLE_Beacon_04,0.4199,0.1203,Zone_C
BLE_Beacon_06,0.6844,0.0143,Zone_C
BLE_Beacon_04,0.4854,0.071,Zone_C
BLE_Beacon_06,0.6197,0.0241,Zone_A
BLE_Beacon_01,0.3438,0.2222,Zone_D
BLE_Beacon_10,0.4534,0.0918,Zone_A
BLE_Beacon_04,0.788,0.0062,Zone_B
BLE_Beacon_05,0.6544,0.0182,Zone_B
BLE_Beacon_02,0.364,0.1888,Zone_B
BLE_Beacon_01,0.8398,0.0041,Zone_D
BLE_Beacon_08,0.8202,0.0048,Zone_A
BLE_Beacon_08,0.7285,0.01,Zone_C
BLE_Beacon_05,0.5336,0.0481,Zone_C
BLE_Beacon_02,0.1184,1.0,Zone_D
BLE_Beacon_08,0.0862,1.0,Zone_D
BLE_Beacon_07,0.4203,0.1199,Zone_B
BLE_Beacon_04,0.3695,0.1807,Zone_D
BLE_Beacon_09,0.1125,1.0,Zone_C
BLE_Beacon_01,0.4969,0.0647,Zone_C
BLE_Beacon_01,0.7865,0.0063,Zone_C
BLE_Beacon_05,0.708,0.0118,Zone_B
BLE_Beacon_01,0.3393,0.2304,Zone_D
BLE_Beacon_07,0.6863,0.0141,Zone_A
BLE_Beacon_02,0.5062,0.06,Zone_C
BLE_Beacon_09,0.4356,0.106,Zone_C
BLE_Beacon_03,0.826,0.0046,Zone_D
BLE_Beacon_04,0.175,0.8657,Zone_A
BLE_Beacon_05,0.6997,0.0126,Zone_C
BLE_Beacon_02,0.8562,0.0036,Zone_C
BLE_Beacon_06,0.5201,0.0536,Zone_A
BLE_Beacon_10,0.2869,0.3514,Zone_C
BLE_Beacon_05,0.6862,0.0141,Zone_A
BLE_Beacon_02,0.3126,0.2858,Zone_C
BLE_Beacon_05,0.7374,0.0093,Zone_D
BLE_Beacon_08,0.085,1.0,Zone_A
BLE_Beacon_08,0.1005,1.0,Zone_C
BLE_Beacon_08,0.5725,0.0352,Zone_B
BLE_Beacon_07,0.1175,1.0,Zone_A
BLE_Beacon_05,0.7762,0.0068,Zone_C
BLE_Beacon_02,0.4175,0.1227,Zone_C
BLE_Beacon_05,0.2754,0.3857,Zone_D
BLE_Beacon_03,0.2501,0.4727,Zone_B
BLE_Beacon_03,0.756,0.008,Zone_A
BLE_Beacon_04,0.1614,0.9667,Zone_A
BLE_Beacon_03,0.6092,0.0262,Zone_D
BLE_Beacon_10,0.3208,0.2675,Zone_B
BLE_Beacon_01,0.8192,0.0048,Zone_C
BLE_Beacon_05,0.0841,1.0,Zone_C
BLE_Beacon_09,0.6358,0.0211,Zone_B
BLE_Beacon_06,0.1572,0.9995,Zone_D
BLE_Beacon_02,0.473,0.0785,Zone_B
BLE_Beacon_04,0.3274,0.2536,Zone_C
BLE_Beacon_07,0.1275,1.0,Zone_D
BLE_Beacon_05,0.1838,0.8064,Zone_C
BLE_Beacon_10,0.6907,0.0136,Zone_C
BLE_Beacon_07,0.7765,0.0068,Zone_C
BLE_Beacon_08,0.8119,0.0051,Zone_C
BLE_Beacon_10,0.0959,1.0,Zone_C
BLE_Beacon_01,0.3,0.3163,Zone_B
BLE_Beacon_10,0.0915,1.0,Zone_B
BLE_Beacon_06,0.4728,0.0786,Zone_C
BLE_Beacon_04,0.3691,0.1812,Zone_A
BLE_Beacon_03,0.3709,0.1787,Zone_A
BLE_Beacon_02,0.8246,0.0046,Zone_B
BLE_Beacon_10,0.467,0.0823,Zone_D
BLE_Beacon_09,0.6474,0.0192,Zone_A
BLE_Beacon_10,0.4425,0.1003,Zone_D
BLE_Beacon_06,0.2829,0.3629,Zone_C
BLE_Beacon_04,0.3297,0.249,Zone_C
BLE_Beacon_04,0.4296,0.1113,Zone_A
BLE_Beacon_04,0.4211,0.1192,Zone_D
BLE_Beacon_06,0.134,1.0,Zone_A
BLE_Beacon_06,0.5848,0.0319,Zone_B
BLE_Beacon_08,0.6892,0.0137,Zone_B
BLE_Beacon_10,0.7219,0.0106,Zone_B
BLE_Beacon_09,0.2639,0.4231,Zone_D
BLE_Beacon_10,0.5946,0.0294,Zone_C
BLE_Beacon_05,0.3398,0.2294,Zone_A
BLE_Beacon_02,0.3924,0.1502,Zone_B
BLE_Beacon_10,0.4597,0.0873,Zone_B
BLE_Beacon_03,0.76,0.0078,Zone_A
BLE_Beacon_03,0.1663,0.9286,Zone_C
BLE_Beacon_09,0.6304,0.0221,Zone_D
BLE_Beacon_02,0.1707,0.8962,Zone_A
BLE_Beacon_07,0.0902,1.0,Zone_B
BLE_Beacon_02,0.1754,0.8629,Zone_D
BLE_Beacon_07,0.3499,0.2116,Zone_D
BLE_Beacon_09,0.2611,0.4326,Zone_C
BLE_Beacon_02,0.3361,0.2365,Zone_C
BLE_Beacon_10,0.5497,0.0423,Zone_A
BLE_Beacon_01,0.1294,1.0,Zone_C
BLE_Beacon_08,0.787,0.0062,Zone_D
BLE_Beacon_07,0.2987,0.3195,Zone_D
BLE_Beacon_03,0.6477,0.0192,Zone_A
BLE_Beacon_03,0.7751,0.0069,Zone_C
BLE_Beacon_08,0.3695,0.1806,Zone_D
BLE_Beacon_03,0.4711,0.0796,Zone_C
BLE_Beacon_02,0.2539,0.4584,Zone_D
BLE_Beacon_06,0.1094,1.0,Zone_D
BLE_Beacon_05,0.3251,0.2584,Zone_C
BLE_Beacon_03,0.8206,0.0048,Zone_A
BLE_Beacon_04,0.4097,0.1306,Zone_C
BLE_Beacon_10,0.7625,0.0076,Zone_C
BLE_Beacon_02,0.3443,0.2212,Zone_B
BLE_Beacon_02,0.2976,0.3224,Zone_D
BLE_Beacon_08,0.2471,0.4842,Zone_B
BLE_Beacon_05,0.8094,0.0052,Zone_C
BLE_Beacon_10,0.6634,0.0169,Zone_B
BLE_Beacon_05,0.1822,0.817,Zone_B
BLE_Beacon_09,0.7305,0.0098,Zone_B
BLE_Beacon_01,0.5416,0.0451,Zone_A
BLE_Beacon_09,0.4941,0.0662,Zone_B
BLE_Beacon_01,0.4551,0.0906,Zone_A
BLE_Beacon_06,0.231,0.5513,Zone_D
BLE_Beacon_08,0.4807,0.0737,Zone_D
BLE_Beacon_05,0.7927,0.006,Zone_A
BLE_Beacon_08,0.7698,0.0072,Zone_D
BLE_Beacon_05,0.1397,1.0,Zone_B
BLE_Beacon_05,0.6463,0.0194,Zone_A
BLE_Beacon_06,0.7029,0.0123,Zone_B
BLE_Beacon_02,0.3284,0.2514,Zone_C
BLE_Beacon_05,0.4277,0.113,Zone_A
BLE_Beacon_06,0.7725,0.007,Zone_A
BLE_Beacon_07,0.1503,1.0,Zone_C
BLE_Beacon_04,0.7326,0.0097,Zone_A
BLE_Beacon_01,0.2646,0.4205,Zone_D
BLE_Beacon_04,0.6005,0.0281,Zone_C
BLE_Beacon_08,0.1904,0.7648,Zone_B
BLE_Beacon_08,0.2935,0.3333,Zone_B
BLE_Beacon_02,0.8185,0.0048,Zone_B
BLE_Beacon_01,0.4127,0.1275,Zone_D
BLE_Beacon_09,0.5517,0.0416,Zone_B
BLE_Beacon_01,0.4,0.1413,Zone_C
BLE_Beacon_10,0.3702,0.1796,Zone_B
BLE_Beacon_06,0.4519,0.093,Zone_B
BLE_Beacon_05,0.732,0.0097,Zone_C
BLE_Beacon_08,0.4566,0.0895,Zone_D
BLE_Beacon_10,0.352,0.2079,Zone_D
BLE_Beacon_05,0.1473,1.0,Zone_A
BLE_Beacon_05,0.4011,0.14,Zone_D
BLE_Beacon_06,0.2658,0.4165,Zone_D
BLE_Beacon_02,0.2099,0.6538,Zone_C
BLE_Beacon_02,0.3445,0.2209,Zone_D
BLE_Beacon_03,0.6793,0.0149,Zone_D
BLE_Beacon_08,0.5437,0.0444,Zone_B
BLE_Beacon_01,0.3,0.3162,Zone_B
BLE_Beacon_07,0.1192,1.0,Zone_C
BLE_Beacon_05,0.6018,0.0278,Zone_D
BLE_Beacon_07,0.7071,0.0119,Zone_D
BLE_Beacon_07,0.2763,0.3829,Zone_A
BLE_Beacon_05,0.4529,0.0922,Zone_B
BLE_Beacon_06,0.5714,0.0355,Zone_A
BLE_Beacon_05,0.4231,0.1172,Zone_B
BLE_Beacon_10,0.7594,0.0078,Zone_B
BLE_Beacon_02,0.8162,0.0049,Zone_C
BLE_Beacon_03,0.5468,0.0433,Zone_A
BLE_Beacon_01,0.7019,0.0124,Zone_A
BLE_Beacon_06,0.7882,0.0062,Zone_A
BLE_Beacon_01,0.4789,0.0748,Zone_C
BLE_Beacon_09,0.2273,0.5679,Zone_B
BLE_Beacon_09,0.3822,0.163,Zone_B
BLE_Beacon_05,0.701,0.0125,Zone_C
BLE_Beacon_06,0.3962,0.1456,Zone_B
BLE_Beacon_01,0.0998,1.0,Zone_A
BLE_Beacon_09,0.152,1.0,Zone_D
BLE_Beacon_08,0.1047,1.0,Zone_C
BLE_Beacon_05,0.0905,1.0,Zone_B
BLE_Beacon_01,0.2855,0.3554,Zone_A
BLE_Beacon_07,0.5863,0.0315,Zone_B
BLE_Beacon_05,0.7487,0.0085,Zone_A
BLE_Beacon_02,0.4678,0.0818,Zone_D
BLE_Beacon_01,0.083,1.0,Zone_B
BLE_Beacon_02,0.6496,0.0189,Zone_D
BLE_Beacon_04,0.7247,0.0103,Zone_C
BLE_Beacon_06,0.4055,0.1352,Zone_A
BLE_Beacon_05,0.2868,0.3519,Zone_B
BLE_Beacon_02,0.2791,0.3743,Zone_D
BLE_Beacon_07,0.3003,0.3156,Zone_A
BLE_Beacon_04,0.8311,0.0044,Zone_C
BLE_Beacon_08,0.2949,0.3295,Zone_B
BLE_Beacon_07,0.085,1.0,Zone_D
BLE_Beacon_07,0.819,0.0048,Zone_A
BLE_Beacon_08,0.2475,0.4829,Zone_A
BLE_Beacon_07,0.6774,0.0151,Zone_D
BLE_Beacon_06,0.4461,0.0975,Zone_A
BLE_Beacon_05,0.3326,0.2431,Zone_A
BLE_Beacon_02,0.5121,0.0572,Zone_B
BLE_Beacon_08,0.5377,0.0466,Zone_A
BLE_Beacon_03,0.3882,0.1553,Zone_D
BLE_Beacon_09,0.6395,0.0205,Zone_B
BLE_Beacon_01,0.6744,0.0155,Zone_C
BLE_Beacon_07,0.3161,0.2777,Zone_C
BLE_Beacon_03,0.1001,1.0,Zone_D
BLE_Beacon_01,0.2821,0.3653,Zone_B
BLE_Beacon_09,0.6958,0.013,Zone_D
BLE_Beacon_06,0.8253,0.0046,Zone_B
BLE_Beacon_06,0.4339,0.1075,Zone_D
BLE_Beacon_09,0.5073,0.0595,Zone_A
BLE_Beacon_02,0.4059,0.1347,Zone_A
BLE_Beacon_07,0.1714,0.8912,Zone_A
BLE_Beacon_03,0.48,0.0742,Zone_A
BLE_Beacon_03,0.2265,0.5718,Zone_A
BLE_Beacon_01,0.7672,0.0073,Zone_D
BLE_Beacon_03,0.5634,0.0378,Zone_D
BLE_Beacon_03,0.6599,0.0174,Zone_D
BLE_Beacon_07,0.0787,1.0,Zone_A
BLE_Beacon_07,0.8538,0.0036,Zone_C
BLE_Beacon_09,0.3247,0.2591,Zone_C
BLE_Beacon_10,0.5823,0.0325,Zone_B
BLE_Beacon_05,0.4826,0.0726,Zone_B
BLE_Beacon_10,0.8194,0.0048,Zone_C
BLE_Beacon_09,0.5464,0.0434,Zone_D
BLE_Beacon_08,0.2369,0.5258,Zone_C
BLE_Beacon_03,0.2005,0.7053,Zone_D
BLE_Beacon_01,0.321,0.2669,Zone_B
BLE_Beacon_03,0.4411,0.1014,Zone_A
BLE_Beacon_05,0.6226,0.0235,Zone_B
BLE_Beacon_02,0.4939,0.0663,Zone_C
BLE_Beacon_02,0.1194,1.0,Zone_D
BLE_Beacon_10,0.1944,0.7409,Zone_C
BLE_Beacon_09,0.7655,0.0074,Zone_C
BLE_Beacon_01,0.8005,0.0056,Zone_C
BLE_Beacon_05,0.7163,0.011,Zone_D
BLE_Beacon_10,0.6445,0.0197,Zone_C
BLE_Beacon_10,0.6741,0.0155,Zone_C
BLE_Beacon_09,0.4965,0.0649,Zone_B
BLE_Beacon_02,0.5371,0.0468,Zone_A
BLE_Beacon_04,0.2914,0.3389,Zone_C
BLE_Beacon_10,0.1518,1.0,Zone_D
BLE_Beacon_06,0.5237,0.0521,Zone_C
BLE_Beacon_10,0.5967,0.0289,Zone_D
BLE_Beacon_04,0.2035,0.6882,Zone_B
BLE_Beacon_04,0.1432,1.0,Zone_B
BLE_Beacon_03,0.2009,0.7027,Zone_A
BLE_Beacon_06,0.1325,1.0,Zone_A
BLE_Beacon_03,0.4735,0.0781,Zone_D
BLE_Beacon_07,0.5938,0.0296,Zone_C
BLE_Beacon_05,0.4646,0.0839,Zone_A
BLE_Beacon_04,0.5115,0.0575,Zone_D
BLE_Beacon_07,0.6263,0.0228,Zone_C
BLE_Beacon_05,0.7304,0.0099,Zone_C
BLE_Beacon_09,0.1329,1.0,Zone_B
BLE_Beacon_03,0.8143,0.005,Zone_C
BLE_Beacon_03,0.7313,0.0098,Zone_D
BLE_Beacon_08,0.6176,0.0245,Zone_C
BLE_Beacon_02,0.5098,0.0583,Zone_D
BLE_Beacon_06,0.2113,0.6463,Zone_C
BLE_Beacon_08,0.677,0.0152,Zone_C
BLE_Beacon_07,0.2394,0.5154,Zone_B
BLE_Beacon_07,0.3654,0.1866,Zone_A
BLE_Beacon_04,0.4188,0.1214,Zone_B
BLE_Beacon_01,0.532,0.0488,Zone_C
BLE_Beacon_02,0.7872,0.0062,Zone_C
BLE_Beacon_09,0.7955,0.0058,Zone_C
BLE_Beacon_01,0.58,0.0331,Zone_D
BLE_Beacon_07,0.1059,1.0,Zone_C
BLE_Beacon_05,0.5627,0.0381,Zone_A
BLE_Beacon_08,0.855,0.0036,Zone_D
BLE_Beacon_08,0.208,0.6639,Zone_A
BLE_Beacon_01,0.3618,0.1922,Zone_B
BLE_Beacon_03,0.7557,0.008,Zone_B
BLE_Beacon_02,0.4011,0.14,Zone_A
BLE_Beacon_01,0.4198,0.1204,Zone_A
BLE_Beacon_06,0.148,1.0,Zone_C
BLE_Beacon_04,0.5862,0.0315,Zone_A
BLE_Beacon_06,0.7293,0.0099,Zone_C
BLE_Beacon_03,0.7831,0.0064,Zone_C
BLE_Beacon_09,0.0826,1.0,Zone_D
BLE_Beacon_07,0.7296,0.0099,Zone_A
BLE_Beacon_02,0.223,0.5881,Zone_B
BLE_Beacon_05,0.1374,1.0,Zone_D
BLE_Beacon_01,0.2879,0.3486,Zone_B
BLE_Beacon_09,0.393,0.1495,Zone_A
BLE_Beacon_05,0.2865,0.3525,Zone_C
BLE_Beacon_02,0.3397,0.2296,Zone_A
BLE_Beacon_10,0.8024,0.0055,Zone_A
BLE_Beacon_02,0.7927,0.006,Zone_B
BLE_Beacon_02,0.2173,0.6158,Zone_A
BLE_Beacon_03,0.6912,0.0135,Zone_B
BLE_Beacon_06,0.4331,0.1082,Zone_B
BLE_Beacon_05,0.7293,0.0099,Zone_B
BLE_Beacon_03,0.3154,0.2794,Zone_D
BLE_Beacon_05,0.2113,0.6464,Zone_B
BLE_Beacon_10,0.3194,0.2706,Zone_B
BLE_Beacon_04,0.2858,0.3547,Zone_B
BLE_Beacon_03,0.8409,0.004,Zone_C
BLE_Beacon_08,0.2793,0.3737,Zone_D
BLE_Beacon_06,0.5261,0.0511,Zone_C
BLE_Beacon_09,0.4247,0.1157,Zone_B
BLE_Beacon_01,0.8176,0.0049,Zone_D
BLE_Beacon_03,0.4941,0.0662,Zone_B
BLE_Beacon_07,0.344,0.2218,Zone_C
BLE_Beacon_04,0.3403,0.2286,Zone_C
BLE_Beacon_02,0.4747,0.0774,Zone_B
BLE_Beacon_05,0.2429,0.501,Zone_C
BLE_Beacon_01,0.7958,0.0058,Zone_B
BLE_Beacon_08,0.1813,0.8232,Zone_C
BLE_Beacon_06,0.5144,0.0562,Zone_A
BLE_Beacon_06,0.6224,0.0235,Zone_C
BLE_Beacon_01,0.1962,0.7302,Zone_D
BLE_Beacon_06,0.336,0.2367,Zone_A
BLE_Beacon_03,0.7889,0.0061,Zone_C
BLE_Beacon_03,0.4382,0.1038,Zone_B
BLE_Beacon_01,0.4164,0.1238,Zone_D
BLE_Beacon_10,0.524,0.052,Zone_D
BLE_Beacon_07,0.4435,0.0995,Zone_B
BLE_Beacon_05,0.6398,0.0205,Zone_C
BLE_Beacon_08,0.6046,0.0272,Zone_C
BLE_Beacon_01,0.8342,0.0043,Zone_B
BLE_Beacon_09,0.1562,1.0,Zone_D
BLE_Beacon_05,0.821,0.0047,Zone_D
BLE_Beacon_10,0.0939,1.0,Zone_B
BLE_Beacon_05,0.768,0.0073,Zone_B
BLE_Beacon_10,0.6622,0.0171,Zone_B
BLE_Beacon_06,0.691,0.0135,Zone_A
BLE_Beacon_02,0.3144,0.2815,Zone_B
BLE_Beacon_06,0.4318,0.1093,Zone_B
BLE_Beacon_08,0.0721,1.0,Zone_B
BLE_Beacon_04,0.7652,0.0074,Zone_C
BLE_Beacon_05,0.1346,1.0,Zone_B
BLE_Beacon_04,0.4144,0.1257,Zone_B
BLE_Beacon_03,0.6094,0.0261,Zone_C
BLE_Beacon_01,0.4465,0.0971,Zone_C
BLE_Beacon_02,0.4413,0.1012,Zone_D
BLE_Beacon_04,0.7887,0.0062,Zone_D
BLE_Beacon_08,0.6263,0.0228,Zone_A
BLE_Beacon_07,0.1724,0.8843,Zone_B
BLE_Beacon_07,0.679,0.0149,Zone_C
BLE_Beacon_07,0.5405,0.0455,Zone_A
BLE_Beacon_06,0.4551,0.0906,Zone_A
BLE_Beacon_04,0.7672,0.0073,Zone_B
BLE_Beacon_04,0.3615,0.1927,Zone_C
BLE_Beacon_09,0.7183,0.0109,Zone_D
BLE_Beacon_02,0.5787,0.0335,Zone_B
BLE_Beacon_08,0.2191,0.6068,Zone_B
BLE_Beacon_05,0.4135,0.1267,Zone_C
BLE_Beacon_07,0.5853,0.0317,Zone_D
BLE_Beacon_03,0.2953,0.3284,Zone_D
BLE_Beacon_08,0.0988,1.0,Zone_D
BLE_Beacon_03,0.1999,0.7084,Zone_A
BLE_Beacon_08,0.7049,0.0121,Zone_C
BLE_Beacon_02,0.5868,0.0314,Zone_D
BLE_Beacon_01,0.1978,0.7204,Zone_B
BLE_Beacon_10,0.4698,0.0805,Zone_D
BLE_Beacon_01,0.4534,0.0919,Zone_D
BLE_Beacon_07,0.6775,0.0151,Zone_C
BLE_Beacon_07,0.2747,0.3879,Zone_A
BLE_Beacon_10,0.7056,0.012,Zone_D
BLE_Beacon_09,0.3644,0.1882,Zone_D
BLE_Beacon_06,0.7347,0.0095,Zone_C
BLE_Beacon_02,0.6886,0.0138,Zone_D
BLE_Beacon_09,0.6683,0.0163,Zone_A
BLE_Beacon_03,0.0769,1.0,Zone_C
BLE_Beacon_04,0.476,0.0766,Zone_D
BLE_Beacon_07,0.1096,1.0,Zone_C
BLE_Beacon_01,0.1669,0.9241,Zone_D
BLE_Beacon_08,0.3599,0.1952,Zone_C
BLE_Beacon_05,0.4059,0.1347,Zone_C
BLE_Beacon_01,0.4979,0.0642,Zone_B
BLE_Beacon_05,0.3518,0.2082,Zone_A
BLE_Beacon_08,0.3265,0.2554,Zone_A
BLE_Beacon_10,0.1592,0.9837,Zone_A
BLE_Beacon_09,0.6518,0.0186,Zone_B
BLE_Beacon_03,0.1375,1.0,Zone_A
BLE_Beacon_03,0.6425,0.02,Zone_D
BLE_Beacon_07,0.7728,0.007,Zone_C
BLE_Beacon_08,0.6128,0.0254,Zone_B
BLE_Beacon_09,0.5186,0.0543,Zone_A
BLE_Beacon_02,0.328,0.2523,Zone_A
BLE_Beacon_03,0.5502,0.0421,Zone_A
BLE_Beacon_07,0.4742,0.0777,Zone_A
BLE_Beacon_06,0.8001,0.0056,Zone_C
BLE_Beacon_07,0.3863,0.1577,Zone_B
BLE_Beacon_05,0.6384,0.0207,Zone_A
BLE_Beacon_07,0.8298,0.0044,Zone_B
BLE_Beacon_10,0.2765,0.3822,Zone_C
BLE_Beacon_10,0.4753,0.077,Zone_B
BLE_Beacon_01,0.3655,0.1866,Zone_D
BLE_Beacon_04,0.6691,0.0161,Zone_D
BLE_Beacon_05,0.6583,0.0176,Zone_B
BLE_Beacon_05,0.4655,0.0833,Zone_A
BLE_Beacon_10,0.3847,0.1598,Zone_B
BLE_Beacon_05,0.2857,0.3549,Zone_D
BLE_Beacon_04,0.0861,1.0,Zone_D
BLE_Beacon_03,0.2873,0.3503,Zone_D
BLE_Beacon_10,0.6923,0.0134,Zone_C
BLE_Beacon_02,0.2453,0.4913,Zone_A
BLE_Beacon_06,0.2451,0.4921,Zone_C
BLE_Beacon_10,0.7212,0.0106,Zone_D
BLE_Beacon_10,0.3297,0.2488,Zone_D
BLE_Beacon_08,0.802,0.0055,Zone_A
BLE_Beacon_06,0.339,0.2309,Zone_C
BLE_Beacon_08,0.1907,0.7631,Zone_D
BLE_Beacon_04,0.4896,0.0686,Zone_B
BLE_Beacon_07,0.2723,0.3952,Zone_A
BLE_Beacon_10,0.8318,0.0044,Zone_D
BLE_Beacon_09,0.8453,0.0039,Zone_A
BLE_Beacon_04,0.6592,0.0175,Zone_C
BLE_Beacon_05,0.3007,0.3144,Zone_C
BLE_Beacon_08,0.6014,0.0279,Zone_A
BLE_Beacon_03,0.5624,0.0382,Zone_B
BLE_Beacon_10,0.3477,0.2153,Zone_D
BLE_Beacon_07,0.8539,0.0036,Zone_A
BLE_Beacon_05,0.5086,0.0589,Zone_D
BLE_Beacon_04,0.3663,0.1853,Zone_B
BLE_Beacon_07,0.5485,0.0427,Zone_A
BLE_Beacon_02,0.3824,0.1628,Zone_B
BLE_Beacon_02,0.5199,0.0538,Zone_B
BLE_Beacon_03,0.674,0.0155,Zone_D
BLE_Beacon_09,0.3924,0.1502,Zone_B
BLE_Beacon_07,0.7789,0.0067,Zone_C
BLE_Beacon_06,0.6768,0.0152,Zone_A
BLE_Beacon_06,0.4661,0.0829,Zone_D
BLE_Beacon_04,0.7464,0.0087,Zone_D
BLE_Beacon_08,0.2964,0.3256,Zone_D
BLE_Beacon_03,0.7974,0.0057,Zone_B
BLE_Beacon_07,0.298,0.3213,Zone_C
BLE_Beacon_08,0.587,0.0313,Zone_A
BLE_Beacon_07,0.5273,0.0506,Zone_D
BLE_Beacon_07,0.3938,0.1485,Zone_A
BLE_Beacon_10,0.2476,0.4825,Zone_A
BLE_Beacon_10,0.5197,0.0538,Zone_D
BLE_Beacon_01,0.3268,0.2548,Zone_B
BLE_Beacon_03,0.5187,0.0543,Zone_D
BLE_Beacon_02,0.8193,0.0048,Zone_A
BLE_Beacon_10,0.7656,0.0074,Zone_D
BLE_Beacon_09,0.4732,0.0783,Zone_B
BLE_Beacon_03,0.4311,0.1099,Zone_B
BLE_Beacon_03,0.4424,0.1004,Zone_B
BLE_Beacon_06,0.1757,0.8614,Zone_A
BLE_Beacon_01,0.2341,0.5379,Zone_D
BLE_Beacon_08,0.264,0.4228,Zone_D
BLE_Beacon_04,0.6974,0.0129,Zone_D
BLE_Beacon_09,0.5754,0.0344,Zone_C
BLE_Beacon_03,0.2638,0.4233,Zone_A
BLE_Beacon_01,0.6596,0.0174,Zone_D
BLE_Beacon_09,0.8536,0.0036,Zone_D
BLE_Beacon_02,0.6867,0.014,Zone_C
BLE_Beacon_09,0.1665,0.9275,Zone_A
BLE_Beacon_08,0.4492,0.095,Zone_A
BLE_Beacon_05,0.7092,0.0117,Zone_A
BLE_Beacon_06,0.3853,0.1591,Zone_D
BLE_Beacon_07,0.6901,0.0136,Zone_A
BLE_Beacon_03,0.737,0.0093,Zone_A
BLE_Beacon_03,0.3594,0.196,Zone_C
BLE_Beacon_03,0.7888,0.0062,Zone_D
BLE_Beacon_04,0.2793,0.3738,Zone_C
BLE_Beacon_02,0.4315,0.1096,Zone_D
BLE_Beacon_04,0.6662,0.0165,Zone_C
BLE_Beacon_05,0.6129,0.0254,Zone_C
BLE_Beacon_08,0.6211,0.0238,Zone_C
BLE_Beacon_10,0.0995,1.0,Zone_B
BLE_Beacon_03,0.4814,0.0733,Zone_A
BLE_Beacon_04,0.763,0.0076,Zone_C
BLE_Beacon_05,0.3124,0.2862,Zone_B
BLE_Beacon_10,0.5695,0.036,Zone_D
BLE_Beacon_08,0.6004,0.0281,Zone_B
BLE_Beacon_03,0.1866,0.789,Zone_C
BLE_Beacon_07,0.2736,0.3912,Zone_B
BLE_Beacon_01,0.74,0.0091,Zone_C
BLE_Beacon_03,0.5305,0.0494,Zone_C
BLE_Beacon_06,0.638,0.0207,Zone_D
BLE_Beacon_08,0.5574,0.0397,Zone_B
BLE_Beacon_06,0.5773,0.0338,Zone_C
BLE_Beacon_09,0.3656,0.1864,Zone_D
BLE_Beacon_03,0.7556,0.008,Zone_D
BLE_Beacon_03,0.4517,0.0931,Zone_D
BLE_Beacon_01,0.5969,0.0289,Zone_A
BLE_Beacon_06,0.2481,0.4805,Zone_B
BLE_Beacon_04,0.1894,0.7714,Zone_A
BLE_Beacon_04,0.3515,0.2087,Zone_D
BLE_Beacon_10,0.7886,0.0062,Zone_A
BLE_Beacon_09,0.7771,0.0068,Zone_B
BLE_Beacon_06,0.5933,0.0297,Zone_D
BLE_Beacon_02,0.8195,0.0048,Zone_A
BLE_Beacon_05,0.5062,0.06,Zone_A
BLE_Beacon_01,0.4224,0.118,Zone_B
BLE_Beacon_04,0.2726,0.3943,Zone_B
BLE_Beacon_04,0.2508,0.47,Zone_D
BLE_Beacon_03,0.103,1.0,Zone_C
BLE_Beacon_09,0.2894,0.3443,Zone_B
BLE_Beacon_02,0.7834,0.0064,Zone_B
BLE_Beacon_09,0.3093,0.2934,Zone_B
BLE_Beacon_04,0.2631,0.4258,Zone_D
BLE_Beacon_08,0.1486,1.0,Zone_A
BLE_Beacon_06,0.6922,0.0134,Zone_A
BLE_Beacon_04,0.4472,0.0965,Zone_D
BLE_Beacon_02,0.4455,0.0979,Zone_A
BLE_Beacon_09,0.5345,0.0478,Zone_D
BLE_Beacon_05,0.5188,0.0542,Zone_D
BLE_Beacon_02,0.6371,0.0209,Zone_D
BLE_Beacon_04,0.5342,0.0479,Zone_D
BLE_Beacon_01,0.2692,0.4052,Zone_D
BLE_Beacon_10,0.2842,0.3593,Zone_B
BLE_Beacon_06,0.47,0.0803,Zone_C
BLE_Beacon_05,0.279,0.3745,Zone_B
BLE_Beacon_06,0.2877,0.3491,Zone_C
BLE_Beacon_08,0.159,0.985,Zone_B
BLE_Beacon_08,0.0765,1.0,Zone_D
BLE_Beacon_08,0.1996,0.7102,Zone_A
BLE_Beacon_07,0.6002,0.0281,Zone_A
BLE_Beacon_08,0.3405,0.2282,Zone_B
BLE_Beacon_04,0.6833,0.0144,Zone_B
BLE_Beacon_04,0.3128,0.2852,Zone_C
BLE_Beacon_06,0.6736,0.0156,Zone_D
BLE_Beacon_02,0.6094,0.0261,Zone_B
BLE_Beacon_10,0.5993,0.0283,Zone_C
BLE_Beacon_03,0.2222,0.5919,Zone_D
BLE_Beacon_03,0.7411,0.009,Zone_B
BLE_Beacon_06,0.8231,0.0047,Zone_D
BLE_Beacon_10,0.6912,0.0135,Zone_C
BLE_Beacon_04,0.8044,0.0054,Zone_D
BLE_Beacon_05,0.3628,0.1907,Zone_C
BLE_Beacon_06,0.6424,0.02,Zone_C
BLE_Beacon_08,0.3134,0.2838,Zone_D
BLE_Beacon_07,0.0759,1.0,Zone_D
BLE_Beacon_01,0.8325,0.0043,Zone_C
BLE_Beacon_03,0.8375,0.0042,Zone_C
BLE_Beacon_01,0.7146,0.0112,Zone_B
BLE_Beacon_04,0.5916,0.0302,Zone_C
BLE_Beacon_05,0.7256,0.0102,Zone_A
BLE_Beacon_06,0.4073,0.1332,Zone_D
BLE_Beacon_06,0.5099,0.0583,Zone_B
BLE_Beacon_04,0.5567,0.04,Zone_D
BLE_Beacon_05,0.1554,1.0,Zone_B
BLE_Beacon_03,0.3272,0.2541,Zone_D
BLE_Beacon_10,0.4406,0.1018,Zone_A
BLE_Beacon_07,0.6118,0.0256,Zone_D
BLE_Beacon_04,0.2915,0.3385,Zone_D
BLE_Beacon_01,0.1511,1.0,Zone_C
BLE_Beacon_05,0.4941,0.0662,Zone_D
BLE_Beacon_05,0.1587,0.9878,Zone_B
BLE_Beacon_02,0.3264,0.2556,Zone_D
BLE_Beacon_03,0.7581,0.0079,Zone_C
BLE_Beacon_10,0.2286,0.5624,Zone_A
BLE_Beacon_08,0.2641,0.4223,Zone_C
BLE_Beacon_09,0.4887,0.0691,Zone_C
BLE_Beacon_01,0.1818,0.8198,Zone_A
BLE_Beacon_06,0.8235,0.0047,Zone_C
BLE_Beacon_08,0.6586,0.0176,Zone_B
BLE_Beacon_03,0.3239,0.2609,Zone_B
BLE_Beacon_08,0.356,0.2013,Zone_B
BLE_Beacon_05,0.2721,0.3961,Zone_A
BLE_Beacon_03,0.1651,0.9381,Zone_D
BLE_Beacon_07,0.3828,0.1622,Zone_D
BLE_Beacon_01,0.7249,0.0103,Zone_A
BLE_Beacon_09,0.3649,0.1875,Zone_D
BLE_Beacon_01,0.8255,0.0046,Zone_C
BLE_Beacon_09,0.458,0.0885,Zone_C
BLE_Beacon_02,0.6485,0.0191,Zone_A
BLE_Beacon_09,0.6847,0.0142,Zone_B
BLE_Beacon_09,0.7364,0.0094,Zone_A
BLE_Beacon_10,0.7962,0.0058,Zone_B
BLE_Beacon_02,0.6742,0.0155,Zone_D
BLE_Beacon_05,0.4373,0.1045,Zone_B
BLE_Beacon_06,0.1288,1.0,Zone_C
BLE_Beacon_08,0.4861,0.0706,Zone_D
BLE_Beacon_01,0.3869,0.157,Zone_C
BLE_Beacon_01,0.5615,0.0384,Zone_D
BLE_Beacon_01,0.0781,1.0,Zone_C
BLE_Beacon_07,0.1897,0.7694,Zone_B
BLE_Beacon_10,0.6014,0.0279,Zone_C
BLE_Beacon_09,0.4311,0.1099,Zone_B
BLE_Beacon_10,0.7985,0.0057,Zone_B
BLE_Beacon_04,0.6788,0.0149,Zone_B
BLE_Beacon_05,0.2141,0.6319,Zone_A
BLE_Beacon_09,0.5444,0.0441,Zone_A
BLE_Beacon_03,0.4958,0.0653,Zone_A
BLE_Beacon_06,0.7554,0.0081,Zone_B
BLE_Beacon_04,0.2299,0.5563,Zone_B
BLE_Beacon_07,0.8501,0.0038,Zone_B
BLE_Beacon_04,0.6783,0.015,Zone_A
BLE_Beacon_03,0.761,0.0077,Zone_D
BLE_Beacon_02,0.7268,0.0101,Zone_D
BLE_Beacon_01,0.4202,0.12,Zone_B
BLE_Beacon_07,0.1101,1.0,Zone_D
BLE_Beacon_07,0.2275,0.5672,Zone_D
BLE_Beacon_10,0.7114,0.0115,Zone_A
BLE_Beacon_03,0.4696,0.0806,Zone_A
BLE_Beacon_03,0.6659,0.0166,Zone_A
BLE_Beacon_08,0.6534,0.0183,Zone_C
BLE_Beacon_06,0.3976,0.144,Zone_B
BLE_Beacon_02,0.6998,0.0126,Zone_C
BLE_Beacon_08,0.272,0.3962,Zone_A
BLE_Beacon_08,0.0841,1.0,Zone_D
BLE_Beacon_07,0.386,0.1582,Zone_A
BLE_Beacon_06,0.3546,0.2037,Zone_C
BLE_Beacon_02,0.4125,0.1277,Zone_C
BLE_Beacon_04,0.8569,0.0036,Zone_A
BLE_Beacon_07,0.7597,0.0078,Zone_A
BLE_Beacon_05,0.6447,0.0197,Zone_C
BLE_Beacon_01,0.182,0.8184,Zone_B
BLE_Beacon_03,0.515,0.0559,Zone_B
BLE_Beacon_09,0.1938,0.7442,Zone_D
BLE_Beacon_01,0.1195,1.0,Zone_B
BLE_Beacon_05,0.3635,0.1896,Zone_D
BLE_Beacon_03,0.4008,0.1403,Zone_B
BLE_Beacon_09,0.8299,0.0044,Zone_B
BLE_Beacon_06,0.7621,0.0076,Zone_A
BLE_Beacon_03,0.095,1.0,Zone_B
BLE_Beacon_05,0.3886,0.1549,Zone_C
BLE_Beacon_05,0.5601,0.0389,Zone_A
BLE_Beacon_01,0.332,0.2444,Zone_D
BLE_Beacon_01,0.6489,0.019,Zone_B
BLE_Beacon_07,0.108,1.0,Zone_D
BLE_Beacon_10,0.6391,0.0206,Zone_B
BLE_Beacon_03,0.1501,1.0,Zone_C
BLE_Beacon_04,0.1438,1.0,Zone_A
BLE_Beacon_02,0.8326,0.0043,Zone_D
BLE_Beacon_07,0.7441,0.0088,Zone_D
BLE_Beacon_03,0.7447,0.0088,Zone_A
BLE_Beacon_05,0.4456,0.0978,Zone_C
BLE_Beacon_03,0.3251,0.2583,Zone_C
BLE_Beacon_10,0.5966,0.029,Zone_A
BLE_Beacon_08,0.4586,0.0881,Zone_B
BLE_Beacon_03,0.2437,0.4976,Zone_B
BLE_Beacon_03,0.2486,0.4783,Zone_A
BLE_Beacon_02,0.635,0.0213,Zone_C
BLE_Beacon_10,0.1541,1.0,Zone_B
BLE_Beacon_05,0.2165,0.6198,Zone_C
BLE_Beacon_06,0.6296,0.0222,Zone_D
BLE_Beacon_10,0.4799,0.0742,Zone_C
BLE_Beacon_03,0.3291,0.2501,Zone_C
BLE_Beacon_03,0.5266,0.0509,Zone_A
BLE_Beacon_07,0.5679,0.0365,Zone_B
BLE_Beacon_03,0.0827,1.0,Zone_A
BLE_Beacon_04,0.1986,0.7158,Zone_C
BLE_Beacon_01,0.5209,0.0533,Zone_D
BLE_Beacon_06,0.2189,0.6077,Zone_D
BLE_Beacon_08,0.8514,0.0037,Zone_D
BLE_Beacon_10,0.2779,0.3778,Zone_D
BLE_Beacon_02,0.6568,0.0178,Zone_C
BLE_Beacon_06,0.8545,0.0036,Zone_B
BLE_Beacon_05,0.3393,0.2303,Zone_D
BLE_Beacon_09,0.43,0.111,Zone_A
BLE_Beacon_06,0.6711,0.0159,Zone_C
BLE_Beacon_02,0.6858,0.0141,Zone_D
BLE_Beacon_01,0.8294,0.0044,Zone_B
BLE_Beacon_02,0.2499,0.4736,Zone_D
BLE_Beacon_02,0.1659,0.9316,Zone_C
BLE_Beacon_03,0.7576,0.0079,Zone_C
BLE_Beacon_08,0.4141,0.1261,Zone_A
BLE_Beacon_09,0.2149,0.6278,Zone_B
BLE_Beacon_03,0.7314,0.0098,Zone_B
BLE_Beacon_01,0.2275,0.5671,Zone_C
BLE_Beacon_09,0.5436,0.0444,Zone_B
BLE_Beacon_10,0.7471,0.0086,Zone_A
BLE_Beacon_09,0.3564,0.2008,Zone_B
BLE_Beacon_09,0.2024,0.6941,Zone_B
BLE_Beacon_02,0.606,0.0268,Zone_B
BLE_Beacon_03,0.4964,0.065,Zone_D
BLE_Beacon_04,0.2902,0.3422,Zone_D
BLE_Beacon_05,0.3777,0.1691,Zone_D
BLE_Beacon_08,0.4391,0.103,Zone_B
BLE_Beacon_05,0.0717,1.0,Zone_C
BLE_Beacon_09,0.5964,0.029,Zone_B
BLE_Beacon_10,0.5381,0.0464,Zone_A
BLE_Beacon_01,0.6648,0.0167,Zone_B
BLE_Beacon_03,0.4493,0.0949,Zone_B
BLE_Beacon_04,0.3788,0.1675,Zone_B
BLE_Beacon_07,0.3786,0.1678,Zone_B
BLE_Beacon_04,0.727,0.0101,Zone_A
BLE_Beacon_04,0.8284,0.0045,Zone_C
BLE_Beacon_03,0.7728,0.007,Zone_A
BLE_Beacon_10,0.8134,0.005,Zone_B
BLE_Beacon_04,0.4198,0.1204,Zone_C
BLE_Beacon_06,0.0799,1.0,Zone_A
BLE_Beacon_09,0.3159,0.2782,Zone_A
BLE_Beacon_10,0.4416,0.101,Zone_D
BLE_Beacon_05,0.7175,0.0109,Zone_D
BLE_Beacon_03,0.1267,1.0,Zone_C
BLE_Beacon_05,0.8175,0.0049,Zone_A
BLE_Beacon_07,0.7298,0.0099,Zone_C
BLE_Beacon_02,0.564,0.0377,Zone_D
BLE_Beacon_10,0.2038,0.6867,Zone_D
BLE_Beacon_05,0.2479,0.4811,Zone_A
BLE_Beacon_02,0.8553,0.0036,Zone_C
BLE_Beacon_04,0.7545,0.0081,Zone_D
BLE_Beacon_07,0.4027,0.1382,Zone_A
BLE_Beacon_05,0.7333,0.0096,Zone_C
BLE_Beacon_05,0.5745,0.0346,Zone_C
BLE_Beacon_07,0.5955,0.0292,Zone_C
BLE_Beacon_06,0.1367,1.0,Zone_A
BLE_Beacon_08,0.2622,0.429,Zone_D
BLE_Beacon_04,0.5359,0.0473,Zone_C
BLE_Beacon_02,0.855,0.0036,Zone_D
BLE_Beacon_09,0.5481,0.0428,Zone_D
BLE_Beacon_10,0.4792,0.0746,Zone_D
BLE_Beacon_01,0.5442,0.0442,Zone_A
BLE_Beacon_10,0.146,1.0,Zone_B
BLE_Beacon_06,0.5272,0.0507,Zone_D
BLE_Beacon_07,0.6358,0.0211,Zone_A
BLE_Beacon_06,0.5799,0.0332,Zone_D
BLE_Beacon_08,0.5219,0.0529,Zone_A
BLE_Beacon_07,0.7103,0.0116,Zone_D
BLE_Beacon_01,0.2412,0.508,Zone_B
BLE_Beacon_01,0.5668,0.0368,Zone_C
BLE_Beacon_02,0.3011,0.3135,Zone_D
BLE_Beacon_01,0.6443,0.0197,Zone_C
BLE_Beacon_06,0.7144,0.0112,Zone_C
BLE_Beacon_06,0.8364,0.0042,Zone_B
BLE_Beacon_05,0.4219,0.1184,Zone_A
BLE_Beacon_06,0.4314,0.1096,Zone_C
BLE_Beacon_03,0.2359,0.5299,Zone_C
BLE_Beacon_07,0.6633,0.0169,Zone_B
BLE_Beacon_08,0.7445,0.0088,Zone_C
BLE_Beacon_06,0.5557,0.0403,Zone_B
BLE_Beacon_06,0.7225,0.0105,Zone_A
BLE_Beacon_02,0.5739,0.0348,Zone_C
BLE_Beacon_10,0.4621,0.0856,Zone_B
BLE_Beacon_07,0.2303,0.5547,Zone_D
BLE_Beacon_06,0.3362,0.2362,Zone_D
BLE_Beacon_06,0.6645,0.0168,Zone_B
BLE_Beacon_06,0.0839,1.0,Zone_B
BLE_Beacon_10,0.3154,0.2793,Zone_C
BLE_Beacon_09,0.4943,0.066,Zone_D
BLE_Beacon_10,0.618,0.0244,Zone_B
BLE_Beacon_02,0.1426,1.0,Zone_D
BLE_Beacon_05,0.186,0.7928,Zone_C
BLE_Beacon_09,0.3494,0.2123,Zone_B
BLE_Beacon_07,0.1528,1.0,Zone_C
BLE_Beacon_10,0.5194,0.054,Zone_A
BLE_Beacon_06,0.8567,0.0036,Zone_D
BLE_Beacon_01,0.2646,0.4205,Zone_B
BLE_Beacon_05,0.0921,1.0,Zone_B
BLE_Beacon_04,0.2642,0.422,Zone_B
BLE_Beacon_08,0.5805,0.033,Zone_B
BLE_Beacon_03,0.0812,1.0,Zone_B
BLE_Beacon_01,0.7452,0.0087,Zone_D
BLE_Beacon_08,0.3971,0.1446,Zone_B
BLE_Beacon_07,0.2176,0.6142,Zone_D
BLE_Beacon_10,0.7696,0.0072,Zone_D
BLE_Beacon_05,0.6267,0.0227,Zone_C
BLE_Beacon_05,0.4103,0.13,Zone_C
BLE_Beacon_04,0.323,0.2628,Zone_C
BLE_Beacon_02,0.8242,0.0046,Zone_B
BLE_Beacon_06,0.7471,0.0086,Zone_B
BLE_Beacon_09,0.5263,0.051,Zone_A
BLE_Beacon_09,0.628,0.0225,Zone_C
BLE_Beacon_02,0.7057,0.012,Zone_B
BLE_Beacon_06,0.6352,0.0212,Zone_B
BLE_Beacon_08,0.2829,0.363,Zone_A
BLE_Beacon_08,0.5576,0.0397,Zone_D
BLE_Beacon_10,0.4141,0.126,Zone_B
BLE_Beacon_01,0.5114,0.0576,Zone_A
BLE_Beacon_06,0.4459,0.0976,Zone_B
BLE_Beacon_02,0.6073,0.0266,Zone_A
BLE_Beacon_05,0.5191,0.0541,Zone_A
BLE_Beacon_10,0.4571,0.0892,Zone_B
BLE_Beacon_07,0.2405,0.5107,Zone_D
BLE_Beacon_05,0.4945,0.066,Zone_C
BLE_Beacon_06,0.2542,0.4576,Zone_D
BLE_Beacon_03,0.6735,0.0156,Zone_C
BLE_Beacon_01,0.8343,0.0043,Zone_A
BLE_Beacon_06,0.533,0.0484,Zone_A
BLE_Beacon_10,0.1214,1.0,Zone_D
BLE_Beacon_03,0.647,0.0193,Zone_B
BLE_Beacon_10,0.6794,0.0149,Zone_B
BLE_Beacon_03,0.0946,1.0,Zone_D
BLE_Beacon_02,0.3321,0.2441,Zone_A
BLE_Beacon_07,0.5224,0.0527,Zone_D
BLE_Beacon_07,0.371,0.1784,Zone_D
BLE_Beacon_03,0.7371,0.0093,Zone_B
BLE_Beacon_02,0.3159,0.2781,Zone_B
BLE_Beacon_07,0.7621,0.0076,Zone_D
BLE_Beacon_02,0.2164,0.6201,Zone_D
BLE_Beacon_04,0.2495,0.4751,Zone_A
BLE_Beacon_06,0.4264,0.1142,Zone_A
BLE_Beacon_09,0.274,0.3901,Zone_A
BLE_Beacon_09,0.1179,1.0,Zone_C
BLE_Beacon_02,0.2038,0.6864,Zone_A
BLE_Beacon_01,0.3282,0.2518,Zone_C
BLE_Beacon_01,0.7,0.0126,Zone_C
BLE_Beacon_02,0.8223,0.0047,Zone_B
BLE_Beacon_10,0.4629,0.0851,Zone_B
BLE_Beacon_06,0.1476,1.0,Zone_B
BLE_Beacon_10,0.3654,0.1867,Zone_B
BLE_Beacon_08,0.6264,0.0228,Zone_B
BLE_Beacon_09,0.1884,0.7774,Zone_D
BLE_Beacon_01,0.5602,0.0388,Zone_A
BLE_Beacon_05,0.8061,0.0054,Zone_A
BLE_Beacon_06,0.6081,0.0264,Zone_B
BLE_Beacon_02,0.4624,0.0854,Zone_B
BLE_Beacon_10,0.7943,0.0059,Zone_D
BLE_Beacon_09,0.725,0.0103,Zone_D
BLE_Beacon_02,0.5968,0.0289,Zone_A
BLE_Beacon_06,0.2649,0.4197,Zone_B
BLE_Beacon_04,0.826,0.0046,Zone_D
BLE_Beacon_04,0.6953,0.0131,Zone_A
BLE_Beacon_06,0.1175,1.0,Zone_D
BLE_Beacon_10,0.149,1.0,Zone_A
BLE_Beacon_06,0.7879,0.0062,Zone_D
BLE_Beacon_09,0.5768,0.034,Zone_C
BLE_Beacon_06,0.1779,0.8461,Zone_B
BLE_Beacon_05,0.8133,0.0051,Zone_D
BLE_Beacon_07,0.4133,0.1269,Zone_A
BLE_Beacon_08,0.0902,1.0,Zone_A
BLE_Beacon_06,0.5124,0.0571,Zone_D
BLE_Beacon_05,0.4624,0.0854,Zone_C
BLE_Beacon_01,0.4859,0.0707,Zone_A
BLE_Beacon_04,0.8153,0.005,Zone_C
BLE_Beacon_10,0.659,0.0175,Zone_B
BLE_Beacon_06,0.6523,0.0185,Zone_A
BLE_Beacon_01,0.831,0.0044,Zone_D
BLE_Beacon_04,0.3478,0.2151,Zone_A
BLE_Beacon_07,0.6517,0.0186,Zone_B
BLE_Beacon_09,0.3628,0.1906,Zone_A
BLE_Beacon_04,0.1489,1.0,Zone_B
BLE_Beacon_04,0.6312,0.0219,Zone_A
BLE_Beacon_04,0.4606,0.0867,Zone_A
BLE_Beacon_01,0.7959,0.0058,Zone_B
BLE_Beacon_02,0.7977,0.0057,Zone_A
BLE_Beacon_04,0.5897,0.0306,Zone_C
BLE_Beacon_03,0.847,0.0039,Zone_B
BLE_Beacon_06,0.7924,0.006,Zone_D
BLE_Beacon_01,0.1939,0.7434,Zone_B
BLE_Beacon_10,0.5967,0.0289,Zone_D
BLE_Beacon_10,0.6294,0.0222,Zone_C
BLE_Beacon_04,0.8102,0.0052,Zone_C
BLE_Beacon_07,0.6138,0.0252,Zone_D
BLE_Beacon_07,0.3677,0.1832,Zone_B
BLE_Beacon_08,0.2705,0.4009,Zone_A
BLE_Beacon_07,0.1043,1.0,Zone_D
BLE_Beacon_03,0.5923,0.03,Zone_B
BLE_Beacon_02,0.5724,0.0352,Zone_A
BLE_Beacon_03,0.7803,0.0066,Zone_D
BLE_Beacon_02,0.2155,0.6248,Zone_C
BLE_Beacon_03,0.8128,0.0051,Zone_C
BLE_Beacon_07,0.2952,0.3287,Zone_C
BLE_Beacon_05,0.7436,0.0089,Zone_C
BLE_Beacon_02,0.6693,0.0161,Zone_D
BLE_Beacon_04,0.818,0.0049,Zone_D
BLE_Beacon_04,0.1713,0.8921,Zone_A
BLE_Beacon_08,0.4476,0.0962,Zone_A
BLE_Beacon_04,0.1013,1.0,Zone_D
BLE_Beacon_03,0.1371,1.0,Zone_A
BLE_Beacon_04,0.414,0.1262,Zone_C
BLE_Beacon_08,0.6516,0.0186,Zone_D
BLE_Beacon_10,0.6757,0.0153,Zone_B
BLE_Beacon_04,0.641,0.0203,Zone_A
BLE_Beacon_10,0.0826,1.0,Zone_B
BLE_Beacon_06,0.7467,0.0086,Zone_C
BLE_Beacon_03,0.3465,0.2174,Zone_B
BLE_Beacon_01,0.3789,0.1675,Zone_B
BLE_Beacon_05,0.4687,0.0812,Zone_B
BLE_Beacon_03,0.5642,0.0376,Zone_C
BLE_Beacon_08,0.0913,1.0,Zone_D
BLE_Beacon_02,0.7341,0.0096,Zone_C
BLE_Beacon_09,0.198,0.7194,Zone_C
BLE_Beacon_01,0.1589,0.9857,Zone_A
BLE_Beacon_07,0.4785,0.0751,Zone_A
BLE_Beacon_10,0.6375,0.0208,Zone_C
BLE_Beacon_06,0.1016,1.0,Zone_A
BLE_Beacon_04,0.0761,1.0,Zone_A
BLE_Beacon_10,0.1173,1.0,Zone_D
BLE_Beacon_10,0.1654,0.9354,Zone_B
BLE_Beacon_01,0.5143,0.0562,Zone_A
BLE_Beacon_01,0.5812,0.0328,Zone_D
BLE_Beacon_10,0.578,0.0336,Zone_C
BLE_Beacon_10,0.3753,0.1723,Zone_B
BLE_Beacon_08,0.5528,0.0412,Zone_C
BLE_Beacon_08,0.4479,0.096,Zone_B
BLE_Beacon_08,0.4929,0.0668,Zone_C
BLE_Beacon_04,0.1849,0.7996,Zone_B
BLE_Beacon_07,0.8565,0.0036,Zone_B
BLE_Beacon_06,0.6529,0.0184,Zone_D
BLE_Beacon_05,0.1846,0.8018,Zone_D
BLE_Beacon_07,0.6298,0.0222,Zone_B
BLE_Beacon_07,0.1697,0.904,Zone_C
BLE_Beacon_04,0.8115,0.0051,Zone_D
BLE_Beacon_07,0.4333,0.108,Zone_D
BLE_Beacon_08,0.8197,0.0048,Zone_D
BLE_Beacon_06,0.3368,0.235,Zone_D
BLE_Beacon_03,0.6397,0.0205,Zone_B
BLE_Beacon_04,0.2419,0.5051,Zone_B
BLE_Beacon_10,0.2243,0.5819,Zone_C
BLE_Beacon_08,0.5022,0.062,Zone_D
BLE_Beacon_06,0.5774,0.0338,Zone_B
BLE_Beacon_07,0.1825,0.8153,Zone_A
BLE_Beacon_09,0.5839,0.0321,Zone_C
BLE_Beacon_10,0.3952,0.1468,Zone_B
BLE_Beacon_04,0.3368,0.2352,Zone_B
BLE_Beacon_07,0.8077,0.0053,Zone_D
BLE_Beacon_03,0.8125,0.0051,Zone_A
BLE_Beacon_04,0.3747,0.1732,Zone_B
BLE_Beacon_05,0.8443,0.0039,Zone_B
BLE_Beacon_07,0.5233,0.0523,Zone_B
BLE_Beacon_03,0.3946,0.1476,Zone_D
BLE_Beacon_04,0.7535,0.0082,Zone_B
BLE_Beacon_08,0.3199,0.2694,Zone_A
BLE_Beacon_02,0.6898,0.0137,Zone_A
BLE_Beacon_01,0.0782,1.0,Zone_A
BLE_Beacon_06,0.7413,0.009,Zone_C
BLE_Beacon_06,0.2309,0.5517,Zone_B
BLE_Beacon_04,0.3131,0.2846,Zone_A
BLE_Beacon_06,0.5611,0.0386,Zone_C
BLE_Beacon_10,0.7821,0.0065,Zone_D
BLE_Beacon_08,0.3375,0.2338,Zone_B
BLE_Beacon_05,0.3097,0.2925,Zone_B
BLE_Beacon_03,0.1997,0.7096,Zone_A
BLE_Beacon_09,0.7866,0.0063,Zone_D
BLE_Beacon_03,0.5127,0.0569,Zone_D
BLE_Beacon_05,0.6135,0.0253,Zone_B
BLE_Beacon_02,0.593,0.0298,Zone_B
BLE_Beacon_08,0.1477,1.0,Zone_A
BLE_Beacon_03,0.763,0.0076,Zone_D
BLE_Beacon_07,0.4461,0.0974,Zone_A
BLE_Beacon_10,0.6121,0.0256,Zone_C
BLE_Beacon_08,0.531,0.0492,Zone_B
BLE_Beacon_08,0.7738,0.0069,Zone_D
BLE_Beacon_10,0.3416,0.2262,Zone_C
BLE_Beacon_02,0.768,0.0073,Zone_A
BLE_Beacon_03,0.1775,0.849,Zone_C
BLE_Beacon_07,0.7917,0.006,Zone_A
BLE_Beacon_04,0.827,0.0045,Zone_C
BLE_Beacon_05,0.6304,0.0221,Zone_A
BLE_Beacon_06,0.5451,0.0439,Zone_D
BLE_Beacon_01,0.56,0.0389,Zone_D
BLE_Beacon_03,0.3584,0.1975,Zone_C
BLE_Beacon_04,0.4748,0.0773,Zone_A
BLE_Beacon_08,0.3217,0.2654,Zone_B
BLE_Beacon_01,0.5817,0.0327,Zone_C
BLE_Beacon_05,0.4242,0.1163,Zone_D
BLE_Beacon_06,0.1032,1.0,Zone_D
BLE_Beacon_02,0.333,0.2424,Zone_A
BLE_Beacon_03,0.7566,0.008,Zone_A
BLE_Beacon_10,0.0865,1.0,Zone_D
BLE_Beacon_04,0.7821,0.0065,Zone_D
BLE_Beacon_07,0.0997,1.0,Zone_C
BLE_Beacon_07,0.3351,0.2382,Zone_D
BLE_Beacon_07,0.6271,0.0226,Zone_B
BLE_Beacon_06,0.6364,0.021,Zone_B
BLE_Beacon_08,0.2927,0.3353,Zone_A
BLE_Beacon_08,0.7933,0.0059,Zone_A
BLE_Beacon_06,0.7483,0.0085,Zone_A
BLE_Beacon_01,0.7085,0.0118,Zone_A
BLE_Beacon_04,0.1299,1.0,Zone_C
BLE_Beacon_02,0.1924,0.7525,Zone_B
BLE_Beacon_02,0.75,0.0084,Zone_A
BLE_Beacon_01,0.6501,0.0188,Zone_C
BLE_Beacon_10,0.1267,1.0,Zone_D
BLE_Beacon_06,0.6891,0.0137,Zone_A
BLE_Beacon_10,0.1673,0.9216,Zone_B
BLE_Beacon_04,0.7927,0.006,Zone_A
BLE_Beacon_03,0.1435,1.0,Zone_A
BLE_Beacon_01,0.4116,0.1286,Zone_B
BLE_Beacon_04,0.1107,1.0,Zone_A
BLE_Beacon_07,0.3232,0.2624,Zone_B
BLE_Beacon_08,0.7138,0.0113,Zone_D
BLE_Beacon_10,0.6264,0.0228,Zone_D
BLE_Beacon_05,0.6462,0.0194,Zone_A
BLE_Beacon_08,0.2167,0.6187,Zone_A
BLE_Beacon_02,0.2096,0.6553,Zone_B
BLE_Beacon_05,0.1845,0.8022,Zone_B
BLE_Beacon_02,0.6237,0.0233,Zone_A
BLE_Beacon_04,0.2184,0.6104,Zone_C
BLE_Beacon_04,0.199,0.7134,Zone_C
BLE_Beacon_10,0.3954,0.1466,Zone_C
BLE_Beacon_04,0.4066,0.134,Zone_C
BLE_Beacon_04,0.4883,0.0693,Zone_C
BLE_Beacon_05,0.6641,0.0168,Zone_A
BLE_Beacon_01,0.1208,1.0,Zone_C
BLE_Beacon_01,0.5584,0.0394,Zone_D
BLE_Beacon_02,0.601,0.028,Zone_D
BLE_Beacon_01,0.8392,0.0041,Zone_A
BLE_Beacon_06,0.5335,0.0482,Zone_C
BLE_Beacon_10,0.6043,0.0272,Zone_A
BLE_Beacon_10,0.2776,0.3787,Zone_C
BLE_Beacon_08,0.3528,0.2066,Zone_D
BLE_Beacon_06,0.464,0.0843,Zone_D
BLE_Beacon_06,0.5004,0.0629,Zone_B
BLE_Beacon_04,0.5328,0.0484,Zone_A
BLE_Beacon_06,0.3934,0.149,Zone_D
BLE_Beacon_06,0.797,0.0058,Zone_D
BLE_Beacon_08,0.754,0.0081,Zone_D
BLE_Beacon_08,0.1914,0.7588,Zone_D
BLE_Beacon_07,0.8176,0.0049,Zone_B
BLE_Beacon_06,0.3711,0.1782,Zone_B
BLE_Beacon_07,0.3588,0.1969,Zone_D
BLE_Beacon_03,0.1901,0.7667,Zone_B
BLE_Beacon_04,0.146,1.0,Zone_D
BLE_Beacon_08,0.1892,0.7723,Zone_C
BLE_Beacon_04,0.0885,1.0,Zone_D
BLE_Beacon_03,0.3099,0.292,Zone_C
BLE_Beacon_04,0.2207,0.5993,Zone_D
BLE_Beacon_07,0.4133,0.1269,Zone_B
BLE_Beacon_08,0.8329,0.0043,Zone_A
BLE_Beacon_06,0.8268,0.0045,Zone_A
BLE_Beacon_06,0.6262,0.0228,Zone_C
BLE_Beacon_03,0.2562,0.4501,Zone_D
BLE_Beacon_04,0.3986,0.1429,Zone_A
BLE_Beacon_05,0.5676,0.0366,Zone_C
BLE_Beacon_05,0.6089,0.0262,Zone_D
BLE_Beacon_10,0.1672,0.9224,Zone_B
BLE_Beacon_09,0.2929,0.3348,Zone_C
BLE_Beacon_03,0.3618,0.1922,Zone_D
BLE_Beacon_02,0.0853,1.0,Zone_C
BLE_Beacon_07,0.2648,0.42,Zone_C
BLE_Beacon_04,0.7865,0.0063,Zone_C
BLE_Beacon_08,0.6896,0.0137,Zone_C
BLE_Beacon_10,0.6951,0.0131,Zone_B
BLE_Beacon_03,0.83,0.0044,Zone_B
BLE_Beacon_10,0.5502,0.0421,Zone_B
BLE_Beacon_08,0.514,0.0564,Zone_A
BLE_Beacon_06,0.4729,0.0785,Zone_A
BLE_Beacon_07,0.6609,0.0173,Zone_C
BLE_Beacon_02,0.4873,0.0699,Zone_D
BLE_Beacon_10,0.7789,0.0067,Zone_C
BLE_Beacon_02,0.4246,0.1159,Zone_B
BLE_Beacon_05,0.6308,0.022,Zone_C
BLE_Beacon_01,0.4437,0.0994,Zone_B
BLE_Beacon_01,0.3285,0.2513,Zone_D
BLE_Beacon_09,0.1862,0.791,Zone_C
BLE_Beacon_06,0.4523,0.0927,Zone_C
BLE_Beacon_10,0.7654,0.0074,Zone_B
BLE_Beacon_04,0.8239,0.0046,Zone_A
BLE_Beacon_05,0.6477,0.0192,Zone_B
BLE_Beacon_09,0.6991,0.0127,Zone_C
BLE_Beacon_04,0.6927,0.0134,Zone_D
BLE_Beacon_01,0.3057,0.302,Zone_B
BLE_Beacon_03,0.3041,0.306,Zone_A
BLE_Beacon_07,0.1333,1.0,Zone_D
BLE_Beacon_03,0.4224,0.1179,Zone_D
BLE_Beacon_09,0.1948,0.7384,Zone_D
BLE_Beacon_06,0.1561,1.0,Zone_C
BLE_Beacon_08,0.2882,0.3476,Zone_D
BLE_Beacon_05,0.1994,0.7112,Zone_B
BLE_Beacon_06,0.8227,0.0047,Zone_A
BLE_Beacon_01,0.7532,0.0082,Zone_D
BLE_Beacon_06,0.1828,0.8132,Zone_D
BLE_Beacon_09,0.0914,1.0,Zone_D
BLE_Beacon_06,0.3822,0.163,Zone_C
BLE_Beacon_10,0.7283,0.01,Zone_A
BLE_Beacon_05,0.326,0.2564,Zone_A
BLE_Beacon_09,0.1153,1.0,Zone_B
BLE_Beacon_08,0.1216,1.0,Zone_A
BLE_Beacon_03,0.1905,0.7642,Zone_B
BLE_Beacon_04,0.1436,1.0,Zone_C
BLE_Beacon_06,0.3371,0.2345,Zone_D
BLE_Beacon_06,0.6614,0.0172,Zone_D
BLE_Beacon_07,0.4997,0.0632,Zone_D
BLE_Beacon_07,0.6172,0.0245,Zone_A
BLE_Beacon_04,0.4238,0.1166,Zone_A
BLE_Beacon_05,0.2501,0.4728,Zone_A
BLE_Beacon_09,0.0905,1.0,Zone_B
BLE_Beacon_08,0.1047,1.0,Zone_B
BLE_Beacon_04,0.8178,0.0049,Zone_B
BLE_Beacon_09,0.3224,0.2639,Zone_D
BLE_Beacon_07,0.0866,1.0,Zone_C
BLE_Beacon_08,0.0899,1.0,Zone_D
BLE_Beacon_09,0.1248,1.0,Zone_B
BLE_Beacon_10,0.0997,1.0,Zone_B
BLE_Beacon_10,0.4576,0.0888,Zone_C
BLE_Beacon_02,0.5284,0.0502,Zone_C
BLE_Beacon_09,0.7775,0.0067,Zone_B
BLE_Beacon_07,0.2386,0.5186,Zone_A
BLE_Beacon_10,0.2925,0.3358,Zone_C
BLE_Beacon_09,0.3766,0.1705,Zone_B
BLE_Beacon_10,0.2728,0.3938,Zone_B
BLE_Beacon_06,0.7769,0.0068,Zone_D
BLE_Beacon_02,0.5825,0.0325,Zone_D
BLE_Beacon_01,0.4215,0.1188,Zone_D
BLE_Beacon_04,0.2167,0.619,Zone_A
BLE_Beacon_07,0.7036,0.0122,Zone_B
BLE_Beacon_04,0.6684,0.0162,Zone_C
BLE_Beacon_04,0.7681,0.0073,Zone_C
BLE_Beacon_06,0.4358,0.1058,Zone_B
BLE_Beacon_10,0.7709,0.0071,Zone_C
BLE_Beacon_04,0.473,0.0784,Zone_C
BLE_Beacon_01,0.2415,0.5068,Zone_B
BLE_Beacon_06,0.2336,0.5402,Zone_D
BLE_Beacon_06,0.4312,0.1099,Zone_D
BLE_Beacon_10,0.6637,0.0169,Zone_D
BLE_Beacon_08,0.5121,0.0572,Zone_C
BLE_Beacon_04,0.1325,1.0,Zone_A
BLE_Beacon_01,0.7414,0.009,Zone_A
BLE_Beacon_01,0.8153,0.005,Zone_A
BLE_Beacon_05,0.4211,0.1191,Zone_B
BLE_Beacon_02,0.1135,1.0,Zone_B
BLE_Beacon_04,0.8343,0.0043,Zone_C
BLE_Beacon_02,0.2914,0.3389,Zone_A
BLE_Beacon_05,0.6768,0.0152,Zone_A
BLE_Beacon_05,0.1829,0.8127,Zone_D
BLE_Beacon_04,0.166,0.9313,Zone_A
BLE_Beacon_08,0.2086,0.6605,Zone_A
BLE_Beacon_02,0.6409,0.0203,Zone_D
BLE_Beacon_10,0.6174,0.0245,Zone_C
BLE_Beacon_05,0.0892,1.0,Zone_D
BLE_Beacon_02,0.6461,0.0194,Zone_B
BLE_Beacon_04,0.1226,1.0,Zone_D
BLE_Beacon_01,0.1006,1.0,Zone_D
BLE_Beacon_08,0.3955,0.1465,Zone_A
BLE_Beacon_10,0.7765,0.0068,Zone_A
BLE_Beacon_05,0.6292,0.0223,Zone_D
BLE_Beacon_04,0.7015,0.0124,Zone_A
BLE_Beacon_05,0.8282,0.0045,Zone_B
BLE_Beacon_04,0.6133,0.0253,Zone_A
BLE_Beacon_01,0.7578,0.0079,Zone_D
BLE_Beacon_09,0.8195,0.0048,Zone_D
BLE_Beacon_04,0.6337,0.0215,Zone_A
BLE_Beacon_05,0.3575,0.199,Zone_C
BLE_Beacon_08,0.7163,0.011,Zone_B
BLE_Beacon_06,0.5889,0.0308,Zone_C
BLE_Beacon_09,0.4963,0.065,Zone_C
BLE_Beacon_06,0.3912,0.1516,Zone_D
BLE_Beacon_06,0.4387,0.1034,Zone_C
BLE_Beacon_05,0.1874,0.7834,Zone_D
BLE_Beacon_09,0.3919,0.1508,Zone_D
BLE_Beacon_02,0.5445,0.0441,Zone_B
BLE_Beacon_06,0.798,0.0057,Zone_D
BLE_Beacon_08,0.6636,0.0169,Zone_B
BLE_Beacon_01,0.3413,0.2267,Zone_B
BLE_Beacon_10,0.3399,0.2293,Zone_B
BLE_Beacon_10,0.1811,0.8247,Zone_B
BLE_Beacon_07,0.1357,1.0,Zone_D
BLE_Beacon_02,0.8497,0.0038,Zone_A
BLE_Beacon_09,0.153,1.0,Zone_A
BLE_Beacon_05,0.8057,0.0054,Zone_B
BLE_Beacon_04,0.6089,0.0262,Zone_C
BLE_Beacon_08,0.1633,0.9516,Zone_C
BLE_Beacon_09,0.8076,0.0053,Zone_D
BLE_Beacon_04,0.5248,0.0517,Zone_D
BLE_Beacon_02,0.2489,0.4775,Zone_D
BLE_Beacon_03,0.727,0.0101,Zone_B
BLE_Beacon_01,0.7732,0.007,Zone_A
BLE_Beacon_08,0.1849,0.7999,Zone_A
BLE_Beacon_05,0.2614,0.4315,Zone_D
BLE_Beacon_05,0.7198,0.0107,Zone_A
BLE_Beacon_04,0.0899,1.0,Zone_A
BLE_Beacon_05,0.1666,0.9269,Zone_B
BLE_Beacon_02,0.1241,1.0,Zone_D
BLE_Beacon_02,0.4029,0.138,Zone_C
BLE_Beacon_07,0.0797,1.0,Zone_C
BLE_Beacon_06,0.3761,0.1713,Zone_B
BLE_Beacon_05,0.4081,0.1323,Zone_D
BLE_Beacon_10,0.5376,0.0466,Zone_D
BLE_Beacon_01,0.4643,0.0841,Zone_C
BLE_Beacon_01,0.2724,0.395,Zone_D
BLE_Beacon_07,0.663,0.017,Zone_A
BLE_Beacon_07,0.6125,0.0255,Zone_C
BLE_Beacon_08,0.8529,0.0037,Zone_D
BLE_Beacon_01,0.8279,0.0045,Zone_A
BLE_Beacon_08,0.2696,0.4042,Zone_A
BLE_Beacon_02,0.2642,0.4219,Zone_A
BLE_Beacon_08,0.3699,0.1801,Zone_C
BLE_Beacon_04,0.5457,0.0437,Zone_D
BLE_Beacon_01,0.3251,0.2583,Zone_D
BLE_Beacon_04,0.5536,0.041,Zone_A
BLE_Beacon_01,0.6087,0.0263,Zone_A
BLE_Beacon_09,0.4206,0.1196,Zone_B
BLE_Beacon_08,0.2873,0.3503,Zone_D
BLE_Beacon_09,0.5851,0.0318,Zone_A
BLE_Beacon_05,0.5316,0.0489,Zone_D
BLE_Beacon_03,0.7803,0.0066,Zone_C
BLE_Beacon_03,0.1027,1.0,Zone_C
BLE_Beacon_07,0.1576,0.9963,Zone_B
BLE_Beacon_02,0.2279,0.5655,Zone_D
BLE_Beacon_04,0.0759,1.0,Zone_B
BLE_Beacon_07,0.1059,1.0,Zone_B
BLE_Beacon_04,0.3386,0.2316,Zone_D
BLE_Beacon_04,0.6323,0.0217,Zone_A
BLE_Beacon_02,0.2006,0.7044,Zone_B
BLE_Beacon_10,0.5136,0.0565,Zone_D
BLE_Beacon_08,0.3595,0.1957,Zone_D
BLE_Beacon_01,0.628,0.0225,Zone_C
BLE_Beacon_09,0.155,1.0,Zone_D
BLE_Beacon_01,0.2906,0.3412,Zone_D
BLE_Beacon_02,0.1226,1.0,Zone_C
BLE_Beacon_06,0.4443,0.0988,Zone_B
BLE_Beacon_03,0.1665,0.9273,Zone_B
BLE_Beacon_02,0.5196,0.0539,Zone_B
BLE_Beacon_08,0.5899,0.0306,Zone_C
BLE_Beacon_09,0.2781,0.3773,Zone_A
BLE_Beacon_03,0.5288,0.05,Zone_A
BLE_Beacon_09,0.1027,1.0,Zone_B
BLE_Beacon_03,0.3074,0.2979,Zone_D
BLE_Beacon_01,0.3636,0.1894,Zone_A
BLE_Beacon_02,0.4836,0.072,Zone_C
BLE_Beacon_10,0.4883,0.0694,Zone_C
BLE_Beacon_03,0.3225,0.2638,Zone_B
BLE_Beacon_08,0.701,0.0125,Zone_B
BLE_Beacon_08,0.4472,0.0965,Zone_B
BLE_Beacon_02,0.2069,0.6697,Zone_A
BLE_Beacon_03,0.5956,0.0292,Zone_B
BLE_Beacon_02,0.4468,0.0969,Zone_A
BLE_Beacon_10,0.2009,0.703,Zone_D
BLE_Beacon_06,0.8081,0.0053,Zone_C
BLE_Beacon_07,0.1183,1.0,Zone_D
BLE_Beacon_01,0.7555,0.008,Zone_D
BLE_Beacon_01,0.2228,0.5893,Zone_C
BLE_Beacon_07,0.4249,0.1156,Zone_B
BLE_Beacon_03,0.4481,0.0959,Zone_D
BLE_Beacon_03,0.2611,0.4328,Zone_C
BLE_Beacon_08,0.6789,0.0149,Zone_D
BLE_Beacon_10,0.0957,1.0,Zone_A
BLE_Beacon_09,0.1381,1.0,Zone_B
BLE_Beacon_01,0.3618,0.1922,Zone_D
BLE_Beacon_05,0.4364,0.1053,Zone_C
BLE_Beacon_05,0.7285,0.01,Zone_C
BLE_Beacon_05,0.7435,0.0089,Zone_D
BLE_Beacon_09,0.4547,0.0909,Zone_B
BLE_Beacon_08,0.3363,0.2361,Zone_D
BLE_Beacon_06,0.49,0.0684,Zone_A
BLE_Beacon_05,0.5657,0.0371,Zone_C
BLE_Beacon_05,0.5385,0.0463,Zone_B
BLE_Beacon_06,0.7996,0.0056,Zone_C
BLE_Beacon_04,0.5162,0.0554,Zone_C
BLE_Beacon_05,0.2222,0.5921,Zone_C
BLE_Beacon_09,0.6027,0.0276,Zone_C
BLE_Beacon_05,0.5411,0.0453,Zone_B
BLE_Beacon_10,0.7711,0.0071,Zone_B
BLE_Beacon_05,0.2207,0.5992,Zone_C
BLE_Beacon_09,0.5059,0.0602,Zone_B
BLE_Beacon_08,0.5285,0.0501,Zone_B
BLE_Beacon_02,0.6408,0.0203,Zone_C
BLE_Beacon_04,0.2331,0.5423,Zone_C
BLE_Beacon_03,0.7686,0.0072,Zone_D
BLE_Beacon_06,0.2644,0.4212,Zone_D
BLE_Beacon_05,0.8041,0.0054,Zone_D
BLE_Beacon_09,0.3397,0.2297,Zone_C
BLE_Beacon_10,0.128,1.0,Zone_A
BLE_Beacon_07,0.7103,0.0116,Zone_D
BLE_Beacon_01,0.1237,1.0,Zone_C
BLE_Beacon_08,0.4287,0.112,Zone_C
BLE_Beacon_09,0.5173,0.0549,Zone_B
BLE_Beacon_05,0.1115,1.0,Zone_D
BLE_Beacon_08,0.5391,0.046,Zone_D
BLE_Beacon_07,0.3754,0.1722,Zone_A
BLE_Beacon_03,0.2137,0.6338,Zone_C
BLE_Beacon_01,0.1037,1.0,Zone_A
BLE_Beacon_05,0.1559,1.0,Zone_C
BLE_Beacon_03,0.6873,0.0139,Zone_D
BLE_Beacon_04,0.1028,1.0,Zone_A
BLE_Beacon_01,0.159,0.9853,Zone_C
BLE_Beacon_05,0.4091,0.1312,Zone_B
BLE_Beacon_04,0.5572,0.0398,Zone_C
BLE_Beacon_09,0.3492,0.2127,Zone_B
BLE_Beacon_03,0.0895,1.0,Zone_C
BLE_Beacon_04,0.2064,0.6721,Zone_D
BLE_Beacon_04,0.4971,0.0646,Zone_A
BLE_Beacon_03,0.1431,1.0,Zone_C
BLE_Beacon_08,0.1693,0.9067,Zone_B
BLE_Beacon_07,0.2451,0.4924,Zone_D
BLE_Beacon_10,0.2016,0.699,Zone_B
BLE_Beacon_04,0.291,0.34,Zone_A
BLE_Beacon_04,0.5988,0.0285,Zone_D
BLE_Beacon_10,0.7478,0.0086,Zone_D
BLE_Beacon_08,0.2391,0.5166,Zone_A
BLE_Beacon_02,0.3924,0.1502,Zone_D
BLE_Beacon_08,0.1896,0.7699,Zone_D
BLE_Beacon_10,0.6613,0.0172,Zone_A
BLE_Beacon_09,0.6725,0.0157,Zone_B
BLE_Beacon_08,0.4145,0.1257,Zone_C
BLE_Beacon_06,0.0877,1.0,Zone_D
BLE_Beacon_08,0.548,0.0429,Zone_C
BLE_Beacon_03,0.6241,0.0232,Zone_D
BLE_Beacon_03,0.6906,0.0136,Zone_B
BLE_Beacon_04,0.3183,0.2728,Zone_D
BLE_Beacon_05,0.2669,0.4129,Zone_C
BLE_Beacon_04,0.3696,0.1805,Zone_D
BLE_Beacon_01,0.6108,0.0258,Zone_B
BLE_Beacon_02,0.4268,0.1138,Zone_A
BLE_Beacon_07,0.5206,0.0534,Zone_C
BLE_Beacon_07,0.0875,1.0,Zone_D
BLE_Beacon_08,0.7858,0.0063,Zone_A
BLE_Beacon_07,0.2717,0.3971,Zone_B
BLE_Beacon_05,0.3595,0.1958,Zone_C
BLE_Beacon_08,0.1956,0.7332,Zone_B
BLE_Beacon_10,0.5782,0.0336,Zone_B
BLE_Beacon_01,0.8408,0.004,Zone_C
BLE_Beacon_01,0.6691,0.0161,Zone_A
BLE_Beacon_03,0.144,1.0,Zone_A
BLE_Beacon_05,0.1337,1.0,Zone_C
BLE_Beacon_08,0.1885,0.7765,Zone_B
BLE_Beacon_07,0.2903,0.342,Zone_B
BLE_Beacon_04,0.3932,0.1493,Zone_B
BLE_Beacon_09,0.1239,1.0,Zone_A
BLE_Beacon_10,0.1124,1.0,Zone_B
BLE_Beacon_05,0.502,0.0621,Zone_D
BLE_Beacon_03,0.257,0.447,Zone_B
BLE_Beacon_10,0.6313,0.0219,Zone_A
BLE_Beacon_02,0.2828,0.3632,Zone_B
BLE_Beacon_09,0.169,0.9091,Zone_D
BLE_Beacon_09,0.6692,0.0161,Zone_B
BLE_Beacon_03,0.4907,0.068,Zone_B
BLE_Beacon_04,0.6897,0.0137,Zone_C
BLE_Beacon_03,0.6736,0.0156,Zone_A
BLE_Beacon_09,0.4678,0.0818,Zone_A
BLE_Beacon_07,0.1775,0.849,Zone_A
BLE_Beacon_08,0.1939,0.7434,Zone_B
BLE_Beacon_04,0.7485,0.0085,Zone_C
BLE_Beacon_10,0.6868,0.014,Zone_D
BLE_Beacon_04,0.4289,0.1119,Zone_A
BLE_Beacon_04,0.1988,0.7149,Zone_A
BLE_Beacon_02,0.8437,0.004,Zone_B
BLE_Beacon_01,0.2971,0.3237,Zone_D
BLE_Beacon_07,0.5038,0.0612,Zone_D
BLE_Beacon_09,0.4381,0.1039,Zone_C
BLE_Beacon_10,0.5252,0.0515,Zone_D
BLE_Beacon_05,0.4827,0.0725,Zone_D
BLE_Beacon_03,0.4668,0.0825,Zone_D
BLE_Beacon_03,0.7038,0.0122,Zone_B
BLE_Beacon_02,0.5427,0.0447,Zone_C
BLE_Beacon_05,0.1622,0.96,Zone_D
BLE_Beacon_07,0.3668,0.1846,Zone_C
BLE_Beacon_01,0.3186,0.2723,Zone_B
BLE_Beacon_01,0.2408,0.5095,Zone_B
BLE_Beacon_08,0.7512,0.0083,Zone_B
BLE_Beacon_05,0.3829,0.1622,Zone_B
BLE_Beacon_01,0.779,0.0067,Zone_D
BLE_Beacon_05,0.4539,0.0915,Zone_D
BLE_Beacon_08,0.3634,0.1898,Zone_B
BLE_Beacon_08,0.1739,0.8737,Zone_A
BLE_Beacon_04,0.8161,0.0049,Zone_A
BLE_Beacon_05,0.3653,0.1868,Zone_C
BLE_Beacon_08,0.786,0.0063,Zone_D
BLE_Beacon_02,0.5415,0.0452,Zone_C
BLE_Beacon_09,0.5048,0.0607,Zone_A
BLE_Beacon_08,0.1247,1.0,Zone_C
BLE_Beacon_04,0.3153,0.2796,Zone_B
BLE_Beacon_01,0.8509,0.0037,Zone_B
BLE_Beacon_09,0.2833,0.3619,Zone_A
BLE_Beacon_09,0.2433,0.4996,Zone_C
BLE_Beacon_01,0.4237,0.1167,Zone_C
BLE_Beacon_10,0.4331,0.1082,Zone_C
BLE_Beacon_05,0.3605,0.1941,Zone_A
BLE_Beacon_08,0.6674,0.0164,Zone_D
BLE_Beacon_09,0.0998,1.0,Zone_A
BLE_Beacon_03,0.8045,0.0054,Zone_D
BLE_Beacon_06,0.5905,0.0304,Zone_D
BLE_Beacon_05,0.1845,0.8019,Zone_B
BLE_Beacon_02,0.5561,0.0401,Zone_C
BLE_Beacon_07,0.2445,0.4947,Zone_A
BLE_Beacon_05,0.0809,1.0,Zone_B
BLE_Beacon_04,0.4002,0.1411,Zone_B
BLE_Beacon_07,0.6996,0.0126,Zone_B
BLE_Beacon_07,0.5013,0.0625,Zone_C
BLE_Beacon_04,0.0719,1.0,Zone_A
BLE_Beacon_03,0.7462,0.0087,Zone_C
BLE_Beacon_08,0.6898,0.0137,Zone_B
BLE_Beacon_08,0.7905,0.0061,Zone_B
BLE_Beacon_08,0.1612,0.9679,Zone_D
BLE_Beacon_06,0.5561,0.0402,Zone_C
BLE_Beacon_08,0.8223,0.0047,Zone_C
BLE_Beacon_10,0.5103,0.0581,Zone_C
BLE_Beacon_06,0.4853,0.071,Zone_C
BLE_Beacon_10,0.6829,0.0144,Zone_B
BLE_Beacon_04,0.7117,0.0115,Zone_D
BLE_Beacon_08,0.2853,0.356,Zone_C
BLE_Beacon_08,0.8357,0.0042,Zone_D
BLE_Beacon_01,0.8195,0.0048,Zone_C
BLE_Beacon_05,0.1551,1.0,Zone_B
BLE_Beacon_09,0.2471,0.4842,Zone_B
BLE_Beacon_04,0.4363,0.1054,Zone_B
BLE_Beacon_02,0.6194,0.0241,Zone_C
BLE_Beacon_07,0.6548,0.0181,Zone_D
BLE_Beacon_10,0.3317,0.245,Zone_A
BLE_Beacon_04,0.1991,0.7133,Zone_D
BLE_Beacon_02,0.6803,0.0148,Zone_A
BLE_Beacon_07,0.3904,0.1527,Zone_D
BLE_Beacon_03,0.3969,0.1448,Zone_A
BLE_Beacon_06,0.8081,0.0053,Zone_A
BLE_Beacon_05,0.2566,0.4486,Zone_D
BLE_Beacon_07,0.5338,0.0481,Zone_D
BLE_Beacon_07,0.7389,0.0092,Zone_C
BLE_Beacon_04,0.5512,0.0418,Zone_B
BLE_Beacon_06,0.1965,0.7282,Zone_C
BLE_Beacon_10,0.3675,0.1835,Zone_A
BLE_Beacon_02,0.1359,1.0,Zone_A
BLE_Beacon_03,0.496,0.0652,Zone_D
BLE_Beacon_02,0.8056,0.0054,Zone_B
BLE_Beacon_01,0.0731,1.0,Zone_B
BLE_Beacon_01,0.1763,0.8569,Zone_C
BLE_Beacon_06,0.5948,0.0294,Zone_A
BLE_Beacon_01,0.2012,0.7009,Zone_C
BLE_Beacon_06,0.15,1.0,Zone_A
BLE_Beacon_01,0.5541,0.0408,Zone_B
BLE_Beacon_03,0.7763,0.0068,Zone_D
BLE_Beacon_02,0.2815,0.3671,Zone_C
BLE_Beacon_10,0.729,0.01,Zone_A
BLE_Beacon_10,0.2949,0.3294,Zone_A
BLE_Beacon_08,0.5477,0.043,Zone_C
BLE_Beacon_03,0.577,0.0339,Zone_A
BLE_Beacon_08,0.548,0.0429,Zone_C
BLE_Beacon_01,0.3805,0.1653,Zone_C
BLE_Beacon_03,0.6174,0.0245,Zone_D
BLE_Beacon_06,0.8192,0.0048,Zone_C
BLE_Beacon_05,0.5849,0.0318,Zone_D
BLE_Beacon_07,0.7055,0.012,Zone_B
BLE_Beacon_05,0.5949,0.0294,Zone_B
BLE_Beacon_04,0.4339,0.1075,Zone_B
BLE_Beacon_01,0.1339,1.0,Zone_A
BLE_Beacon_03,0.156,1.0,Zone_D
BLE_Beacon_03,0.1888,0.7751,Zone_A
BLE_Beacon_05,0.6767,0.0152,Zone_C
BLE_Beacon_10,0.2594,0.4386,Zone_D
BLE_Beacon_07,0.3935,0.1489,Zone_C
BLE_Beacon_04,0.7751,0.0069,Zone_A
BLE_Beacon_06,0.1944,0.7405,Zone_B
BLE_Beacon_06,0.1233,1.0,Zone_A
BLE_Beacon_05,0.3775,0.1693,Zone_D
BLE_Beacon_08,0.5887,0.0309,Zone_D
BLE_Beacon_06,0.4247,0.1158,Zone_C
BLE_Beacon_07,0.5887,0.0309,Zone_B
BLE_Beacon_01,0.7544,0.0081,Zone_B
BLE_Beacon_05,0.3981,0.1434,Zone_D
BLE_Beacon_06,0.1878,0.7808,Zone_B
BLE_Beacon_04,0.4743,0.0776,Zone_D
BLE_Beacon_05,0.7843,0.0064,Zone_B
BLE_Beacon_07,0.1016,1.0,Zone_A
BLE_Beacon_06,0.6304,0.0221,Zone_C
BLE_Beacon_06,0.0736,1.0,Zone_D
