accel_x_norm,accel_y_norm,accel_z_norm,gyro_mag_norm,activity_state
0.7716,0.9693,0.2017,0.1478,Walking
0.5309,0.8896,0.9936,0.6125,Micro_Vibration
0.4349,0.9498,0.8003,0.455,Walking
0.5388,0.7558,0.0445,0.3326,Tap_Pattern
0.5893,0.9651,0.0628,0.8296,Tap_Pattern
0.929,0.9141,0.6088,0.2309,Walking
0.8348,0.2229,0.2647,0.8915,Stationary
0.8167,0.6684,0.5796,0.3948,Stationary
0.5307,0.0405,0.952,0.4492,Tap_Pattern
0.0023,0.0478,0.0761,0.8033,Tap_Pattern
0.0163,0.8685,0.7328,0.7668,Walking
0.7689,0.6633,0.4966,0.5802,Walking
0.7797,0.8552,0.9256,0.389,Walking
0.1772,0.6561,0.0142,0.4295,Walking
0.6468,0.9466,0.0207,0.1299,Walking
0.169,0.2923,0.2571,0.1619,Tap_Pattern
0.2041,0.1639,0.0976,0.9317,Walking
0.9979,0.6916,0.639,0.0762,Micro_Vibration
0.8732,0.853,0.0033,0.2396,Walking
0.9651,0.1134,0.4513,0.1214,Tap_Pattern
0.5108,0.4812,0.6144,0.7855,Walking
0.789,0.3532,0.3879,0.1893,Walking
0.7253,0.9109,0.6203,0.9694,Stationary
0.9921,0.1623,0.3421,0.5221,Micro_Vibration
0.4787,0.9247,0.6316,0.0298,Tap_Pattern
0.7927,0.4324,0.8073,0.7759,Tap_Pattern
0.2124,0.1901,0.6375,0.7735,Stationary
0.9761,0.7447,0.8345,0.9338,Tap_Pattern
0.5575,0.4579,0.3222,0.3689,Stationary
0.0364,0.1881,0.5709,0.0171,Walking
0.6487,0.4155,0.8375,0.9696,Tap_Pattern
0.0852,0.843,0.5946,0.5614,Stationary
0.5929,0.4734,0.5536,0.5516,Walking
0.1198,0.8108,0.7861,0.6381,Micro_Vibration
0.3121,0.8222,0.2935,0.8587,Stationary
0.939,0.6648,0.9984,0.6959,Tap_Pattern
0.9993,0.2807,0.8497,0.9813,Walking
0.0751,0.3084,0.2998,0.0227,Walking
0.3278,0.7118,0.8695,0.9314,Stationary
0.3625,0.0952,0.2642,0.3338,Stationary
0.1826,0.2123,0.8004,0.2315,Walking
0.3115,0.7606,0.7548,0.913,Stationary
0.8116,0.5489,0.5774,0.6905,Walking
0.9063,0.6579,0.1004,0.4036,Stationary
0.3119,0.878,0.093,0.3333,Stationary
0.1369,0.0943,0.9447,0.004,Tap_Pattern
0.0425,0.8095,0.406,0.1069,Micro_Vibration
0.5909,0.5612,0.7941,0.082,Micro_Vibration
0.1851,0.9182,0.7007,0.1039,Stationary
0.4703,0.7287,0.1267,0.7379,Micro_Vibration
0.9896,0.0053,0.523,0.2733,Micro_Vibration
0.4927,0.2379,0.4297,0.6133,Tap_Pattern
0.1925,0.5278,0.3443,0.4045,Tap_Pattern
0.9107,0.2877,0.249,0.8561,Stationary
0.7069,0.255,0.6053,0.0015,Stationary
0.4055,0.1912,0.2529,0.1282,Micro_Vibration
0.8144,0.5802,0.9672,0.2488,Stationary
0.2309,0.25,0.0466,0.0722,Tap_Pattern
0.133,0.2181,0.9594,0.5746,Micro_Vibration
0.7172,0.83,0.0138,0.107,Micro_Vibration
0.4471,0.147,0.648,0.1232,Walking
0.3251,0.4111,0.6595,0.6803,Tap_Pattern
0.6631,0.8578,0.1459,0.3892,Micro_Vibration
0.87,0.8581,0.6623,0.4899,Walking
0.4375,0.2521,0.4333,0.1586,Stationary
0.7483,0.5243,0.2038,0.1104,Walking
0.1407,0.2793,0.4262,0.0138,Stationary
0.5865,0.3478,0.6443,0.4493,Walking
0.8395,0.9635,0.2696,0.4804,Tap_Pattern
0.9048,0.0171,0.2344,0.4859,Micro_Vibration
0.9865,0.5517,0.6419,0.1447,Walking
0.7212,0.522,0.6899,0.2718,Walking
0.7464,0.0203,0.5672,0.8848,Micro_Vibration
0.8988,0.2521,0.2443,0.9577,Micro_Vibration
0.6275,0.9775,0.0034,0.9586,Walking
0.7685,0.7697,0.4197,0.3413,Tap_Pattern
0.1934,0.1085,0.3063,0.7642,Walking
0.696,0.2719,0.1995,0.402,Walking
0.0961,0.4719,0.1963,0.2449,Stationary
0.8578,0.3569,0.7589,0.5325,Tap_Pattern
0.2276,0.9575,0.0164,0.0763,Micro_Vibration
0.2313,0.8666,0.205,0.4124,Stationary
0.1026,0.9898,0.5486,0.7184,Micro_Vibration
0.738,0.2185,0.0969,0.2565,Tap_Pattern
0.1203,0.2804,0.5886,0.4498,Micro_Vibration
0.0935,0.9236,0.6118,0.0935,Walking
0.7911,0.5369,0.6291,0.7609,Stationary
0.476,0.2771,0.167,0.7573,Stationary
0.9262,0.4895,0.9923,0.7957,Walking
0.1001,0.5037,0.2293,0.5757,Stationary
0.4271,0.349,0.3569,0.4524,Micro_Vibration
0.0269,0.0975,0.6272,0.0214,Walking
0.1925,0.8223,0.2342,0.0452,Micro_Vibration
0.1959,0.2091,0.1326,0.4609,Tap_Pattern
0.2256,0.1345,0.1179,0.9122,Micro_Vibration
0.3666,0.7566,0.7611,0.8347,Tap_Pattern
0.1539,0.0633,0.9012,0.4737,Stationary
0.1714,0.0351,0.1751,0.8429,Tap_Pattern
0.1085,0.7644,0.2118,0.1537,Stationary
0.4346,0.6997,0.1662,0.7137,Walking
0.8864,0.1574,0.9972,0.5328,Micro_Vibration
0.9536,0.4249,0.6109,0.7947,Walking
0.3157,0.6063,0.9262,0.7983,Stationary
0.1963,0.2955,0.7726,0.4649,Stationary
0.8747,0.1153,0.6945,0.9008,Micro_Vibration
0.737,0.5335,0.8572,0.5601,Tap_Pattern
0.9093,0.5807,0.7376,0.1352,Micro_Vibration
0.539,0.2318,0.1264,0.908,Stationary
0.2415,0.5523,0.3391,0.5376,Walking
0.2611,0.5489,0.8281,0.044,Tap_Pattern
0.8502,0.2053,0.8029,0.2205,Stationary
0.518,0.6248,0.0714,0.7209,Stationary
0.7377,0.3218,0.1646,0.2763,Walking
0.03,0.7655,0.78,0.7753,Stationary
0.8629,0.7231,0.0836,0.1649,Stationary
0.0826,0.1904,0.9531,0.0983,Walking
0.0572,0.6308,0.9686,0.0258,Micro_Vibration
0.9884,0.3128,0.6722,0.7947,Walking
0.7525,0.2608,0.085,0.8128,Tap_Pattern
0.2872,0.5222,0.768,0.1506,Walking
0.5014,0.7883,0.3141,0.4689,Tap_Pattern
0.4673,0.0441,0.0489,0.662,Micro_Vibration
0.3779,0.6367,0.0887,0.7239,Walking
0.53,0.4052,0.563,0.2358,Micro_Vibration
0.7977,0.5117,0.9907,0.3696,Stationary
0.3662,0.8216,0.7851,0.3753,Stationary
0.5525,0.0394,0.4698,0.4067,Micro_Vibration
0.4102,0.856,0.5583,0.6181,Stationary
0.7724,0.7786,0.9531,0.8562,Micro_Vibration
0.1258,0.0607,0.802,0.9281,Tap_Pattern
0.2528,0.5286,0.8902,0.9152,Stationary
0.2616,0.7333,0.9622,0.6438,Tap_Pattern
0.4984,0.9309,0.5157,0.3781,Micro_Vibration
0.5283,0.0642,0.2678,0.1549,Stationary
0.1415,0.4001,0.6779,0.726,Walking
0.4076,0.1586,0.2427,0.4198,Micro_Vibration
0.3683,0.7252,0.5283,0.2139,Walking
0.9608,0.2518,0.462,0.0408,Tap_Pattern
0.2916,0.9822,0.3899,0.3547,Walking
0.7577,0.8663,0.0423,0.4033,Micro_Vibration
0.7211,0.369,0.5435,0.187,Micro_Vibration
0.9592,0.9114,0.0233,0.0846,Tap_Pattern
0.3077,0.7921,0.8631,0.513,Stationary
0.772,0.7308,0.3684,0.5561,Micro_Vibration
0.8304,0.2754,0.7255,0.1343,Stationary
0.6737,0.3399,0.2897,0.6391,Walking
0.2388,0.9165,0.2089,0.765,Walking
0.1943,0.5262,0.5871,0.8835,Stationary
0.3947,0.2219,0.1414,0.1022,Stationary
0.7113,0.4547,0.4665,0.8786,Stationary
0.5444,0.6065,0.1986,0.5933,Micro_Vibration
0.4926,0.1347,0.644,0.9994,Stationary
0.8824,0.8548,0.7234,0.9562,Tap_Pattern
0.7584,0.3274,0.3893,0.4617,Tap_Pattern
0.7789,0.7203,0.5245,0.0084,Micro_Vibration
0.2087,0.0266,0.8107,0.5861,Walking
0.7786,0.112,0.1279,0.5972,Stationary
0.2444,0.3773,0.4723,0.7028,Walking
0.7293,0.823,0.5961,0.9604,Tap_Pattern
0.9167,0.8823,0.6801,0.3918,Walking
0.1339,0.0579,0.3112,0.0709,Stationary
0.8708,0.6393,0.575,0.1089,Walking
0.2258,0.397,0.4773,0.8381,Micro_Vibration
0.7565,0.4073,0.1706,0.723,Micro_Vibration
0.6066,0.5059,0.0735,0.4513,Walking
0.3377,0.0767,0.2551,0.0365,Walking
0.1301,0.5361,0.9407,0.0429,Walking
0.6305,0.778,0.3375,0.4924,Tap_Pattern
0.4287,0.9663,0.7438,0.5193,Stationary
0.1165,0.1288,0.7803,0.018,Stationary
0.9438,0.8748,0.0554,0.8849,Walking
0.3906,0.8845,0.0884,0.8712,Stationary
0.3863,0.6849,0.0727,0.9403,Micro_Vibration
0.0999,0.1755,0.2186,0.8975,Walking
0.0521,0.4298,0.5503,0.4362,Stationary
0.4854,0.8474,0.4245,0.5614,Micro_Vibration
0.6212,0.9839,0.8314,0.2904,Stationary
0.1158,0.304,0.5545,0.7938,Tap_Pattern
0.7802,0.3426,0.2374,0.8628,Micro_Vibration
0.4075,0.212,0.6451,0.6145,Stationary
0.0534,0.667,0.4515,0.694,Stationary
0.5074,0.9932,0.5808,0.0648,Walking
0.2858,0.1818,0.0158,0.9954,Walking
0.5829,0.1656,0.7562,0.7062,Tap_Pattern
0.7666,0.5727,0.3759,0.7805,Walking
0.8303,0.6417,0.7595,0.746,Tap_Pattern
0.0897,0.5222,0.1452,0.7835,Tap_Pattern
0.6368,0.5688,0.1469,0.5653,Walking
0.0213,0.5004,0.3096,0.6188,Micro_Vibration
0.9533,0.8905,0.1084,0.8392,Micro_Vibration
0.2944,0.1413,0.9691,0.4042,Stationary
0.4078,0.6997,0.99,0.473,Tap_Pattern
0.6402,0.4572,0.4177,0.8916,Tap_Pattern
0.1739,0.2159,0.5617,0.9947,Micro_Vibration
0.52,0.2204,0.6701,0.6024,Walking
0.6502,0.8985,0.5202,0.6573,Stationary
0.836,0.9809,0.828,0.8973,Tap_Pattern
0.8873,0.1178,0.1425,0.6951,Tap_Pattern
0.3413,0.5493,0.849,0.1472,Walking
0.5445,0.1466,0.6609,0.0935,Tap_Pattern
0.5729,0.3447,0.6304,0.9235,Micro_Vibration
0.0149,0.4819,0.426,0.672,Micro_Vibration
0.7665,0.8072,0.3137,0.3369,Stationary
0.2519,0.192,0.267,0.5415,Micro_Vibration
0.5876,0.7731,0.8498,0.2719,Stationary
0.8546,0.8325,0.1642,0.7523,Stationary
0.0065,0.8522,0.4342,0.3907,Tap_Pattern
0.0626,0.0552,0.8337,0.7633,Micro_Vibration
0.0751,0.6683,0.8143,0.3348,Stationary
0.0479,0.0662,0.5278,0.6121,Walking
0.0801,0.6299,0.0732,0.7377,Stationary
0.4531,0.7737,0.8629,0.5218,Tap_Pattern
0.6421,0.627,0.0503,0.3684,Walking
0.2701,0.8957,0.4406,0.5988,Tap_Pattern
0.1623,0.7143,0.449,0.1397,Tap_Pattern
0.763,0.4116,0.13,0.1372,Stationary
0.5555,0.0921,0.8724,0.725,Tap_Pattern
0.9228,0.9231,0.982,0.5654,Stationary
0.7691,0.2635,0.3973,0.524,Walking
0.0672,0.1953,0.2027,0.2321,Micro_Vibration
0.9542,0.3142,0.7149,0.1712,Walking
0.9158,0.4013,0.4672,0.9272,Tap_Pattern
0.0106,0.8495,0.8991,0.1643,Stationary
0.0786,0.1634,0.3798,0.2189,Tap_Pattern
0.238,0.5133,0.6696,0.1324,Tap_Pattern
0.5461,0.9764,0.376,0.1904,Tap_Pattern
0.0743,0.6679,0.2967,0.2646,Stationary
0.726,0.1687,0.5788,0.0478,Tap_Pattern
0.294,0.043,0.8175,0.4312,Walking
0.9949,0.2365,0.2049,0.2501,Stationary
0.3984,0.5342,0.9277,0.905,Tap_Pattern
0.6673,0.1703,0.1866,0.014,Micro_Vibration
0.6391,0.8782,0.8943,0.589,Micro_Vibration
0.1023,0.1934,0.5194,0.9737,Micro_Vibration
0.5725,0.3401,0.8297,0.7844,Tap_Pattern
0.2339,0.426,0.8263,0.8747,Micro_Vibration
0.8766,0.8481,0.1772,0.6815,Walking
0.4084,0.3385,0.5724,0.4496,Stationary
0.4928,0.7028,0.5446,0.6367,Tap_Pattern
0.6807,0.9945,0.4536,0.7001,Tap_Pattern
0.8609,0.4965,0.9003,0.5183,Micro_Vibration
0.8601,0.0155,0.7645,0.3761,Micro_Vibration
0.0844,0.8407,0.1804,0.6292,Walking
0.6739,0.0862,0.3934,0.8735,Walking
0.0148,0.3351,0.9889,0.9371,Walking
0.4049,0.1503,0.0729,0.6513,Micro_Vibration
0.0728,0.5706,0.3274,0.3979,Tap_Pattern
0.755,0.9549,0.5575,0.5343,Walking
0.2352,0.6234,0.5419,0.7833,Stationary
0.9531,0.1269,0.9186,0.8509,Stationary
0.9514,0.6918,0.2298,0.8418,Tap_Pattern
0.975,0.5982,0.6914,0.5074,Walking
0.6484,0.2981,0.6056,0.8461,Stationary
0.6473,0.2836,0.4519,0.5457,Tap_Pattern
0.9624,0.7512,0.0358,0.6548,Stationary
0.3569,0.179,0.8952,0.4017,Tap_Pattern
0.4776,0.5393,0.9721,0.1868,Tap_Pattern
0.2749,0.7802,0.9635,0.0635,Tap_Pattern
0.4949,0.5322,0.3845,0.1499,Tap_Pattern
0.5058,0.7185,0.1539,0.8341,Walking
0.5161,0.1962,0.9942,0.0382,Walking
0.6816,0.0007,0.6435,0.6823,Micro_Vibration
0.3687,0.6955,0.883,0.6636,Walking
0.7556,0.3902,0.7277,0.3319,Tap_Pattern
0.5692,0.0306,0.1248,0.2796,Micro_Vibration
0.7784,0.3426,0.3745,0.2512,Tap_Pattern
0.4607,0.3941,0.1404,0.8265,Walking
0.1857,0.2466,0.9516,0.6835,Walking
0.7895,0.8303,0.2222,0.9406,Stationary
0.3402,0.1644,0.0796,0.6805,Walking
0.1866,0.7615,0.7224,0.9322,Micro_Vibration
0.914,0.3434,0.1677,0.5754,Tap_Pattern
0.9461,0.2217,0.6946,0.3433,Walking
0.1022,0.8605,0.9396,0.1062,Tap_Pattern
0.3692,0.0257,0.6458,0.5189,Tap_Pattern
0.9496,0.5587,0.0156,0.3204,Tap_Pattern
0.773,0.2873,0.2617,0.0076,Walking
0.6281,0.12,0.6754,0.5123,Stationary
0.9263,0.1132,0.4812,0.4842,Stationary
0.1991,0.833,0.3336,0.236,Stationary
0.086,0.3642,0.3945,0.0882,Walking
0.4537,0.3268,0.3278,0.1072,Micro_Vibration
0.3661,0.8861,0.8175,0.4759,Stationary
0.2381,0.4263,0.8516,0.0458,Walking
0.9527,0.1497,0.8643,0.8024,Walking
0.9504,0.7925,0.0352,0.3539,Tap_Pattern
0.3829,0.5292,0.9976,0.6961,Tap_Pattern
0.5615,0.6051,0.8349,0.7578,Stationary
0.2717,0.1298,0.8447,0.5268,Walking
0.4022,0.8902,0.9352,0.5574,Tap_Pattern
0.4161,0.9555,0.864,0.5836,Tap_Pattern
0.7923,0.4498,0.4422,0.2987,Micro_Vibration
0.1382,0.7061,0.5102,0.9832,Walking
0.5413,0.3395,0.5883,0.9645,Walking
0.7876,0.8416,0.288,0.502,Walking
0.958,0.9105,0.9676,0.8124,Tap_Pattern
0.9854,0.0254,0.9326,0.0063,Stationary
0.0429,0.8016,0.3725,0.2296,Micro_Vibration
0.0727,0.2364,0.6427,0.8258,Stationary
0.7993,0.8685,0.0692,0.0056,Walking
0.4805,0.5218,0.6334,0.4257,Micro_Vibration
0.682,0.2839,0.2844,0.5198,Tap_Pattern
0.3858,0.62,0.7167,0.1441,Micro_Vibration
0.4231,0.8989,0.7888,0.7194,Walking
0.6431,0.1497,0.0064,0.3663,Micro_Vibration
0.9192,0.2879,0.9497,0.0696,Micro_Vibration
0.8054,0.1729,0.5434,0.8164,Micro_Vibration
0.1904,0.0629,0.2002,0.1432,Stationary
0.6269,0.6241,0.059,0.7383,Stationary
0.5196,0.4154,0.4895,0.204,Tap_Pattern
0.345,0.5325,0.7669,0.404,Stationary
0.6652,0.1769,0.1807,0.3501,Tap_Pattern
0.3208,0.7468,0.3632,0.6277,Tap_Pattern
0.1357,0.1548,0.5712,0.0327,Micro_Vibration
0.6186,0.5109,0.7755,0.6698,Tap_Pattern
0.3824,0.6577,0.2411,0.1022,Stationary
0.5494,0.1817,0.4395,0.1209,Tap_Pattern
0.1755,0.4572,0.2151,0.4429,Micro_Vibration
0.9258,0.6554,0.9666,0.9567,Stationary
0.3258,0.1725,0.5766,0.5669,Micro_Vibration
0.741,0.8816,0.9553,0.7328,Walking
0.6572,0.5852,0.6404,0.2363,Micro_Vibration
0.2365,0.1666,0.6533,0.7025,Micro_Vibration
0.7894,0.8557,0.5402,0.3202,Walking
0.2668,0.1222,0.7248,0.463,Tap_Pattern
0.2189,0.8082,0.2898,0.9419,Walking
0.261,0.2539,0.8108,0.7749,Stationary
0.1805,0.4468,0.8249,0.8606,Tap_Pattern
0.0027,0.571,0.4401,0.1621,Walking
0.2465,0.9011,0.4685,0.527,Tap_Pattern
0.7188,0.2142,0.7079,0.8175,Micro_Vibration
0.5796,0.5583,0.915,0.243,Micro_Vibration
0.0281,0.6752,0.9721,0.1347,Walking
0.3971,0.7906,0.863,0.548,Micro_Vibration
0.0377,0.0445,0.761,0.4889,Tap_Pattern
0.5186,0.5059,0.5689,0.3493,Micro_Vibration
0.6933,0.722,0.8785,0.6673,Walking
0.1847,0.6374,0.3943,0.0609,Stationary
0.202,0.2781,0.3021,0.9225,Stationary
0.8147,0.8552,0.5739,0.1095,Stationary
0.3469,0.8718,0.9541,0.872,Stationary
0.0228,0.1492,0.5772,0.7792,Walking
0.664,0.0925,0.1988,0.2772,Micro_Vibration
0.0567,0.8232,0.9117,0.5765,Tap_Pattern
0.0826,0.6868,0.4999,0.6087,Stationary
0.1452,0.0484,0.1509,0.1518,Micro_Vibration
0.1574,0.8667,0.924,0.9601,Tap_Pattern
0.4666,0.6602,0.0535,0.6058,Stationary
0.1159,0.3826,0.1045,0.9133,Stationary
0.121,0.7217,0.4465,0.723,Tap_Pattern
0.9324,0.198,0.623,0.7297,Stationary
0.2936,0.1924,0.3803,0.2084,Stationary
0.6603,0.4553,0.8769,0.8113,Stationary
0.1496,0.785,0.1761,0.0901,Stationary
0.7898,0.683,0.6253,0.1406,Walking
0.8598,0.5764,0.3266,0.1346,Walking
0.3756,0.0171,0.8232,0.1937,Walking
0.9946,0.35,0.3805,0.791,Stationary
0.8054,0.2146,0.667,0.5962,Micro_Vibration
0.7792,0.5835,0.8235,0.7764,Micro_Vibration
0.9689,0.1187,0.2755,0.4239,Walking
0.5497,0.5396,0.3874,0.7626,Micro_Vibration
0.212,0.027,0.9415,0.8881,Micro_Vibration
0.0256,0.9901,0.9302,0.4225,Walking
0.6143,0.4793,0.5575,0.2779,Micro_Vibration
0.5991,0.0615,0.7188,0.964,Tap_Pattern
0.4262,0.5908,0.4123,0.13,Walking
0.531,0.9452,0.107,0.3194,Micro_Vibration
0.8278,0.6844,0.642,0.2218,Walking
0.0324,0.0586,0.0169,0.3632,Tap_Pattern
0.9566,0.5644,0.7684,0.4515,Tap_Pattern
0.893,0.3083,0.0649,0.4428,Walking
0.372,0.4252,0.1725,0.2461,Tap_Pattern
0.8416,0.1369,0.8101,0.4617,Stationary
0.1106,0.5549,0.7692,0.7973,Stationary
0.0387,0.0266,0.9115,0.7925,Micro_Vibration
0.1004,0.3986,0.7634,0.09,Micro_Vibration
0.4238,0.0426,0.0131,0.0974,Walking
0.4478,0.1481,0.0305,0.7198,Walking
0.7043,0.4635,0.1955,0.0425,Tap_Pattern
0.1017,0.0539,0.7126,0.3321,Stationary
0.813,0.2877,0.97,0.9539,Tap_Pattern
0.3002,0.801,0.175,0.7041,Stationary
0.0174,0.4351,0.3489,0.8594,Walking
0.4468,0.7034,0.5962,0.4962,Micro_Vibration
0.1205,0.0055,0.199,0.6711,Micro_Vibration
0.607,0.1566,0.8099,0.9387,Walking
0.8383,0.8896,0.4368,0.1489,Walking
0.5851,0.5246,0.8307,0.6995,Tap_Pattern
0.019,0.0576,0.266,0.4148,Stationary
0.3106,0.3303,0.5893,0.7551,Stationary
0.0506,0.5885,0.6665,0.1243,Walking
0.0374,0.749,0.2627,0.236,Stationary
0.8205,0.5629,0.6999,0.7075,Walking
0.5742,0.315,0.6677,0.7077,Walking
0.7845,0.0423,0.6106,0.5018,Walking
0.6466,0.5979,0.4969,0.9126,Tap_Pattern
0.6389,0.648,0.1987,0.5903,Stationary
0.8137,0.3822,0.5565,0.2926,Tap_Pattern
0.9081,0.9555,0.1484,0.485,Stationary
0.485,0.571,0.2482,0.8309,Walking
0.4369,0.2109,0.6889,0.5154,Walking
0.5829,0.912,0.9957,0.4461,Stationary
0.067,0.8225,0.2641,0.8834,Micro_Vibration
0.0263,0.4673,0.5156,0.8198,Micro_Vibration
0.1057,0.4107,0.841,0.6608,Stationary
0.6308,0.6604,0.2595,0.8496,Stationary
0.2352,0.6843,0.7509,0.5716,Tap_Pattern
0.9008,0.8974,0.0835,0.4445,Stationary
0.731,0.5375,0.626,0.9646,Stationary
0.8153,0.8514,0.9705,0.9281,Walking
0.3041,0.1382,0.7578,0.4513,Walking
0.5219,0.7374,0.2331,0.9829,Walking
0.4377,0.0115,0.1726,0.8119,Walking
0.5401,0.4188,0.3202,0.6666,Micro_Vibration
0.8421,0.3802,0.0851,0.5957,Stationary
0.7646,0.668,0.9341,0.5109,Tap_Pattern
0.6743,0.5904,0.7915,0.5999,Tap_Pattern
0.5597,0.5047,0.4634,0.7522,Tap_Pattern
0.6646,0.05,0.0431,0.3546,Stationary
0.2587,0.7905,0.7901,0.4235,Walking
0.4271,0.4944,0.5518,0.2481,Tap_Pattern
0.2841,0.8938,0.6909,0.5582,Walking
0.7229,0.354,0.779,0.4602,Tap_Pattern
0.1817,0.64,0.8848,0.9262,Walking
0.8351,0.3763,0.5468,0.7204,Tap_Pattern
0.0256,0.4531,0.3124,0.0648,Stationary
0.1529,0.338,0.3859,0.1598,Walking
0.58,0.2432,0.6303,0.2752,Micro_Vibration
0.0003,0.9677,0.9602,0.7787,Walking
0.5346,0.5327,0.5018,0.6141,Tap_Pattern
0.1375,0.2585,0.4795,0.9906,Tap_Pattern
0.6019,0.0681,0.0221,0.833,Stationary
0.2999,0.2145,0.8297,0.5865,Micro_Vibration
0.3577,0.7555,0.5997,0.8149,Micro_Vibration
0.7147,0.108,0.2133,0.7197,Stationary
0.3417,0.981,0.0438,0.2545,Stationary
0.4006,0.7798,0.7003,0.91,Walking
0.9064,0.2784,0.3021,0.1446,Stationary
0.6163,0.4289,0.6503,0.873,Walking
0.2736,0.7877,0.4164,0.8451,Tap_Pattern
0.7556,0.4842,0.9116,0.7475,Micro_Vibration
0.7002,0.5945,0.5732,0.5466,Stationary
0.5467,0.9564,0.7295,0.8663,Tap_Pattern
0.8333,0.1455,0.2715,0.4429,Tap_Pattern
0.517,0.9953,0.7873,0.8397,Micro_Vibration
0.9191,0.6266,0.9472,0.5459,Micro_Vibration
0.6989,0.5818,0.6965,0.5496,Walking
0.9303,0.3812,0.3124,0.8925,Stationary
0.3273,0.5884,0.9789,0.8036,Stationary
0.1106,0.6137,0.7224,0.6795,Stationary
0.8448,0.781,0.9947,0.2464,Tap_Pattern
0.8892,0.0445,0.1134,0.4745,Tap_Pattern
0.6828,0.0619,0.8325,0.5378,Tap_Pattern
0.2071,0.3144,0.4108,0.7094,Micro_Vibration
0.1,0.5793,0.3277,0.5995,Tap_Pattern
0.4855,0.0492,0.5941,0.6513,Walking
0.807,0.2987,0.9713,0.2502,Stationary
0.2933,0.3763,0.375,0.8652,Tap_Pattern
0.4313,0.4105,0.3269,0.4358,Micro_Vibration
0.0144,0.7905,0.3107,0.4236,Walking
0.49,0.4431,0.5375,0.0292,Tap_Pattern
0.7825,0.3085,0.3189,0.2207,Stationary
0.4252,0.2425,0.7822,0.2581,Tap_Pattern
0.8759,0.7833,0.8543,0.1843,Tap_Pattern
0.3365,0.2892,0.1084,0.6326,Walking
0.2289,0.0537,0.6948,0.6753,Micro_Vibration
0.8556,0.1184,0.1522,0.181,Tap_Pattern
0.4282,0.8814,0.6939,0.4739,Tap_Pattern
0.1343,0.316,0.0673,0.0277,Stationary
0.1769,0.7091,0.0999,0.3725,Walking
0.5334,0.5171,0.3882,0.06,Stationary
0.1083,0.5888,0.982,0.4812,Tap_Pattern
0.9916,0.1279,0.8746,0.1729,Walking
0.4441,0.7856,0.0136,0.8019,Tap_Pattern
0.1349,0.7183,0.7925,0.8527,Tap_Pattern
0.0761,0.7304,0.9195,0.0535,Walking
0.2288,0.7597,0.4787,0.228,Walking
0.6964,0.7295,0.8664,0.5323,Tap_Pattern
0.5541,0.9737,0.6356,0.3685,Walking
0.948,0.1748,0.1279,0.6717,Micro_Vibration
0.5035,0.8786,0.362,0.7524,Walking
0.0471,0.6758,0.4292,0.3055,Walking
0.2852,0.4672,0.7398,0.8699,Stationary
0.1114,0.9445,0.1542,0.7129,Tap_Pattern
0.2855,0.5373,0.7653,0.731,Tap_Pattern
0.6822,0.6208,0.8156,0.0849,Tap_Pattern
0.9012,0.3981,0.2063,0.6645,Micro_Vibration
0.4893,0.0307,0.8676,0.5551,Tap_Pattern
0.6851,0.8196,0.8977,0.3536,Stationary
0.6551,0.0608,0.8468,0.6067,Tap_Pattern
0.9623,0.8267,0.2549,0.7148,Micro_Vibration
0.0332,0.6089,0.7928,0.2295,Micro_Vibration
0.2668,0.8938,0.331,0.2295,Walking
0.0118,0.8578,0.8632,0.7878,Stationary
0.5147,0.7152,0.3963,0.4742,Walking
0.5142,0.067,0.425,0.9889,Walking
0.2541,0.9168,0.9555,0.2617,Tap_Pattern
0.0535,0.5317,0.8194,0.879,Stationary
0.4751,0.6195,0.4503,0.7843,Stationary
0.0156,0.6862,0.7557,0.8005,Walking
0.2409,0.5958,0.1471,0.4565,Walking
0.8741,0.7353,0.8039,0.5679,Tap_Pattern
0.9882,0.5277,0.7764,0.8848,Stationary
0.3061,0.9853,0.4812,0.7031,Tap_Pattern
0.1047,0.8397,0.681,0.2538,Micro_Vibration
0.0364,0.0895,0.7289,0.5982,Tap_Pattern
0.7105,0.175,0.1322,0.2037,Micro_Vibration
0.5924,0.1627,0.2355,0.568,Stationary
0.1509,0.1127,0.6461,0.5497,Stationary
0.3919,0.8169,0.9437,0.5666,Micro_Vibration
0.5171,0.5147,0.0494,0.5781,Micro_Vibration
0.1678,0.1211,0.8162,0.0149,Micro_Vibration
0.1757,0.0021,0.063,0.522,Tap_Pattern
0.434,0.1146,0.91,0.5079,Tap_Pattern
0.7149,0.1217,0.5477,0.8178,Micro_Vibration
0.3727,0.7969,0.2888,0.9173,Micro_Vibration
0.8977,0.2894,0.3193,0.244,Stationary
0.5896,0.7551,0.7862,0.2764,Micro_Vibration
0.195,0.3093,0.8664,0.5887,Stationary
0.0349,0.1986,0.7731,0.0169,Tap_Pattern
0.916,0.0035,0.8174,0.2789,Walking
0.9525,0.5883,0.4375,0.0745,Stationary
0.9029,0.0461,0.4329,0.8969,Tap_Pattern
0.4221,0.092,0.013,0.6473,Walking
0.2991,0.0865,0.0903,0.8407,Micro_Vibration
0.9868,0.0016,0.447,0.3239,Tap_Pattern
0.6141,0.9224,0.5915,0.7724,Tap_Pattern
0.042,0.6152,0.3673,0.5617,Micro_Vibration
0.4299,0.5482,0.2942,0.1408,Tap_Pattern
0.1593,0.6069,0.7849,0.528,Tap_Pattern
0.558,0.52,0.6353,0.1183,Tap_Pattern
0.7816,0.0726,0.0306,0.8029,Tap_Pattern
0.1806,0.4535,0.0775,0.4545,Tap_Pattern
0.0234,0.5947,0.1265,0.9433,Micro_Vibration
0.4316,0.7015,0.9883,0.4546,Micro_Vibration
0.3801,0.3027,0.0787,0.8548,Walking
0.9345,0.9407,0.784,0.3612,Walking
0.9715,0.1178,0.4867,0.2908,Stationary
0.671,0.138,0.2968,0.6021,Stationary
0.0966,0.673,0.8348,0.5514,Walking
0.0919,0.7128,0.4028,0.1378,Walking
0.177,0.1409,0.943,0.3343,Stationary
0.4493,0.8112,0.8816,0.9134,Walking
0.721,0.3664,0.9162,0.1052,Walking
0.681,0.3728,0.8334,0.0454,Tap_Pattern
0.7795,0.1264,0.8449,0.1415,Walking
0.4969,0.0001,0.5745,0.9381,Stationary
0.0634,0.3993,0.9253,0.8985,Tap_Pattern
0.2751,0.0528,0.1717,0.8273,Walking
0.8476,0.47,0.1776,0.163,Walking
0.8874,0.8855,0.28,0.0584,Tap_Pattern
0.5202,0.9453,0.8168,0.1828,Walking
0.7171,0.2404,0.1362,0.4197,Tap_Pattern
0.9416,0.5422,0.9312,0.7724,Stationary
0.4815,0.0589,0.3514,0.5625,Stationary
0.0915,0.5744,0.9747,0.6104,Tap_Pattern
0.8859,0.1092,0.8163,0.0862,Micro_Vibration
0.4274,0.7475,0.0436,0.3627,Tap_Pattern
0.0532,0.5695,0.1996,0.0328,Stationary
0.8097,0.5936,0.6805,0.0046,Tap_Pattern
0.2564,0.7007,0.988,0.0866,Walking
0.5618,0.3272,0.293,0.8107,Micro_Vibration
0.7974,0.5219,0.4132,0.5553,Micro_Vibration
0.8652,0.4121,0.1315,0.2571,Tap_Pattern
0.766,0.4134,0.7327,0.9593,Micro_Vibration
0.9774,0.2022,0.3109,0.5384,Micro_Vibration
0.9017,0.7254,0.0707,0.2578,Stationary
0.1537,0.7747,0.664,0.4033,Micro_Vibration
0.0687,0.8924,0.2133,0.8816,Walking
0.4379,0.524,0.8813,0.242,Micro_Vibration
0.4207,0.0605,0.862,0.979,Tap_Pattern
0.0389,0.4293,0.1938,0.548,Walking
0.891,0.9309,0.5034,0.5472,Micro_Vibration
0.3179,0.2279,0.9211,0.7978,Walking
0.4059,0.1379,0.0474,0.334,Tap_Pattern
0.8163,0.927,0.7047,0.3935,Tap_Pattern
0.6199,0.3524,0.3642,0.3971,Micro_Vibration
0.5646,0.7292,0.0097,0.034,Walking
0.9023,0.3246,0.0425,0.6289,Walking
0.7306,0.6661,0.6001,0.8895,Stationary
0.951,0.9968,0.4627,0.5075,Tap_Pattern
0.0948,0.9863,0.0191,0.3285,Walking
0.7042,0.4452,0.3891,0.6867,Micro_Vibration
0.1682,0.0238,0.7171,0.3709,Micro_Vibration
0.3151,0.9199,0.268,0.9405,Micro_Vibration
0.9982,0.893,0.6669,0.1822,Walking
0.7849,0.9001,0.3573,0.962,Stationary
0.1579,0.4177,0.8125,0.919,Stationary
0.3195,0.3373,0.8628,0.9305,Walking
0.9666,0.6547,0.6864,0.2596,Walking
0.032,0.2825,0.9559,0.4923,Tap_Pattern
0.7042,0.8445,0.4637,0.5507,Walking
0.7083,0.5899,0.3662,0.0281,Micro_Vibration
0.6664,0.8292,0.0481,0.9826,Walking
0.9574,0.622,0.9698,0.7729,Stationary
0.2033,0.8973,0.1185,0.2774,Micro_Vibration
0.9377,0.8783,0.4284,0.5065,Walking
0.0644,0.5428,0.6269,0.9099,Micro_Vibration
0.9905,0.3368,0.6154,0.8919,Walking
0.3461,0.75,0.9093,0.686,Walking
0.1465,0.3613,0.0707,0.0593,Tap_Pattern
0.5694,0.5776,0.6441,0.3978,Tap_Pattern
0.9429,0.9088,0.5475,0.0737,Tap_Pattern
0.7171,0.4775,0.0441,0.6955,Micro_Vibration
0.9961,0.501,0.6944,0.1253,Micro_Vibration
0.6622,0.5703,0.289,0.5811,Walking
0.8619,0.0205,0.3926,0.4585,Micro_Vibration
0.3342,0.008,0.1607,0.3479,Stationary
0.0729,0.2125,0.3795,0.2551,Tap_Pattern
0.1836,0.1058,0.5372,0.1838,Stationary
0.6277,0.6615,0.5727,0.7791,Micro_Vibration
0.7893,0.3077,0.856,0.0697,Stationary
0.5713,0.6432,0.8923,0.8389,Stationary
0.3562,0.0056,0.7643,0.541,Tap_Pattern
0.5104,0.243,0.1515,0.9029,Stationary
0.384,0.4441,0.7946,0.6163,Stationary
0.2816,0.6783,0.9577,0.9235,Tap_Pattern
0.3341,0.8765,0.5626,0.79,Tap_Pattern
0.3233,0.5656,0.1861,0.171,Tap_Pattern
0.3117,0.3952,0.2309,0.8432,Tap_Pattern
0.671,0.8823,0.7973,0.8847,Micro_Vibration
0.4576,0.3537,0.1865,0.2558,Tap_Pattern
0.8899,0.6949,0.1261,0.9073,Stationary
0.0908,0.3443,0.1621,0.7137,Stationary
0.1809,0.4314,0.9574,0.099,Micro_Vibration
0.0675,0.9069,0.5244,0.1245,Tap_Pattern
0.7228,0.6864,0.5655,0.4337,Stationary
0.5031,0.2114,0.3714,0.5502,Stationary
0.7303,0.8807,0.569,0.4638,Tap_Pattern
0.1675,0.6907,0.3817,0.5168,Stationary
0.7504,0.7731,0.9172,0.4788,Micro_Vibration
0.0672,0.9791,0.6087,0.1546,Tap_Pattern
0.8992,0.8037,0.2761,0.9614,Walking
0.8662,0.6574,0.9954,0.1381,Tap_Pattern
0.1625,0.054,0.5512,0.615,Micro_Vibration
0.6253,0.8387,0.2286,0.6625,Micro_Vibration
0.0592,0.0887,0.2787,0.9874,Micro_Vibration
0.7311,0.9246,0.8603,0.7478,Stationary
0.4215,0.9535,0.3599,0.6024,Micro_Vibration
0.7011,0.6731,0.7357,0.7348,Micro_Vibration
0.0361,0.2079,0.0507,0.9371,Micro_Vibration
0.219,0.1312,0.7169,0.498,Micro_Vibration
0.6955,0.1032,0.3729,0.194,Micro_Vibration
0.5033,0.4179,0.8863,0.4072,Tap_Pattern
0.197,0.6822,0.8249,0.3444,Micro_Vibration
0.9349,0.44,0.4596,0.3979,Stationary
0.6111,0.2242,0.7679,0.6838,Micro_Vibration
0.9907,0.0897,0.6826,0.813,Stationary
0.4697,0.3781,0.6081,0.8606,Micro_Vibration
0.582,0.9558,0.2182,0.9441,Stationary
0.2637,0.8421,0.7419,0.8212,Stationary
0.6201,0.3919,0.1508,0.0812,Micro_Vibration
0.9389,0.4198,0.014,0.0559,Tap_Pattern
0.5572,0.3686,0.8412,0.8414,Tap_Pattern
0.4605,0.7531,0.8909,0.3832,Tap_Pattern
0.9299,0.0841,0.5121,0.3937,Walking
0.0604,0.5812,0.7788,0.7832,Walking
0.656,0.441,0.4315,0.9797,Walking
0.6047,0.1886,0.2247,0.4168,Stationary
0.3023,0.6045,0.1673,0.1898,Micro_Vibration
0.3853,0.4338,0.834,0.0885,Micro_Vibration
0.2557,0.7858,0.6655,0.9196,Walking
0.9408,0.5548,0.3206,0.6735,Stationary
0.6792,0.8502,0.6362,0.955,Tap_Pattern
0.9491,0.5941,0.6872,0.0981,Tap_Pattern
0.1475,0.2401,0.3111,0.8207,Stationary
0.658,0.5709,0.3803,0.2206,Walking
0.805,0.8874,0.7202,0.9624,Walking
0.9472,0.9741,0.1867,0.3656,Stationary
0.3647,0.2359,0.2455,0.9492,Stationary
0.8089,0.2409,0.0787,0.8345,Tap_Pattern
0.4057,0.3739,0.7188,0.3698,Tap_Pattern
0.7784,0.3904,0.6898,0.6751,Tap_Pattern
0.3308,0.4535,0.5868,0.8949,Walking
0.7217,0.9427,0.9162,0.3355,Micro_Vibration
0.3605,0.2399,0.3707,0.4722,Walking
0.393,0.9312,0.5946,0.5028,Stationary
0.4309,0.9059,0.1265,0.1771,Walking
0.3699,0.5355,0.9083,0.5727,Walking
0.508,0.8148,0.1854,0.3991,Micro_Vibration
0.3231,0.94,0.5757,0.3971,Tap_Pattern
0.1817,0.8534,0.2395,0.4532,Walking
0.1367,0.3679,0.7174,0.9873,Walking
0.1816,0.1225,0.8136,0.0526,Walking
0.6507,0.5835,0.2478,0.8973,Tap_Pattern
0.8166,0.301,0.3167,0.3089,Stationary
0.4528,0.4126,0.6578,0.4579,Stationary
0.9611,0.6807,0.0181,0.5342,Stationary
0.4957,0.5308,0.3563,0.167,Stationary
0.0794,0.7299,0.4466,0.9162,Walking
0.3183,0.2091,0.8156,0.6579,Micro_Vibration
0.4329,0.9058,0.7975,0.2598,Tap_Pattern
0.0486,0.4972,0.6428,0.1636,Stationary
0.6915,0.4109,0.3414,0.742,Micro_Vibration
0.2226,0.4447,0.453,0.5773,Tap_Pattern
0.682,0.4067,0.195,0.0034,Walking
0.911,0.6457,0.0466,0.7632,Walking
0.8153,0.8137,0.9324,0.0629,Walking
0.3255,0.5191,0.9841,0.0364,Micro_Vibration
0.4838,0.6824,0.7295,0.0657,Micro_Vibration
0.3198,0.6626,0.9454,0.1199,Stationary
0.6042,0.2267,0.5737,0.7918,Micro_Vibration
0.7631,0.5291,0.6275,0.0868,Micro_Vibration
0.9084,0.1985,0.1981,0.6224,Walking
0.7092,0.5181,0.3908,0.9065,Stationary
0.6009,0.1865,0.7263,0.8559,Micro_Vibration
0.344,0.7191,0.9664,0.3522,Micro_Vibration
0.9095,0.1484,0.1508,0.6932,Tap_Pattern
0.2268,0.6159,0.8936,0.6034,Micro_Vibration
0.0014,0.3636,0.4737,0.6935,Micro_Vibration
0.7819,0.2255,0.2266,0.4268,Walking
0.972,0.4695,0.0916,0.049,Tap_Pattern
0.0456,0.1874,0.6071,0.7879,Stationary
0.7645,0.8069,0.8298,0.1999,Stationary
0.0987,0.4914,0.156,0.0998,Micro_Vibration
0.8929,0.5583,0.5602,0.9619,Stationary
0.9637,0.493,0.7938,0.6303,Walking
0.5341,0.2583,0.4025,0.2003,Tap_Pattern
0.7538,0.131,0.2098,0.9699,Micro_Vibration
0.9822,0.9825,0.1416,0.1614,Stationary
0.6347,0.7544,0.292,0.9971,Walking
0.5602,0.6704,0.7406,0.1543,Micro_Vibration
0.1786,0.9584,0.405,0.377,Walking
0.2111,0.6561,0.9002,0.2422,Tap_Pattern
0.8645,0.2446,0.8551,0.1147,Stationary
0.2716,0.6837,0.4918,0.1045,Micro_Vibration
0.0063,0.669,0.2291,0.5589,Walking
0.7722,0.6532,0.324,0.0136,Stationary
0.2198,0.3854,0.4013,0.0573,Walking
0.664,0.2292,0.8282,0.4735,Walking
0.3861,0.3138,0.2768,0.4761,Walking
0.3184,0.5687,0.7993,0.9368,Stationary
0.3683,0.4281,0.7204,0.072,Walking
0.3299,0.2716,0.5696,0.6705,Tap_Pattern
0.5924,0.2115,0.321,0.5471,Walking
0.8049,0.0602,0.8034,0.8112,Stationary
0.2536,0.4346,0.1583,0.0149,Tap_Pattern
0.0961,0.729,0.0898,0.3075,Micro_Vibration
0.5716,0.7519,0.43,0.9466,Tap_Pattern
0.4628,0.5665,0.4539,0.0363,Tap_Pattern
0.2156,0.165,0.4905,0.4839,Stationary
0.7979,0.9851,0.1854,0.4378,Tap_Pattern
0.675,0.0283,0.9591,0.6955,Tap_Pattern
0.6487,0.4204,0.2372,0.6374,Micro_Vibration
0.9407,0.6849,0.9001,0.6983,Walking
0.203,0.6026,0.63,0.3822,Walking
0.1884,0.9538,0.6721,0.7856,Walking
0.1817,0.1247,0.0457,0.1211,Stationary
0.352,0.0235,0.3491,0.8076,Walking
0.9932,0.563,0.4561,0.9217,Tap_Pattern
0.0069,0.0499,0.1403,0.9682,Tap_Pattern
0.3956,0.3092,0.6654,0.4353,Tap_Pattern
0.2977,0.4478,0.4501,0.3095,Stationary
0.4198,0.2013,0.8905,0.4266,Stationary
0.2569,0.3306,0.0231,0.2443,Walking
0.699,0.4703,0.0376,0.7391,Walking
0.565,0.6165,0.9629,0.4414,Stationary
0.8827,0.5654,0.3581,0.5693,Tap_Pattern
0.2227,0.2059,0.6947,0.5936,Stationary
0.1792,0.3498,0.1615,0.1611,Tap_Pattern
0.6744,0.4266,0.2348,0.0784,Walking
0.6141,0.9162,0.6208,0.5596,Walking
0.6117,0.3487,0.2817,0.6575,Micro_Vibration
0.2985,0.3304,0.2617,0.9011,Walking
0.7453,0.3074,0.2574,0.073,Walking
0.612,0.3955,0.928,0.5891,Micro_Vibration
0.8338,0.9447,0.2585,0.5783,Walking
0.2264,0.8809,0.8771,0.2638,Micro_Vibration
0.1461,0.0477,0.3282,0.4201,Tap_Pattern
0.7235,0.2185,0.5756,0.8176,Walking
0.0998,0.1577,0.9673,0.9977,Tap_Pattern
0.1291,0.6913,0.1151,0.4787,Stationary
0.4789,0.3014,0.8516,0.3477,Walking
0.6303,0.7844,0.3705,0.4726,Micro_Vibration
0.8591,0.1257,0.2444,0.0429,Walking
0.5667,0.8483,0.3815,0.0641,Micro_Vibration
0.5666,0.823,0.1414,0.7373,Walking
0.1066,0.7788,0.204,0.8638,Walking
0.8585,0.8643,0.5288,0.5949,Micro_Vibration
0.3308,0.3374,0.6775,0.4714,Stationary
0.5554,0.4302,0.8062,0.9227,Micro_Vibration
0.9444,0.2611,0.3605,0.2983,Walking
0.6958,0.3965,0.2213,0.0725,Walking
0.0481,0.2047,0.8902,0.1905,Tap_Pattern
0.1576,0.6707,0.1357,0.858,Micro_Vibration
0.31,0.2928,0.2651,0.2079,Stationary
0.0187,0.232,0.4508,0.5794,Tap_Pattern
0.7814,0.5403,0.028,0.5522,Walking
0.7108,0.8972,0.5691,0.2806,Stationary
0.153,0.8047,0.0897,0.6627,Tap_Pattern
0.4382,0.286,0.4658,0.1883,Stationary
0.3021,0.8415,0.0584,0.2284,Walking
0.9472,0.1634,0.8151,0.6095,Walking
0.4221,0.3383,0.4485,0.3368,Micro_Vibration
0.199,0.1335,0.994,0.6236,Micro_Vibration
0.0093,0.0162,0.3302,0.5736,Stationary
0.2155,0.8778,0.2297,0.2195,Walking
0.4083,0.441,0.7341,0.1229,Tap_Pattern
0.7833,0.3652,0.8158,0.4375,Tap_Pattern
0.142,0.4784,0.61,0.7509,Walking
0.2491,0.7484,0.1736,0.6418,Micro_Vibration
0.0561,0.9416,0.173,0.2308,Walking
0.8161,0.1706,0.029,0.2709,Micro_Vibration
0.0467,0.5402,0.4585,0.9465,Stationary
0.0909,0.7177,0.9576,0.6619,Micro_Vibration
0.2927,0.8811,0.0585,0.8143,Tap_Pattern
0.9163,0.2589,0.8831,0.4626,Stationary
0.8317,0.4763,0.6361,0.4952,Walking
0.4139,0.6223,0.8324,0.9357,Micro_Vibration
0.9257,0.05,0.3598,0.5416,Tap_Pattern
0.1541,0.6776,0.6289,0.3395,Stationary
0.1799,0.3167,0.0401,0.9558,Walking
0.3853,0.7582,0.2817,0.2547,Micro_Vibration
0.9472,0.4855,0.6272,0.4514,Stationary
0.7944,0.0997,0.0845,0.9793,Stationary
0.5309,0.966,0.042,0.6969,Tap_Pattern
0.8073,0.7427,0.05,0.9163,Stationary
0.4544,0.0495,0.8244,0.2913,Stationary
0.7979,0.9325,0.5983,0.3525,Walking
0.6944,0.1782,0.3183,0.8857,Stationary
0.494,0.1727,0.1421,0.4922,Tap_Pattern
0.7484,0.2498,0.5576,0.1818,Stationary
0.3607,0.2893,0.1443,0.3757,Tap_Pattern
0.6791,0.6851,0.2607,0.8791,Tap_Pattern
0.85,0.1924,0.1953,0.7359,Micro_Vibration
0.2024,0.2899,0.302,0.8772,Stationary
0.3047,0.8406,0.4991,0.5992,Walking
0.0117,0.4646,0.8044,0.0103,Walking
0.6138,0.3775,0.5075,0.3494,Walking
0.1895,0.6819,0.4968,0.6239,Micro_Vibration
0.3973,0.6347,0.2092,0.9476,Walking
0.4141,0.268,0.4524,0.498,Walking
0.7948,0.16,0.3587,0.1536,Tap_Pattern
0.0806,0.3994,0.5427,0.1418,Micro_Vibration
0.0278,0.3689,0.7251,0.1577,Walking
0.117,0.3226,0.8647,0.9289,Tap_Pattern
0.2184,0.1516,0.3177,0.7575,Tap_Pattern
0.2326,0.2444,0.6684,0.8124,Tap_Pattern
0.1724,0.6224,0.2967,0.7639,Micro_Vibration
0.0427,0.377,0.3352,0.2592,Stationary
0.6463,0.5512,0.0971,0.2048,Stationary
0.223,0.5383,0.8513,0.0436,Micro_Vibration
0.7044,0.157,0.8189,0.0837,Micro_Vibration
0.0944,0.8288,0.7821,0.3721,Walking
0.5114,0.9117,0.1127,0.3725,Micro_Vibration
0.8697,0.5434,0.5358,0.9914,Walking
0.8936,0.104,0.5828,0.5308,Walking
0.5563,0.0585,0.3093,0.3056,Micro_Vibration
0.8372,0.6737,0.0426,0.3883,Tap_Pattern
0.4422,0.5244,0.2446,0.3137,Walking
0.7759,0.9598,0.6378,0.2818,Tap_Pattern
0.7489,0.7751,0.1188,0.4353,Micro_Vibration
0.2177,0.6585,0.1118,0.1409,Tap_Pattern
0.8087,0.179,0.1933,0.0171,Stationary
0.0455,0.1631,0.2529,0.217,Stationary
0.2814,0.4856,0.5111,0.88,Stationary
0.09,0.8627,0.4465,0.8254,Tap_Pattern
0.5881,0.5941,0.613,0.5754,Stationary
0.6517,0.5137,0.1992,0.7354,Stationary
0.057,0.8752,0.4222,0.0209,Micro_Vibration
0.7062,0.0624,0.3478,0.1967,Micro_Vibration
0.5392,0.1934,0.396,0.873,Stationary
0.3218,0.0464,0.8096,0.2702,Micro_Vibration
0.5498,0.0019,0.3553,0.6891,Tap_Pattern
0.8425,0.6159,0.66,0.5646,Stationary
0.0596,0.3981,0.6975,0.164,Tap_Pattern
0.7563,0.9336,0.8578,0.1773,Micro_Vibration
0.882,0.5016,0.893,0.6732,Micro_Vibration
0.2145,0.4837,0.9001,0.0833,Walking
0.635,0.8833,0.9635,0.9131,Tap_Pattern
0.177,0.4549,0.2478,0.5521,Stationary
0.0008,0.0744,0.1551,0.5058,Micro_Vibration
0.2011,0.2256,0.6088,0.0991,Micro_Vibration
0.3493,0.1868,0.7372,0.7283,Stationary
0.5284,0.3254,0.9379,0.7363,Stationary
0.4061,0.8957,0.493,0.095,Stationary
0.4225,0.6291,0.3702,0.582,Stationary
0.6348,0.9343,0.5226,0.8563,Walking
0.2474,0.0751,0.1274,0.6067,Tap_Pattern
0.1168,0.9182,0.6948,0.3523,Tap_Pattern
0.5796,0.5332,0.2469,0.6928,Walking
0.6607,0.1782,0.6756,0.9907,Micro_Vibration
0.7015,0.3769,0.6959,0.822,Tap_Pattern
0.7637,0.6116,0.3539,0.8294,Micro_Vibration
0.3237,0.2041,0.6167,0.5932,Micro_Vibration
0.3434,0.2235,0.2728,0.4352,Stationary
0.764,0.7382,0.8866,0.5793,Stationary
0.4451,0.6274,0.1427,0.6173,Tap_Pattern
0.5903,0.997,0.0629,0.4379,Tap_Pattern
0.4844,0.5624,0.5532,0.5953,Walking
0.686,0.498,0.5591,0.6856,Walking
0.4056,0.0753,0.5091,0.8027,Walking
0.1125,0.462,0.289,0.4583,Walking
0.2063,0.7331,0.5364,0.5332,Tap_Pattern
0.293,0.5843,0.028,0.29,Stationary
0.7923,0.1667,0.64,0.8062,Stationary
0.3267,0.1709,0.8357,0.9866,Micro_Vibration
0.3985,0.9612,0.0391,0.4002,Stationary
0.0181,0.5444,0.2706,0.8336,Walking
0.5201,0.7702,0.0005,0.8773,Micro_Vibration
0.8749,0.8045,0.3299,0.3051,Micro_Vibration
0.6189,0.7369,0.2619,0.8546,Stationary
0.5533,0.416,0.8655,0.0146,Tap_Pattern
0.7883,0.9152,0.0472,0.2129,Walking
0.7202,0.7598,0.4033,0.5922,Walking
0.645,0.0173,0.9682,0.3574,Walking
0.0971,0.2611,0.5653,0.8255,Walking
0.432,0.5695,0.5027,0.4799,Stationary
0.6536,0.5308,0.162,0.8782,Stationary
0.0312,0.631,0.204,0.3724,Stationary
0.0476,0.2714,0.2956,0.9497,Walking
0.1315,0.5953,0.0433,0.4839,Walking
0.9547,0.5586,0.9291,0.8185,Walking
0.1648,0.94,0.3778,0.7874,Micro_Vibration
0.1168,0.9102,0.6113,0.4362,Tap_Pattern
0.1369,0.9324,0.7681,0.1842,Micro_Vibration
0.1249,0.0079,0.2359,0.9319,Walking
0.4396,0.0294,0.4989,0.4804,Tap_Pattern
0.3036,0.2886,0.7855,0.3724,Micro_Vibration
0.6008,0.3263,0.0964,0.8241,Micro_Vibration
0.5344,0.3125,0.4891,0.0818,Micro_Vibration
0.2875,0.7287,0.2182,0.1662,Stationary
0.0033,0.2491,0.1277,0.1848,Stationary
0.9305,0.068,0.7171,0.4723,Micro_Vibration
0.6333,0.4633,0.1571,0.7724,Micro_Vibration
0.6175,0.5557,0.7124,0.3212,Walking
0.171,0.5845,0.3053,0.6813,Walking
0.1399,0.8592,0.1014,0.1157,Walking
0.4893,0.6149,0.4486,0.0547,Stationary
0.5291,0.6367,0.3633,0.5993,Walking
0.4482,0.3073,0.4716,0.7647,Micro_Vibration
0.3566,0.1411,0.4384,0.5289,Walking
0.1121,0.7895,0.4612,0.3564,Walking
0.7023,0.98,0.4595,0.26,Micro_Vibration
0.0366,0.2314,0.5105,0.0303,Micro_Vibration
0.1248,0.2178,0.0831,0.7875,Micro_Vibration
0.2396,0.6443,0.9184,0.9804,Tap_Pattern
0.9363,0.513,0.506,0.8896,Stationary
0.3526,0.1741,0.5433,0.1963,Walking
0.8272,0.4348,0.316,0.0626,Micro_Vibration
0.1222,0.6915,0.4086,0.8317,Micro_Vibration
0.9266,0.7289,0.4826,0.8058,Stationary
0.1015,0.5645,0.1074,0.4249,Tap_Pattern
0.188,0.2792,0.3815,0.0876,Tap_Pattern
0.4427,0.3789,0.1626,0.8091,Stationary
0.9869,0.2245,0.8136,0.1366,Walking
0.8887,0.6291,0.43,0.9717,Walking
0.0527,0.5875,0.5858,0.029,Stationary
0.1122,0.5323,0.5541,0.4797,Stationary
0.5313,0.234,0.9311,0.7089,Micro_Vibration
0.0952,0.085,0.5945,0.6636,Walking
0.9046,0.1702,0.2948,0.2769,Walking
0.6193,0.9392,0.8394,0.6151,Tap_Pattern
0.5828,0.438,0.561,0.8768,Tap_Pattern
0.3286,0.71,0.3485,0.5199,Stationary
0.8426,0.0513,0.1435,0.4411,Tap_Pattern
0.7311,0.6092,0.8972,0.8457,Stationary
0.82,0.2992,0.5404,0.6393,Tap_Pattern
0.8987,0.4621,0.9262,0.7506,Walking
0.9159,0.2627,0.3287,0.0989,Walking
0.7948,0.2061,0.4963,0.8738,Tap_Pattern
0.982,0.1048,0.1822,0.2176,Stationary
0.2099,0.5028,0.752,0.8489,Stationary
0.7754,0.5781,0.6098,0.9858,Stationary
0.2751,0.9164,0.5764,0.8875,Stationary
0.7379,0.6172,0.9169,0.9661,Micro_Vibration
0.8334,0.4453,0.5771,0.3704,Micro_Vibration
0.5603,0.4252,0.423,0.2077,Walking
0.0894,0.8291,0.3131,0.5046,Stationary
0.7545,0.4647,0.749,0.7688,Walking
0.1952,0.6733,0.02,0.7444,Stationary
0.5757,0.7873,0.0798,0.2486,Micro_Vibration
0.8528,0.9848,0.3074,0.6463,Walking
0.3496,0.2433,0.4266,0.574,Walking
0.8264,0.7976,0.8556,0.7172,Stationary
0.2834,0.061,0.1356,0.2122,Tap_Pattern
0.2066,0.0697,0.3433,0.6972,Tap_Pattern
0.2056,0.7575,0.1399,0.4399,Micro_Vibration
0.6902,0.5097,0.5996,0.5683,Micro_Vibration
0.3532,0.7985,0.0604,0.0071,Walking
0.5446,0.9754,0.9766,0.8416,Tap_Pattern
0.0903,0.6329,0.2919,0.6657,Stationary
0.6507,0.8608,0.8204,0.2394,Tap_Pattern
0.5681,0.3571,0.7899,0.1157,Tap_Pattern
0.2902,0.3929,0.6788,0.0426,Micro_Vibration
0.8383,0.911,0.4715,0.1817,Stationary
0.8553,0.5447,0.4218,0.7657,Tap_Pattern
0.4099,0.3431,0.2494,0.1771,Stationary
0.3777,0.2549,0.0687,0.7048,Tap_Pattern
0.0765,0.8933,0.6235,0.6966,Walking
0.6346,0.2047,0.5354,0.8181,Walking
0.4096,0.2656,0.9753,0.9633,Stationary
0.1889,0.5602,0.0012,0.4904,Micro_Vibration
0.0083,0.1427,0.4197,0.4222,Stationary
0.2633,0.2592,0.2706,0.1161,Micro_Vibration
0.592,0.7942,0.9266,0.5753,Stationary
0.4184,0.4021,0.6952,0.8606,Stationary
0.5697,0.1731,0.5366,0.8582,Tap_Pattern
0.7653,0.8712,0.7544,0.3506,Micro_Vibration
0.8312,0.7669,0.5376,0.8928,Micro_Vibration
0.8459,0.1233,0.2659,0.1965,Tap_Pattern
0.806,0.9599,0.9851,0.7888,Tap_Pattern
0.8391,0.8208,0.7757,0.7657,Stationary
0.2031,0.9471,0.5906,0.76,Stationary
0.5073,0.2055,0.4699,0.6519,Walking
0.9618,0.2224,0.234,0.4047,Tap_Pattern
0.4495,0.8294,0.0943,0.7175,Stationary
0.6227,0.1127,0.9515,0.193,Tap_Pattern
0.9693,0.1863,0.1277,0.1332,Walking
0.7875,0.9699,0.9238,0.0678,Micro_Vibration
0.8624,0.2326,0.085,0.0349,Walking
0.4502,0.134,0.2685,0.2795,Stationary
0.0566,0.6901,0.6895,0.8389,Walking
0.0997,0.2151,0.2707,0.9978,Micro_Vibration
0.8402,0.6432,0.0595,0.4827,Walking
0.0988,0.6343,0.1444,0.7507,Tap_Pattern
0.0282,0.7302,0.558,0.151,Tap_Pattern
0.983,0.8656,0.5743,0.2047,Micro_Vibration
0.3732,0.9919,0.842,0.7935,Micro_Vibration
0.2896,0.265,0.8901,0.6457,Micro_Vibration
0.1724,0.0997,0.5336,0.6219,Stationary
0.1924,0.3826,0.4316,0.6875,Micro_Vibration
0.0503,0.012,0.5462,0.4487,Micro_Vibration
0.0561,0.93,0.779,0.0318,Walking
0.7794,0.2364,0.8933,0.4141,Micro_Vibration
0.0701,0.3604,0.4093,0.5437,Stationary
0.01,0.4648,0.6049,0.03,Stationary
0.4949,0.1366,0.9553,0.5631,Stationary
0.026,0.4614,0.6153,0.0895,Stationary
0.6543,0.1717,0.0935,0.2042,Tap_Pattern
0.5664,0.7432,0.4726,0.0756,Tap_Pattern
0.4956,0.1856,0.025,0.8236,Walking
0.8701,0.7099,0.2793,0.4075,Stationary
0.9988,0.111,0.1672,0.8077,Stationary
0.474,0.0063,0.2568,0.2449,Stationary
0.9833,0.1447,0.2256,0.3015,Micro_Vibration
0.1837,0.1442,0.6479,0.0154,Walking
0.1811,0.9114,0.2699,0.0823,Stationary
0.5833,0.3051,0.8233,0.7978,Tap_Pattern
0.8833,0.3758,0.0226,0.6744,Tap_Pattern
0.6416,0.3531,0.0944,0.9229,Tap_Pattern
0.409,0.6515,0.6027,0.3001,Stationary
0.9705,0.6771,0.2703,0.3449,Walking
0.5843,0.3508,0.3823,0.1314,Stationary
0.575,0.1104,0.9551,0.537,Stationary
0.1707,0.4299,0.8808,0.9934,Walking
0.7325,0.8023,0.8849,0.2553,Tap_Pattern
0.7912,0.9083,0.5137,0.4213,Micro_Vibration
0.4636,0.9991,0.9079,0.5002,Walking
0.312,0.2588,0.5112,0.2307,Stationary
0.9767,0.1095,0.0325,0.2916,Micro_Vibration
0.0858,0.3008,0.0504,0.5713,Micro_Vibration
0.393,0.9619,0.6253,0.8336,Walking
0.9796,0.2786,0.269,0.437,Tap_Pattern
0.9445,0.0391,0.1577,0.224,Tap_Pattern
0.3186,0.4317,0.148,0.8557,Micro_Vibration
0.0659,0.1665,0.7435,0.4917,Micro_Vibration
0.8662,0.3593,0.3289,0.8786,Micro_Vibration
0.002,0.0206,0.5485,0.3769,Walking
0.7438,0.9941,0.4534,0.5937,Stationary
0.0034,0.5211,0.7681,0.5681,Stationary
0.1213,0.1191,0.7983,0.0231,Stationary
0.3845,0.753,0.6278,0.8204,Micro_Vibration
0.6855,0.2015,0.4567,0.8317,Tap_Pattern
0.74,0.6178,0.3882,0.5418,Walking
0.3002,0.989,0.951,0.9428,Tap_Pattern
0.48,0.258,0.2449,0.0507,Walking
0.6843,0.249,0.1187,0.0968,Micro_Vibration
0.9531,0.0825,0.0961,0.8824,Walking
0.0925,0.6041,0.6458,0.6943,Walking
0.5012,0.7592,0.9629,0.309,Stationary
0.1891,0.2598,0.8479,0.012,Walking
0.2035,0.7626,0.2777,0.4111,Tap_Pattern
0.3217,0.9434,0.6072,0.2504,Walking
0.8632,0.4319,0.1483,0.0537,Stationary
0.5505,0.267,0.644,0.016,Micro_Vibration
0.7063,0.5391,0.0916,0.507,Micro_Vibration
0.6526,0.5133,0.5965,0.7671,Stationary
0.1493,0.8907,0.1407,0.5309,Stationary
0.4969,0.6888,0.9048,0.4676,Walking
0.6372,0.1927,0.3116,0.951,Micro_Vibration
0.3444,0.4544,0.0084,0.0872,Stationary
0.9925,0.56,0.1395,0.7012,Stationary
0.549,0.6866,0.9383,0.6283,Walking
0.346,0.0179,0.6656,0.8923,Stationary
0.8834,0.0608,0.6016,0.2191,Walking
0.4265,0.0235,0.0853,0.5616,Micro_Vibration
0.4583,0.0296,0.7234,0.7456,Micro_Vibration
0.2005,0.9041,0.5678,0.9902,Tap_Pattern
0.0686,0.0896,0.0294,0.9044,Walking
0.0115,0.7354,0.4352,0.3251,Walking
0.3121,0.7254,0.9706,0.3055,Micro_Vibration
0.8938,0.9785,0.419,0.2188,Walking
0.3828,0.9664,0.1071,0.0881,Micro_Vibration
0.0068,0.4992,0.7435,0.6259,Micro_Vibration
0.964,0.3091,0.8453,0.2595,Walking
0.5583,0.4219,0.4912,0.4098,Micro_Vibration
0.1632,0.3179,0.1016,0.6794,Tap_Pattern
0.6682,0.1833,0.4531,0.0038,Tap_Pattern
0.8473,0.7036,0.3874,0.3511,Tap_Pattern
0.9527,0.8559,0.2761,0.0766,Tap_Pattern
0.8839,0.4088,0.5458,0.5106,Walking
0.7901,0.2935,0.4671,0.0805,Micro_Vibration
0.5782,0.6391,0.3616,0.0365,Stationary
0.8063,0.3033,0.5656,0.9934,Micro_Vibration
0.1256,0.3132,0.2719,0.2095,Stationary
0.3072,0.4193,0.7389,0.3784,Micro_Vibration
0.9475,0.1508,0.3363,0.6372,Walking
0.6046,0.7512,0.1636,0.2568,Micro_Vibration
0.0172,0.3997,0.691,0.801,Stationary
0.7664,0.1011,0.7103,0.4931,Micro_Vibration
0.5467,0.0803,0.1468,0.2491,Tap_Pattern
0.2335,0.2253,0.6772,0.789,Micro_Vibration
0.724,0.5282,0.2772,0.8014,Stationary
0.9931,0.4052,0.8662,0.0183,Stationary
0.8166,0.993,0.1817,0.161,Walking
0.311,0.6565,0.279,0.8021,Micro_Vibration
0.2471,0.0293,0.7082,0.051,Tap_Pattern
0.0042,0.946,0.4967,0.1005,Tap_Pattern
0.0529,0.0585,0.1632,0.9995,Micro_Vibration
0.105,0.4467,0.8281,0.6229,Stationary
0.0802,0.8076,0.0324,0.0132,Walking
0.919,0.4748,0.1168,0.1069,Tap_Pattern
0.7475,0.5897,0.4666,0.6522,Tap_Pattern
0.0456,0.7492,0.8846,0.7577,Micro_Vibration
0.7606,0.9399,0.6837,0.6168,Stationary
0.7218,0.2584,0.5818,0.2849,Tap_Pattern
0.8215,0.3287,0.3647,0.0094,Stationary
0.077,0.9582,0.3407,0.3377,Micro_Vibration
0.7062,0.0226,0.9226,0.5581,Tap_Pattern
0.5226,0.0035,0.1376,0.468,Stationary
0.7151,0.4679,0.9455,0.1058,Stationary
0.5525,0.512,0.7792,0.47,Micro_Vibration
0.1298,0.2028,0.5957,0.7582,Tap_Pattern
0.2513,0.4904,0.1206,0.198,Walking
0.8375,0.0403,0.8783,0.5597,Stationary
0.8997,0.007,0.7983,0.547,Walking
0.7844,0.4655,0.9703,0.0315,Micro_Vibration
0.6513,0.6691,0.2932,0.7984,Micro_Vibration
0.2133,0.3953,0.1862,0.9703,Stationary
0.3907,0.0381,0.9933,0.6025,Tap_Pattern
0.5515,0.8469,0.2596,0.6664,Stationary
0.3889,0.4425,0.6826,0.0663,Stationary
0.2459,0.8497,0.9144,0.3647,Micro_Vibration
0.0894,0.0549,0.1154,0.4066,Walking
0.8235,0.3884,0.0044,0.9277,Micro_Vibration
0.1976,0.0464,0.941,0.8134,Walking
0.8928,0.1565,0.8485,0.7028,Stationary
0.62,0.8657,0.5779,0.2886,Walking
0.5034,0.2204,0.0102,0.9129,Tap_Pattern
0.6007,0.8095,0.814,0.3164,Micro_Vibration
0.0469,0.1009,0.9116,0.3771,Walking
0.7637,0.7143,0.9892,0.6983,Tap_Pattern
0.7129,0.2451,0.6677,0.9357,Walking
0.2327,0.55,0.0935,0.3259,Stationary
0.8805,0.2761,0.4987,0.2596,Micro_Vibration
0.4906,0.8203,0.5852,0.4245,Stationary
0.3201,0.2468,0.337,0.7445,Stationary
0.1368,0.7704,0.9058,0.9076,Walking
0.8072,0.134,0.5923,0.7651,Tap_Pattern
0.5067,0.3414,0.2596,0.3764,Stationary
0.7624,0.8121,0.4619,0.2271,Tap_Pattern
0.0189,0.2956,0.2927,0.7584,Walking
0.7717,0.4229,0.4626,0.1413,Walking
0.0647,0.1017,0.4607,0.0611,Tap_Pattern
0.1225,0.3843,0.2636,0.6523,Micro_Vibration
0.4812,0.7227,0.2165,0.4867,Walking
0.9787,0.5301,0.7763,0.8887,Walking
0.8213,0.8405,0.5033,0.3243,Tap_Pattern
0.6717,0.3833,0.162,0.1728,Walking
0.7706,0.3944,0.5281,0.9813,Tap_Pattern
0.1859,0.5162,0.3003,0.0457,Tap_Pattern
0.4286,0.1361,0.4453,0.8924,Micro_Vibration
0.1438,0.9456,0.8597,0.7064,Walking
0.2082,0.5485,0.9208,0.4759,Micro_Vibration
0.3581,0.1254,0.8931,0.4312,Tap_Pattern
0.6074,0.4064,0.6718,0.0302,Walking
0.517,0.9361,0.9936,0.5913,Micro_Vibration
0.1764,0.6939,0.7802,0.7774,Walking
0.006,0.7882,0.6873,0.9436,Micro_Vibration
0.4743,0.5777,0.7422,0.957,Walking
0.5962,0.4494,0.9515,0.7765,Walking
0.1919,0.6562,0.3217,0.4502,Tap_Pattern
0.5002,0.8818,0.4998,0.339,Walking
0.1588,0.8505,0.5867,0.8627,Micro_Vibration
0.8312,0.527,0.1472,0.1809,Micro_Vibration
0.8603,0.7496,0.1302,0.7286,Micro_Vibration
0.0596,0.1761,0.9437,0.1472,Stationary
0.1064,0.075,0.4648,0.371,Tap_Pattern
0.4259,0.1207,0.4918,0.4229,Stationary
0.7794,0.1576,0.883,0.3719,Walking
0.2682,0.5525,0.5771,0.2327,Walking
0.1757,0.1036,0.4248,0.5786,Micro_Vibration
0.5845,0.8065,0.1872,0.8985,Tap_Pattern
0.9949,0.9839,0.7947,0.0139,Walking
0.1844,0.3975,0.4955,0.0774,Tap_Pattern
0.5464,0.8684,0.4506,0.8835,Stationary
0.9216,0.8062,0.0804,0.9239,Tap_Pattern
0.8871,0.0393,0.3424,0.0108,Stationary
0.2912,0.1983,0.1847,0.8351,Micro_Vibration
0.2538,0.2797,0.5776,0.8528,Tap_Pattern
0.1599,0.2786,0.4436,0.9789,Stationary
0.5399,0.9579,0.0325,0.3977,Walking
0.2601,0.1563,0.3498,0.7285,Walking
0.1087,0.6036,0.7382,0.2249,Tap_Pattern
0.7007,0.9913,0.4933,0.5409,Stationary
0.1601,0.5726,0.8222,0.2222,Stationary
0.2985,0.7724,0.8171,0.0595,Tap_Pattern
0.7185,0.4526,0.6459,0.8241,Tap_Pattern
0.863,0.553,0.3037,0.9772,Tap_Pattern
0.2648,0.7489,0.5864,0.0234,Stationary
0.5057,0.5461,0.3014,0.0028,Tap_Pattern
0.9937,0.7535,0.8465,0.0217,Stationary
0.5456,0.6651,0.9224,0.565,Micro_Vibration
0.595,0.1659,0.7716,0.9041,Walking
0.8821,0.2382,0.0326,0.259,Stationary
0.5848,0.1734,0.1569,0.9571,Micro_Vibration
0.2063,0.0066,0.1678,0.3575,Stationary
0.154,0.3742,0.652,0.3314,Stationary
0.1135,0.8847,0.2262,0.3376,Walking
0.7962,0.683,0.0334,0.8553,Walking
0.6951,0.2082,0.1936,0.7758,Micro_Vibration
0.8751,0.2945,0.2463,0.9191,Tap_Pattern
0.1323,0.8118,0.0267,0.5643,Micro_Vibration
0.1224,0.8317,0.7887,0.7527,Stationary
0.1617,0.5798,0.4443,0.3333,Tap_Pattern
0.3131,0.8746,0.6011,0.1339,Stationary
0.1179,0.2427,0.4964,0.1981,Tap_Pattern
0.4598,0.588,0.2779,0.0656,Stationary
0.3839,0.5953,0.867,0.6409,Micro_Vibration
0.9017,0.3419,0.986,0.0978,Micro_Vibration
0.1808,0.4463,0.703,0.0999,Walking
0.2321,0.4008,0.9442,0.855,Walking
0.4735,0.1511,0.853,0.6296,Tap_Pattern
0.2519,0.1029,0.9057,0.7012,Tap_Pattern
0.1205,0.8087,0.2286,0.0045,Micro_Vibration
0.6598,0.8794,0.9024,0.3154,Micro_Vibration
0.2705,0.1911,0.7052,0.0628,Micro_Vibration
0.8601,0.3546,0.3178,0.2709,Micro_Vibration
0.1004,0.6398,0.2995,0.6662,Stationary
0.5174,0.4416,0.9173,0.461,Micro_Vibration
0.2609,0.6055,0.1268,0.6924,Walking
0.86,0.1533,0.0934,0.5453,Walking
0.6283,0.6754,0.7004,0.5397,Stationary
0.5907,0.736,0.9691,0.3025,Tap_Pattern
0.4926,0.4314,0.634,0.8295,Micro_Vibration
0.9616,0.8806,0.7576,0.5889,Tap_Pattern
0.3543,0.358,0.6175,0.0572,Walking
0.4673,0.5429,0.2898,0.4333,Stationary
0.8834,0.3335,0.5035,0.7844,Micro_Vibration
0.8295,0.5415,0.9727,0.3206,Tap_Pattern
0.7106,0.4778,0.4045,0.1719,Walking
0.3979,0.1253,0.5845,0.1683,Walking
0.924,0.8623,0.6376,0.3189,Walking
0.0802,0.5856,0.1688,0.159,Micro_Vibration
0.8696,0.0086,0.1063,0.1834,Tap_Pattern
0.168,0.8829,0.2999,0.1721,Tap_Pattern
0.1887,0.7605,0.8808,0.6461,Stationary
0.8511,0.1695,0.1625,0.9221,Stationary
0.2875,0.5734,0.594,0.7881,Tap_Pattern
0.3944,0.8315,0.4434,0.1344,Tap_Pattern
0.0002,0.9186,0.8919,0.828,Stationary
0.9629,0.3613,0.1942,0.0668,Walking
0.647,0.0188,0.2316,0.0749,Stationary
0.5749,0.2456,0.763,0.5387,Micro_Vibration
0.1345,0.2979,0.4637,0.0868,Micro_Vibration
0.3823,0.0058,0.0468,0.9651,Micro_Vibration
0.4614,0.6591,0.3204,0.281,Stationary
0.9235,0.7484,0.831,0.0549,Tap_Pattern
0.8703,0.3909,0.2184,0.5257,Walking
0.0103,0.5724,0.2283,0.1735,Walking
0.4237,0.4447,0.4256,0.1466,Micro_Vibration
0.6733,0.2056,0.8673,0.1982,Tap_Pattern
0.1147,0.6429,0.7926,0.259,Stationary
0.965,0.2997,0.9387,0.7154,Tap_Pattern
0.349,0.8999,0.2877,0.9154,Micro_Vibration
0.4598,0.4639,0.6585,0.3884,Walking
0.4766,0.4202,0.9186,0.0316,Micro_Vibration
0.79,0.6044,0.1801,0.9747,Walking
0.88,0.8089,0.4734,0.8583,Stationary
0.5116,0.4414,0.998,0.8359,Tap_Pattern
0.6197,0.5646,0.1724,0.6973,Stationary
0.8822,0.287,0.2192,0.3077,Walking
0.0778,0.4962,0.219,0.3454,Walking
0.7961,0.501,0.3887,0.2555,Stationary
0.1655,0.8741,0.7727,0.3697,Micro_Vibration
0.3785,0.7611,0.418,0.5678,Walking
0.6882,0.173,0.5157,0.7339,Walking
0.0632,0.0121,0.9573,0.5956,Micro_Vibration
0.5009,0.3372,0.8856,0.4817,Walking
0.1744,0.3908,0.2785,0.3213,Stationary
0.8352,0.0325,0.781,0.477,Stationary
0.2619,0.4273,0.3047,0.8464,Tap_Pattern
0.737,0.2936,0.4556,0.9562,Walking
0.2758,0.457,0.3962,0.3752,Tap_Pattern
0.8432,0.963,0.3514,0.4156,Tap_Pattern
0.8491,0.1314,0.8768,0.755,Tap_Pattern
0.5535,0.8091,0.9647,0.0671,Walking
0.8823,0.0871,0.3728,0.5175,Stationary
0.9384,0.1492,0.4754,0.6958,Stationary
0.0111,0.517,0.3345,0.6975,Tap_Pattern
0.0204,0.9763,0.3633,0.7529,Tap_Pattern
0.0333,0.8994,0.2279,0.248,Walking
0.9148,0.5921,0.2456,0.027,Tap_Pattern
0.6446,0.6659,0.0223,0.4046,Stationary
0.548,0.1356,0.7349,0.4206,Tap_Pattern
0.9112,0.6424,0.7761,0.6143,Tap_Pattern
0.5081,0.5071,0.3291,0.5024,Walking
0.6763,0.8083,0.0467,0.4707,Micro_Vibration
0.5726,0.2044,0.6797,0.1692,Tap_Pattern
0.9874,0.0241,0.8438,0.7988,Walking
0.8482,0.8438,0.6368,0.571,Micro_Vibration
0.8284,0.6945,0.0587,0.6479,Tap_Pattern
0.765,0.7648,0.5451,0.4015,Tap_Pattern
0.0297,0.3908,0.1868,0.0612,Stationary
0.4022,0.1629,0.9309,0.6762,Stationary
0.4746,0.9435,0.5802,0.1773,Stationary
0.6729,0.5667,0.5365,0.1597,Stationary
0.5619,0.4187,0.3229,0.8836,Micro_Vibration
0.7726,0.2334,0.0904,0.7375,Stationary
0.5339,0.8224,0.308,0.2624,Tap_Pattern
0.5873,0.1577,0.2062,0.6955,Micro_Vibration
0.9725,0.0871,0.7711,0.9576,Walking
0.6871,0.6397,0.6923,0.113,Walking
0.7751,0.6105,0.4185,0.0268,Tap_Pattern
0.5988,0.0635,0.34,0.5386,Micro_Vibration
0.002,0.2585,0.6073,0.1624,Walking
0.232,0.9125,0.7425,0.2779,Micro_Vibration
0.8117,0.6974,0.7828,0.6937,Stationary
0.4659,0.5388,0.4143,0.502,Stationary
0.3864,0.3769,0.6409,0.6633,Stationary
0.3437,0.6452,0.5799,0.7556,Stationary
0.103,0.6505,0.2526,0.7724,Micro_Vibration
0.9013,0.654,0.0932,0.0015,Tap_Pattern
0.7747,0.1144,0.0544,0.5991,Micro_Vibration
0.4123,0.2983,0.4463,0.0479,Stationary
0.5132,0.5394,0.5176,0.8983,Stationary
0.4543,0.4021,0.5287,0.6006,Tap_Pattern
0.5503,0.6513,0.7704,0.8329,Walking
0.7523,0.0302,0.8507,0.4576,Walking
0.9514,0.1839,0.6468,0.6313,Stationary
0.0753,0.5398,0.423,0.5923,Stationary
0.7192,0.8846,0.3849,0.1102,Tap_Pattern
0.4061,0.1324,0.5575,0.5304,Stationary
0.2401,0.12,0.0568,0.7574,Micro_Vibration
0.9943,0.4213,0.6725,0.8824,Walking
0.2693,0.3261,0.5949,0.6302,Micro_Vibration
0.6419,0.334,0.5219,0.8213,Tap_Pattern
0.9,0.0812,0.011,0.7464,Micro_Vibration
0.2983,0.6576,0.3739,0.4078,Stationary
0.5856,0.9388,0.1562,0.2228,Walking
0.2486,0.1826,0.9095,0.5699,Tap_Pattern
0.8229,0.9268,0.0588,0.61,Tap_Pattern
0.0008,0.9183,0.2936,0.3754,Micro_Vibration
0.8445,0.8914,0.3083,0.3519,Micro_Vibration
0.6984,0.4249,0.5012,0.0792,Tap_Pattern
0.7898,0.7789,0.2784,0.0163,Micro_Vibration
0.8737,0.8271,0.272,0.8772,Micro_Vibration
0.1189,0.8743,0.57,0.9981,Micro_Vibration
0.5178,0.2764,0.7123,0.4111,Micro_Vibration
0.9607,0.2308,0.0384,0.4032,Tap_Pattern
0.6043,0.6249,0.5289,0.2837,Stationary
0.1293,0.5815,0.5669,0.4846,Micro_Vibration
0.1349,0.0505,0.2566,0.6048,Tap_Pattern
0.1845,0.9612,0.5637,0.1288,Tap_Pattern
0.417,0.0727,0.4537,0.9314,Tap_Pattern
0.1769,0.8925,0.377,0.9853,Micro_Vibration
0.588,0.7372,0.7911,0.734,Micro_Vibration
0.2153,0.7515,0.7348,0.8652,Tap_Pattern
0.556,0.464,0.4954,0.6109,Walking
0.9164,0.4338,0.3011,0.2471,Micro_Vibration
0.0489,0.9475,0.8075,0.8952,Micro_Vibration
0.0956,0.2001,0.5279,0.1896,Stationary
0.1548,0.1261,0.0098,0.0044,Stationary
0.2896,0.0497,0.9789,0.6984,Tap_Pattern
0.1468,0.6169,0.747,0.0673,Walking
0.7412,0.6613,0.8529,0.8707,Stationary
0.2177,0.1182,0.2041,0.8115,Tap_Pattern
0.3214,0.9011,0.8436,0.4701,Stationary
0.5914,0.5401,0.6444,0.8328,Tap_Pattern
0.2971,0.7423,0.6671,0.6973,Walking
0.9086,0.3295,0.9696,0.649,Stationary
0.5186,0.2335,0.8317,0.031,Tap_Pattern
0.9933,0.4281,0.9424,0.1023,Walking
0.5587,0.6204,0.1251,0.9377,Stationary
0.649,0.8573,0.4023,0.1317,Stationary
0.0852,0.6589,0.246,0.9352,Tap_Pattern
0.6157,0.409,0.9364,0.4306,Walking
0.9782,0.1529,0.7645,0.9154,Walking
0.8496,0.0067,0.2479,0.9394,Tap_Pattern
0.2576,0.7108,0.318,0.9644,Micro_Vibration
0.4822,0.6187,0.8504,0.0969,Stationary
0.4962,0.4959,0.6424,0.0733,Walking
0.0621,0.419,0.7576,0.7618,Micro_Vibration
0.966,0.1466,0.3335,0.622,Stationary
0.5908,0.5156,0.1934,0.4596,Micro_Vibration
0.2983,0.1838,0.2939,0.9963,Walking
0.8466,0.2866,0.6089,0.7797,Tap_Pattern
0.4313,0.4439,0.9588,0.416,Micro_Vibration
0.7745,0.3152,0.0657,0.9687,Stationary
0.6918,0.4704,0.3214,0.7774,Stationary
0.7864,0.6299,0.9775,0.6881,Walking
0.0898,0.6951,0.961,0.1665,Walking
0.0785,0.3517,0.1926,0.2558,Stationary
0.5583,0.354,0.0015,0.3463,Stationary
0.7289,0.8078,0.321,0.8352,Walking
0.2712,0.8008,0.3924,0.3657,Stationary
0.9218,0.0469,0.4919,0.4728,Stationary
0.2851,0.5878,0.8923,0.8012,Walking
0.3189,0.3118,0.5396,0.9847,Micro_Vibration
0.6042,0.7885,0.5459,0.1782,Stationary
0.681,0.5886,0.3937,0.1603,Stationary
0.2385,0.3717,0.8208,0.5547,Walking
0.6283,0.6934,0.021,0.4448,Stationary
0.1516,0.3217,0.6081,0.3379,Tap_Pattern
0.2825,0.4373,0.6003,0.867,Micro_Vibration
0.3425,0.4175,0.2001,0.9325,Tap_Pattern
0.3,0.85,0.5031,0.5072,Stationary
0.7621,0.8404,0.4874,0.5056,Tap_Pattern
0.9924,0.0426,0.1682,0.979,Stationary
0.5995,0.6151,0.5409,0.7229,Walking
0.8657,0.0789,0.1997,0.8562,Micro_Vibration
0.8108,0.3786,0.0962,0.5371,Walking
0.5609,0.3429,0.8003,0.241,Stationary
0.1114,0.6562,0.0323,0.9942,Micro_Vibration
0.1467,0.3135,0.6006,0.4704,Stationary
0.476,0.952,0.3634,0.2785,Tap_Pattern
0.7264,0.9586,0.0567,0.5318,Micro_Vibration
0.9185,0.8954,0.0799,0.7507,Walking
0.3904,0.0734,0.6176,0.339,Micro_Vibration
0.5766,0.4212,0.7927,0.8039,Tap_Pattern
0.1323,0.4074,0.2482,0.7031,Tap_Pattern
0.9228,0.3633,0.9762,0.1379,Tap_Pattern
0.0737,0.5346,0.0164,0.374,Tap_Pattern
0.0059,0.9068,0.5169,0.0484,Stationary
0.3934,0.0415,0.3958,0.434,Stationary
0.371,0.1293,0.5309,0.6411,Tap_Pattern
0.266,0.008,0.545,0.1207,Micro_Vibration
0.5866,0.5924,0.9884,0.0587,Micro_Vibration
0.6391,0.1432,0.1353,0.6083,Walking
0.1581,0.2,0.9428,0.757,Tap_Pattern
0.6961,0.3667,0.8575,0.5745,Micro_Vibration
0.9692,0.0417,0.6233,0.5334,Stationary
0.133,0.967,0.3488,0.8147,Tap_Pattern
0.9344,0.6616,0.2578,0.2734,Micro_Vibration
0.0438,0.2858,0.5568,0.605,Walking
0.9257,0.2251,0.0906,0.5574,Stationary
0.7184,0.5952,0.3479,0.3504,Micro_Vibration
0.2834,0.839,0.283,0.3302,Tap_Pattern
0.1569,0.1679,0.7942,0.371,Stationary
0.4933,0.495,0.3149,0.4074,Stationary
0.2347,0.8116,0.1025,0.42,Micro_Vibration
0.3096,0.4231,0.4476,0.2963,Micro_Vibration
0.7578,0.9018,0.4061,0.1311,Walking
0.7998,0.0629,0.504,0.0272,Walking
0.9549,0.6809,0.0679,0.2304,Stationary
0.4232,0.809,0.316,0.054,Tap_Pattern
0.5721,0.3734,0.1792,0.3022,Micro_Vibration
0.2453,0.3264,0.4423,0.2653,Tap_Pattern
0.9686,0.7319,0.3654,0.0971,Walking
0.6944,0.9875,0.4675,0.0544,Tap_Pattern
0.1231,0.9336,0.08,0.643,Tap_Pattern
0.4347,0.7436,0.3003,0.7185,Micro_Vibration
0.4297,0.3883,0.1231,0.2351,Walking
0.7135,0.4949,0.6272,0.5596,Tap_Pattern
0.5469,0.0069,0.6867,0.0492,Micro_Vibration
0.9706,0.9938,0.6941,0.8476,Stationary
0.5421,0.2444,0.006,0.6424,Micro_Vibration
0.1639,0.6035,0.4325,0.2419,Micro_Vibration
0.8503,0.1437,0.7065,0.6986,Micro_Vibration
0.7861,0.1333,0.5655,0.8606,Walking
0.2591,0.186,0.5607,0.1334,Micro_Vibration
0.7631,0.8155,0.9348,0.8958,Tap_Pattern
0.3761,0.8595,0.6527,0.2583,Tap_Pattern
0.4734,0.2368,0.9331,0.1595,Walking
0.6517,0.0467,0.2383,0.1824,Stationary
0.2514,0.9916,0.0653,0.6168,Micro_Vibration
0.7611,0.1752,0.2789,0.1383,Walking
0.4946,0.0706,0.591,0.1494,Stationary
0.7997,0.4833,0.8199,0.862,Walking
0.8427,0.69,0.1268,0.389,Tap_Pattern
0.3236,0.5684,0.6094,0.0694,Micro_Vibration
0.1243,0.0038,0.8323,0.7886,Micro_Vibration
0.2134,0.1547,0.7735,0.4325,Micro_Vibration
0.9136,0.4928,0.4674,0.2183,Stationary
0.4142,0.726,0.6998,0.0338,Tap_Pattern
0.4018,0.2987,0.4781,0.9255,Tap_Pattern
0.0034,0.5585,0.0524,0.3785,Stationary
0.3351,0.3132,0.6239,0.7961,Micro_Vibration
0.6302,0.0848,0.8241,0.6403,Walking
0.7279,0.1323,0.4961,0.0185,Tap_Pattern
0.4732,0.7586,0.5063,0.428,Tap_Pattern
0.1377,0.5692,0.0024,0.9259,Micro_Vibration
0.0138,0.04,0.7066,0.1909,Walking
0.6343,0.7939,0.9438,0.883,Walking
0.9459,0.7289,0.2827,0.4478,Walking
0.595,0.6457,0.2089,0.5227,Micro_Vibration
0.9809,0.699,0.5707,0.4844,Walking
0.8421,0.5982,0.0774,0.5987,Tap_Pattern
0.0344,0.7401,0.8887,0.8139,Stationary
0.8668,0.5972,0.8004,0.2075,Tap_Pattern
0.7751,0.4365,0.2165,0.1318,Micro_Vibration
0.9754,0.2573,0.381,0.1308,Micro_Vibration
0.7186,0.5857,0.9346,0.5337,Stationary
0.6605,0.9102,0.3295,0.2883,Walking
0.228,0.0163,0.6998,0.1825,Tap_Pattern
0.4369,0.699,0.9192,0.1633,Micro_Vibration
0.8166,0.9722,0.7032,0.3042,Tap_Pattern
0.3002,0.8267,0.9291,0.1616,Tap_Pattern
0.7151,0.7465,0.6961,0.0642,Micro_Vibration
0.909,0.1288,0.4503,0.643,Tap_Pattern
0.0578,0.6573,0.9725,0.2901,Tap_Pattern
0.5222,0.3844,0.077,0.7313,Walking
0.5755,0.3701,0.3059,0.7476,Walking
0.3914,0.753,0.3246,0.4284,Tap_Pattern
0.6235,0.5674,0.7968,0.1928,Micro_Vibration
0.9711,0.8563,0.8581,0.4448,Micro_Vibration
0.395,0.1193,0.8394,0.0594,Micro_Vibration
0.4172,0.3842,0.1324,0.099,Walking
0.3563,0.3187,0.4496,0.5066,Walking
0.3305,0.6655,0.5227,0.3986,Walking
0.7516,0.3585,0.4935,0.0999,Micro_Vibration
0.2548,0.431,0.0057,0.0523,Tap_Pattern
0.3376,0.7869,0.4149,0.531,Micro_Vibration
0.2912,0.0575,0.0713,0.3826,Walking
0.3251,0.1539,0.8918,0.8616,Walking
0.0687,0.5123,0.6116,0.933,Stationary
0.1437,0.848,0.2017,0.5293,Tap_Pattern
0.017,0.7755,0.8365,0.8206,Stationary
0.7302,0.4526,0.9583,0.4082,Stationary
0.8819,0.2983,0.9366,0.1539,Micro_Vibration
0.5127,0.4112,0.1734,0.7973,Walking
0.7313,0.5406,0.7359,0.2233,Walking
0.7467,0.2126,0.668,0.0121,Tap_Pattern
0.638,0.8237,0.4756,0.4848,Tap_Pattern
0.1349,0.2727,0.99,0.5552,Stationary
0.2097,0.3892,0.2703,0.0132,Walking
0.9144,0.464,0.3539,0.7701,Tap_Pattern
0.2992,0.5094,0.9837,0.573,Tap_Pattern
0.6402,0.9533,0.573,0.6768,Walking
0.5845,0.6279,0.5485,0.1404,Tap_Pattern
0.0011,0.7172,0.251,0.1471,Stationary
0.8014,0.9694,0.3538,0.5304,Micro_Vibration
0.3321,0.2804,0.8415,0.0176,Micro_Vibration
0.8444,0.1536,0.2274,0.5635,Tap_Pattern
0.665,0.4712,0.5326,0.4603,Walking
0.9557,0.1137,0.3088,0.5135,Tap_Pattern
0.7378,0.9934,0.6867,0.7216,Micro_Vibration
0.0037,0.522,0.7239,0.8391,Walking
0.7867,0.52,0.3964,0.5143,Walking
0.106,0.4203,0.2447,0.7665,Micro_Vibration
0.9711,0.4294,0.7368,0.3606,Tap_Pattern
0.7164,0.7567,0.1657,0.42,Tap_Pattern
0.2925,0.5164,0.0987,0.9822,Micro_Vibration
0.6998,0.3839,0.1818,0.5904,Stationary
0.3715,0.9817,0.5296,0.8935,Stationary
0.4687,0.5007,0.2949,0.1467,Tap_Pattern
0.8233,0.8217,0.5631,0.4143,Stationary
0.9336,0.9279,0.2356,0.4602,Micro_Vibration
0.2201,0.4738,0.4503,0.5026,Stationary
0.9807,0.8839,0.228,0.6793,Stationary
0.0359,0.8126,0.7629,0.4284,Walking
0.8729,0.7145,0.6277,0.448,Walking
0.8099,0.9844,0.5809,0.7033,Stationary
0.6271,0.4452,0.4964,0.3139,Stationary
0.9888,0.8785,0.5446,0.6243,Stationary
0.843,0.7489,0.4628,0.0663,Stationary
0.3204,0.6025,0.5578,0.3025,Tap_Pattern
0.1676,0.8268,0.2101,0.2636,Tap_Pattern
0.411,0.5251,0.8612,0.9595,Tap_Pattern
0.3986,0.1509,0.5937,0.6813,Micro_Vibration
0.1145,0.6316,0.6679,0.0279,Walking
0.7382,0.5472,0.8073,0.0998,Tap_Pattern
0.8473,0.7841,0.0983,0.767,Stationary
0.6489,0.4885,0.9154,0.388,Stationary
0.8731,0.0471,0.5861,0.2194,Micro_Vibration
0.5895,0.144,0.5533,0.8935,Micro_Vibration
0.2749,0.7064,0.6628,0.8495,Walking
0.6075,0.4541,0.0462,0.7138,Stationary
0.4207,0.3279,0.511,0.4138,Micro_Vibration
0.9965,0.191,0.3543,0.4461,Tap_Pattern
0.4423,0.7397,0.7659,0.8399,Micro_Vibration
0.1002,0.3293,0.6321,0.6813,Walking
0.44,0.9051,0.3575,0.6437,Tap_Pattern
0.6179,0.6755,0.7392,0.5166,Walking
0.2634,0.3112,0.9819,0.5374,Stationary
0.9719,0.3114,0.3086,0.4834,Stationary
0.6514,0.7016,0.7525,0.9362,Walking
0.8508,0.1985,0.5358,0.444,Walking
0.6278,0.3935,0.9344,0.5338,Stationary
0.7437,0.5828,0.4379,0.8727,Tap_Pattern
0.5377,0.8737,0.1421,0.6388,Walking
0.8043,0.6276,0.3572,0.5124,Walking
0.412,0.473,0.8102,0.0247,Micro_Vibration
0.8194,0.4233,0.8562,0.9538,Stationary
0.0664,0.2179,0.1347,0.3193,Micro_Vibration
0.7584,0.506,0.2083,0.119,Tap_Pattern
0.3661,0.7064,0.1602,0.91,Micro_Vibration
0.6625,0.2335,0.509,0.9617,Micro_Vibration
0.7107,0.1367,0.8299,0.3314,Walking
0.9218,0.6619,0.6425,0.9959,Micro_Vibration
0.2266,0.3001,0.3759,0.9927,Walking
0.069,0.347,0.7389,0.5375,Tap_Pattern
0.7971,0.024,0.4666,0.2073,Walking
0.7947,0.8466,0.709,0.3888,Stationary
0.3454,0.6322,0.3567,0.2834,Stationary
0.9216,0.4871,0.7407,0.9233,Stationary
0.4247,0.442,0.3367,0.9483,Micro_Vibration
0.0769,0.6644,0.4045,0.5518,Walking
0.8912,0.0989,0.7877,0.2999,Walking
0.6676,0.3866,0.8894,0.7052,Walking
0.8173,0.2034,0.4869,0.4497,Stationary
0.7359,0.1285,0.8104,0.8594,Tap_Pattern
0.2886,0.6369,0.2414,0.2013,Stationary
0.8119,0.4248,0.8527,0.3479,Stationary
0.5751,0.6458,0.3845,0.8192,Stationary
0.5578,0.1886,0.3771,0.4597,Tap_Pattern
0.9899,0.4139,0.9525,0.0015,Walking
0.7466,0.9153,0.2779,0.8113,Stationary
0.1344,0.849,0.128,0.68,Micro_Vibration
0.2687,0.5884,0.0396,0.8996,Micro_Vibration
0.7252,0.9719,0.5537,0.8911,Tap_Pattern
0.3581,0.7404,0.0938,0.8642,Stationary
0.3274,0.6357,0.2761,0.4036,Walking
0.2938,0.6168,0.2113,0.7769,Walking
0.0627,0.304,0.3955,0.3605,Walking
0.1401,0.809,0.8136,0.11,Tap_Pattern
0.2463,0.7516,0.3796,0.0665,Walking
0.7351,0.6428,0.8936,0.6337,Walking
0.5826,0.158,0.1827,0.6853,Tap_Pattern
0.8508,0.2627,0.0927,0.6079,Stationary
0.2163,0.8583,0.7928,0.8144,Walking
0.0025,0.1789,0.8016,0.3433,Micro_Vibration
0.8317,0.7818,0.2711,0.2885,Walking
0.875,0.3993,0.1407,0.5334,Micro_Vibration
0.5727,0.3007,0.755,0.9567,Stationary
0.2527,0.3612,0.378,0.7389,Stationary
0.3738,0.4822,0.5803,0.198,Walking
0.0928,0.2607,0.7817,0.458,Tap_Pattern
0.5896,0.3168,0.0635,0.8748,Stationary
0.2895,0.5832,0.2854,0.4408,Tap_Pattern
0.4249,0.5138,0.0518,0.5283,Walking
0.502,0.0598,0.7231,0.5359,Micro_Vibration
0.0858,0.2061,0.0843,0.0921,Stationary
0.2502,0.4331,0.5349,0.1708,Stationary
0.9453,0.0148,0.7984,0.0776,Tap_Pattern
0.0973,0.6151,0.4054,0.5245,Tap_Pattern
0.3012,0.3307,0.4541,0.0529,Stationary
0.1428,0.4278,0.5782,0.1979,Stationary
0.3723,0.2633,0.7067,0.1962,Tap_Pattern
0.0332,0.1847,0.0542,0.9589,Tap_Pattern
0.8743,0.9768,0.6914,0.3351,Stationary
0.6753,0.9155,0.1381,0.2883,Stationary
0.0958,0.7883,0.0273,0.4089,Stationary
0.1031,0.0754,0.3198,0.5888,Micro_Vibration
0.0191,0.9831,0.4018,0.8928,Micro_Vibration
0.8488,0.5193,0.1287,0.8529,Walking
0.0374,0.9912,0.2321,0.9773,Micro_Vibration
0.1842,0.1761,0.3724,0.1398,Stationary
0.0956,0.6633,0.6139,0.0464,Stationary
0.1139,0.2077,0.5342,0.2091,Stationary
0.1924,0.6417,0.3636,0.517,Stationary
0.7966,0.1583,0.7329,0.2542,Tap_Pattern
0.6793,0.3333,0.2166,0.1857,Tap_Pattern
0.2984,0.8042,0.6094,0.4282,Stationary
0.1733,0.5836,0.43,0.1933,Micro_Vibration
0.7454,0.7297,0.5833,0.3566,Tap_Pattern
0.7504,0.6367,0.4736,0.9049,Micro_Vibration
0.2767,0.5728,0.637,0.3605,Tap_Pattern
0.8304,0.3562,0.8348,0.0921,Micro_Vibration
0.9973,0.9818,0.4043,0.8141,Stationary
0.2675,0.764,0.3901,0.1577,Micro_Vibration
0.8723,0.5109,0.6196,0.4166,Walking
0.1052,0.4727,0.9926,0.2192,Tap_Pattern
0.849,0.698,0.1593,0.8782,Walking
0.9238,0.3938,0.7197,0.6669,Walking
0.2084,0.5806,0.6894,0.9259,Micro_Vibration
0.7619,0.8807,0.5766,0.8882,Micro_Vibration
0.1541,0.2025,0.9108,0.755,Tap_Pattern
0.4939,0.5924,0.2978,0.3388,Stationary
0.1567,0.4577,0.6449,0.934,Micro_Vibration
0.7449,0.5471,0.2246,0.2715,Walking
0.4108,0.3285,0.7491,0.2464,Stationary
0.413,0.1013,0.7307,0.1471,Tap_Pattern
0.5902,0.2364,0.6084,0.8894,Stationary
0.4153,0.3545,0.2246,0.9463,Stationary
0.1015,0.8969,0.5153,0.1967,Tap_Pattern
0.0884,0.2448,0.4971,0.2082,Micro_Vibration
0.3795,0.4715,0.166,0.8301,Stationary
0.943,0.2739,0.6135,0.8145,Stationary
0.5559,0.1399,0.7319,0.5738,Stationary
0.1318,0.1225,0.2855,0.7838,Walking
0.783,0.442,0.1839,0.6424,Micro_Vibration
0.7487,0.9915,0.6328,0.3886,Walking
0.3445,0.4055,0.9172,0.1913,Stationary
0.46,0.7481,0.5851,0.8065,Walking
0.0113,0.3954,0.5727,0.5056,Stationary
0.9935,0.1098,0.642,0.7025,Tap_Pattern
0.7186,0.5672,0.0884,0.41,Stationary
0.4117,0.889,0.2242,0.3286,Stationary
0.0329,0.9559,0.1074,0.3499,Stationary
0.1136,0.7761,0.2469,0.6016,Stationary
0.7614,0.0813,0.2264,0.2722,Walking
0.2154,0.9176,0.4193,0.482,Micro_Vibration
0.957,0.2736,0.7946,0.2814,Walking
0.0886,0.0621,0.0712,0.4342,Micro_Vibration
0.0377,0.994,0.9087,0.0911,Tap_Pattern
0.0104,0.2829,0.6545,0.5903,Stationary
0.7717,0.0476,0.3116,0.899,Micro_Vibration
0.8936,0.0387,0.5296,0.8308,Tap_Pattern
0.8532,0.9258,0.4042,0.5443,Stationary
0.748,0.0724,0.6208,0.0396,Walking
0.1444,0.9548,0.7697,0.2578,Walking
0.3024,0.2611,0.1559,0.0599,Walking
0.1975,0.4255,0.6954,0.5655,Stationary
0.4857,0.9392,0.5917,0.2054,Tap_Pattern
0.0588,0.3239,0.4806,0.8552,Stationary
0.7907,0.116,0.8769,0.7827,Stationary
0.583,0.3094,0.8476,0.0162,Micro_Vibration
0.3035,0.4639,0.8674,0.1616,Stationary
0.2893,0.1192,0.8404,0.4594,Walking
0.3171,0.9086,0.9339,0.0751,Micro_Vibration
0.9698,0.4764,0.5101,0.4909,Walking
0.8602,0.1875,0.0717,0.5541,Stationary
0.0375,0.6372,0.3017,0.9706,Tap_Pattern
0.1221,0.5776,0.2863,0.2495,Micro_Vibration
0.119,0.284,0.0479,0.71,Stationary
0.9201,0.2178,0.0514,0.5968,Tap_Pattern
0.9658,0.1855,0.0664,0.5479,Walking
0.3371,0.9983,0.1755,0.656,Walking
0.8934,0.002,0.633,0.283,Stationary
0.9342,0.4665,0.5428,0.7048,Walking
0.5206,0.9149,0.3589,0.3904,Walking
0.5067,0.982,0.5979,0.9812,Stationary
0.3692,0.5908,0.6287,0.7305,Tap_Pattern
0.4514,0.9391,0.917,0.2082,Walking
0.7783,0.2962,0.1456,0.9905,Tap_Pattern
0.6382,0.0864,0.1561,0.4042,Walking
0.4051,0.0259,0.3828,0.008,Stationary
0.6633,0.083,0.859,0.6539,Walking
0.1112,0.2225,0.9868,0.3781,Tap_Pattern
0.8611,0.2607,0.7875,0.512,Stationary
0.8769,0.0034,0.6382,0.8127,Tap_Pattern
0.5415,0.059,0.2719,0.972,Stationary
0.4859,0.5363,0.0077,0.4076,Micro_Vibration
0.5015,0.1113,0.3512,0.7927,Micro_Vibration
0.14,0.1428,0.1481,0.175,Micro_Vibration
0.2839,0.5361,0.471,0.8663,Micro_Vibration
0.3579,0.606,0.5955,0.0319,Walking
0.0923,0.7263,0.5542,0.4524,Stationary
0.2282,0.8899,0.1018,0.1155,Micro_Vibration
0.347,0.0297,0.853,0.7743,Micro_Vibration
0.3187,0.7798,0.443,0.1456,Micro_Vibration
0.9235,0.0077,0.9295,0.2893,Walking
0.9565,0.5565,0.0409,0.7592,Micro_Vibration
0.0292,0.9266,0.0172,0.0728,Walking
0.1023,0.2877,0.8667,0.9432,Micro_Vibration
0.3013,0.6133,0.8716,0.1262,Stationary
0.9298,0.2626,0.4695,0.41,Tap_Pattern
0.2878,0.8838,0.1289,0.0364,Stationary
0.6416,0.6741,0.9263,0.2233,Tap_Pattern
0.222,0.3444,0.9813,0.5592,Stationary
0.6737,0.2273,0.5583,0.7731,Micro_Vibration
0.0973,0.8239,0.6206,0.9049,Tap_Pattern
0.2506,0.9177,0.2396,0.7205,Stationary
0.3189,0.3319,0.3232,0.3445,Tap_Pattern
0.7842,0.5924,0.3061,0.7682,Walking
0.1866,0.8948,0.0007,0.4191,Tap_Pattern
0.5664,0.0488,0.298,0.8939,Tap_Pattern
0.0148,0.0667,0.0485,0.3316,Tap_Pattern
0.2406,0.4523,0.2734,0.4441,Stationary
0.083,0.3183,0.4442,0.0932,Micro_Vibration
0.4183,0.5601,0.2988,0.8989,Stationary
0.14,0.22,0.0205,0.2804,Tap_Pattern
0.7229,0.616,0.1607,0.6129,Tap_Pattern
0.2958,0.3013,0.7739,0.4989,Micro_Vibration
0.3231,0.8764,0.0092,0.282,Micro_Vibration
0.2404,0.1408,0.2505,0.2126,Stationary
0.7668,0.2739,0.4544,0.126,Stationary
0.7201,0.342,0.9423,0.3983,Stationary
0.3276,0.338,0.4585,0.8458,Stationary
0.3842,0.8341,0.5631,0.3788,Micro_Vibration
0.2776,0.3689,0.0614,0.9967,Micro_Vibration
0.2216,0.1444,0.7948,0.6757,Walking
0.3588,0.9309,0.8483,0.3222,Micro_Vibration
0.5254,0.2264,0.2795,0.9116,Micro_Vibration
0.6051,0.3923,0.9048,0.6902,Stationary
0.4426,0.0992,0.2955,0.157,Micro_Vibration
0.8292,0.0264,0.087,0.464,Micro_Vibration
0.9052,0.3592,0.2407,0.1761,Tap_Pattern
0.3824,0.2099,0.8584,0.8342,Tap_Pattern
0.2213,0.1262,0.355,0.033,Micro_Vibration
0.1211,0.2306,0.1569,0.0452,Walking
0.0076,0.1512,0.418,0.6714,Stationary
0.1062,0.2394,0.2435,0.3737,Micro_Vibration
0.4894,0.4872,0.6037,0.0021,Stationary
0.1838,0.5818,0.3416,0.0995,Micro_Vibration
0.1842,0.3405,0.7155,0.677,Tap_Pattern
0.064,0.74,0.3539,0.5997,Stationary
0.7271,0.5794,0.6216,0.8985,Micro_Vibration
0.0005,0.7939,0.3441,0.8038,Micro_Vibration
0.1367,0.2343,0.9624,0.6509,Tap_Pattern
0.4655,0.7818,0.7684,0.2849,Tap_Pattern
0.2896,0.7339,0.8379,0.4439,Stationary
0.6149,0.945,0.3527,0.6777,Stationary
0.92,0.6701,0.974,0.4279,Tap_Pattern
0.7115,0.34,0.3446,0.6588,Tap_Pattern
0.0669,0.0265,0.5755,0.5538,Walking
0.4768,0.0549,0.6622,0.7972,Stationary
0.1559,0.2459,0.6752,0.3908,Tap_Pattern
0.024,0.6292,0.4778,0.4276,Walking
0.2461,0.1512,0.684,0.1231,Walking
0.5858,0.0716,0.1381,0.8187,Walking
0.6471,0.3676,0.2207,0.498,Stationary
0.2861,0.1522,0.3116,0.0216,Stationary
0.939,0.2448,0.8302,0.7729,Micro_Vibration
0.5698,0.5379,0.9079,0.1485,Micro_Vibration
0.703,0.0731,0.1432,0.4374,Tap_Pattern
0.38,0.2087,0.9709,0.755,Walking
0.1033,0.6591,0.2017,0.683,Tap_Pattern
0.3425,0.0716,0.9854,0.8955,Micro_Vibration
0.0412,0.0984,0.2748,0.8708,Tap_Pattern
0.8038,0.1637,0.428,0.2928,Tap_Pattern
0.4451,0.793,0.2203,0.8875,Stationary
0.8055,0.4879,0.9934,0.3159,Walking
0.2206,0.8078,0.2489,0.9502,Walking
0.6726,0.314,0.7514,0.6136,Tap_Pattern
0.2602,0.4413,0.2935,0.4259,Micro_Vibration
0.2787,0.8022,0.288,0.3676,Stationary
0.0217,0.4068,0.1381,0.0058,Tap_Pattern
0.5786,0.9707,0.4188,0.3831,Walking
0.8587,0.143,0.6722,0.8664,Micro_Vibration
0.7507,0.8758,0.711,0.1793,Micro_Vibration
0.7397,0.7022,0.6139,0.5843,Micro_Vibration
0.2574,0.8773,0.8665,0.0729,Stationary
0.3012,0.8687,0.6567,0.901,Micro_Vibration
0.1473,0.1959,0.893,0.4615,Stationary
0.2869,0.3449,0.4927,0.5672,Micro_Vibration
0.3736,0.864,0.2913,0.6554,Tap_Pattern
0.0242,0.2302,0.611,0.134,Walking
0.4528,0.6806,0.9468,0.985,Micro_Vibration
0.7742,0.1931,0.6451,0.8808,Stationary
0.9265,0.6987,0.2697,0.064,Tap_Pattern
0.4882,0.7659,0.4453,0.3954,Tap_Pattern
0.6301,0.6709,0.8487,0.7838,Tap_Pattern
0.2005,0.1128,0.9884,0.8833,Micro_Vibration
0.0271,0.9491,0.049,0.8881,Walking
0.5034,0.2684,0.3877,0.2531,Micro_Vibration
0.2046,0.7527,0.4229,0.4514,Tap_Pattern
0.0229,0.79,0.1664,0.9773,Tap_Pattern
0.4988,0.7401,0.0858,0.2068,Stationary
0.8518,0.6401,0.2532,0.9174,Tap_Pattern
0.8767,0.5994,0.024,0.9854,Tap_Pattern
0.2799,0.7152,0.052,0.8671,Micro_Vibration
0.2616,0.3696,0.8672,0.9081,Micro_Vibration
0.3742,0.8249,0.9691,0.8746,Stationary
0.1083,0.3318,0.3915,0.4752,Stationary
0.5409,0.0488,0.9517,0.7337,Stationary
0.2858,0.6381,0.0613,0.0614,Micro_Vibration
0.0639,0.4057,0.8936,0.3399,Micro_Vibration
0.8336,0.1909,0.6343,0.103,Micro_Vibration
0.4773,0.4581,0.3523,0.0499,Stationary
0.6245,0.012,0.9222,0.5163,Walking
0.3814,0.4474,0.4871,0.8156,Walking
0.0361,0.9621,0.6082,0.1548,Tap_Pattern
0.7903,0.6571,0.4048,0.6063,Micro_Vibration
0.4837,0.1028,0.0934,0.3658,Tap_Pattern
0.4243,0.7988,0.9778,0.1128,Tap_Pattern
0.8266,0.3854,0.3562,0.7358,Micro_Vibration
0.664,0.1598,0.0657,0.8698,Walking
0.8648,0.3328,0.979,0.2074,Micro_Vibration
0.2556,0.6436,0.067,0.3478,Walking
0.4397,0.15,0.3696,0.3647,Micro_Vibration
0.9874,0.5785,0.5933,0.7611,Micro_Vibration
0.2823,0.3879,0.6595,0.0943,Tap_Pattern
0.3352,0.0433,0.6813,0.5394,Walking
0.929,0.4278,0.4849,0.869,Stationary
0.8148,0.7764,0.0065,0.7887,Walking
0.2045,0.901,0.462,0.479,Tap_Pattern
0.43,0.5602,0.6473,0.255,Stationary
0.638,0.811,0.7101,0.1646,Micro_Vibration
0.8748,0.3706,0.2998,0.1065,Micro_Vibration
0.0044,0.5444,0.8182,0.9414,Stationary
0.5352,0.5643,0.4719,0.886,Stationary
0.6389,0.7655,0.2238,0.865,Micro_Vibration
0.9501,0.7934,0.4691,0.9199,Stationary
0.1209,0.76,0.2925,0.319,Tap_Pattern
0.6525,0.9215,0.1984,0.7802,Stationary
0.0086,0.9074,0.1464,0.048,Micro_Vibration
0.7163,0.2787,0.1935,0.6751,Tap_Pattern
0.2166,0.6778,0.0518,0.7389,Tap_Pattern
0.8488,0.6917,0.447,0.4697,Tap_Pattern
0.9347,0.6779,0.5826,0.4747,Tap_Pattern
0.3648,0.6099,0.3499,0.3988,Tap_Pattern
0.4067,0.0407,0.6094,0.6813,Micro_Vibration
0.1948,0.779,0.0161,0.615,Walking
0.1523,0.9362,0.8396,0.945,Tap_Pattern
0.6822,0.3645,0.7803,0.6241,Micro_Vibration
0.1272,0.0882,0.0759,0.2584,Stationary
0.4587,0.3618,0.2845,0.6718,Tap_Pattern
0.0501,0.114,0.4928,0.6405,Stationary
0.0826,0.9447,0.0371,0.7021,Stationary
0.0692,0.7088,0.9095,0.4191,Stationary
0.5039,0.1346,0.3486,0.5718,Micro_Vibration
0.6694,0.8447,0.9097,0.5979,Micro_Vibration
0.2207,0.289,0.5004,0.207,Tap_Pattern
0.8944,0.6001,0.1078,0.5705,Tap_Pattern
0.5701,0.8182,0.3844,0.9703,Tap_Pattern
0.985,0.3873,0.2836,0.8318,Micro_Vibration
0.0229,0.2077,0.9424,0.9497,Micro_Vibration
0.8173,0.4077,0.3649,0.7787,Micro_Vibration
0.3104,0.5387,0.2639,0.889,Micro_Vibration
0.9885,0.4981,0.1285,0.0026,Stationary
0.6892,0.7346,0.6578,0.0208,Tap_Pattern
0.6641,0.0864,0.6665,0.377,Stationary
0.3196,0.5892,0.5595,0.3379,Micro_Vibration
0.8239,0.4955,0.1145,0.9544,Micro_Vibration
0.7296,0.8791,0.6961,0.1981,Micro_Vibration
0.3203,0.4208,0.6555,0.2171,Micro_Vibration
0.8118,0.0894,0.0582,0.7224,Stationary
0.5263,0.5952,0.2348,0.553,Stationary
0.7271,0.8095,0.3097,0.8239,Stationary
0.1735,0.6437,0.9484,0.3359,Walking
0.0645,0.5438,0.9433,0.756,Stationary
0.6216,0.2301,0.9235,0.7063,Tap_Pattern
0.4172,0.0885,0.7703,0.3939,Stationary
0.5118,0.8108,0.1403,0.1371,Tap_Pattern
0.5199,0.3488,0.9841,0.761,Walking
0.7798,0.8941,0.9814,0.7691,Stationary
0.8718,0.9114,0.2203,0.9935,Stationary
0.0363,0.3489,0.5485,0.2121,Micro_Vibration
0.0084,0.6129,0.4972,0.2028,Tap_Pattern
0.6187,0.2902,0.1395,0.5577,Stationary
0.747,0.1399,0.4222,0.2328,Tap_Pattern
0.7334,0.356,0.0288,0.7285,Tap_Pattern
0.8123,0.4271,0.6901,0.0983,Tap_Pattern
0.4787,0.8697,0.1253,0.5308,Micro_Vibration
0.4092,0.2362,0.5447,0.9061,Walking
0.0246,0.7287,0.3965,0.7759,Micro_Vibration
0.4599,0.4015,0.5921,0.1841,Tap_Pattern
0.435,0.5147,0.6911,0.0112,Micro_Vibration
0.4475,0.3971,0.9496,0.9895,Walking
0.169,0.5503,0.6408,0.676,Stationary
0.4638,0.5808,0.2418,0.318,Stationary
0.1356,0.3414,0.4766,0.4649,Tap_Pattern
0.3227,0.6033,0.496,0.2964,Micro_Vibration
0.9121,0.3694,0.7421,0.0246,Stationary
0.9243,0.9185,0.9412,0.2909,Tap_Pattern
0.1094,0.9472,0.3875,0.4828,Micro_Vibration
0.5717,0.9534,0.1391,0.9573,Walking
0.8674,0.3509,0.0928,0.5329,Stationary
0.6483,0.8415,0.3084,0.4285,Stationary
0.873,0.3611,0.0436,0.7184,Micro_Vibration
0.2619,0.5944,0.6386,0.5229,Tap_Pattern
0.5612,0.889,0.3496,0.4631,Stationary
0.6265,0.6426,0.7739,0.5897,Stationary
0.1235,0.7311,0.1499,0.6336,Stationary
0.6437,0.3914,0.6256,0.4934,Micro_Vibration
0.5716,0.969,0.4015,0.6431,Walking
0.1492,0.1812,0.2271,0.189,Micro_Vibration
0.8208,0.634,0.0157,0.1681,Stationary
0.0136,0.9522,0.6389,0.0198,Micro_Vibration
0.8124,0.7855,0.9047,0.6512,Tap_Pattern
0.1389,0.7017,0.5742,0.3635,Tap_Pattern
0.9452,0.7348,0.2883,0.0249,Walking
0.4948,0.7819,0.092,0.642,Walking
0.3051,0.946,0.961,0.3675,Tap_Pattern
0.6783,0.9083,0.2557,0.7204,Tap_Pattern
0.789,0.3619,0.3039,0.9397,Micro_Vibration
0.2544,0.7246,0.2807,0.6553,Tap_Pattern
0.3539,0.874,0.1986,0.7475,Walking
0.5067,0.7865,0.5616,0.8561,Walking
0.6549,0.9447,0.63,0.8547,Tap_Pattern
0.2158,0.9786,0.8299,0.5176,Micro_Vibration
0.1543,0.8607,0.8114,0.4728,Tap_Pattern
0.0046,0.5079,0.6089,0.2437,Tap_Pattern
0.7715,0.6101,0.2184,0.8291,Walking
0.3008,0.8713,0.7288,0.9968,Walking
0.8665,0.0317,0.0238,0.7241,Walking
0.3191,0.0596,0.9945,0.0319,Micro_Vibration
0.532,0.4009,0.1652,0.8227,Stationary
0.4579,0.2804,0.9178,0.7582,Micro_Vibration
0.5671,0.6969,0.4468,0.9147,Tap_Pattern
0.907,0.8445,0.5903,0.2696,Walking
0.667,0.9695,0.0048,0.5622,Stationary
0.0634,0.1377,0.5591,0.3512,Walking
0.0385,0.1327,0.6972,0.0049,Walking
0.0232,0.185,0.5623,0.3117,Walking
0.227,0.0647,0.9089,0.5966,Micro_Vibration
0.8244,0.7506,0.6204,0.8324,Walking
0.1881,0.7975,0.7249,0.1006,Micro_Vibration
0.239,0.3526,0.0292,0.9938,Micro_Vibration
0.4011,0.1847,0.4607,0.2642,Tap_Pattern
0.8405,0.3803,0.1832,0.6678,Stationary
0.6919,0.5236,0.4959,0.5285,Walking
0.3486,0.3422,0.0802,0.6319,Tap_Pattern
0.9768,0.7982,0.8238,0.6258,Micro_Vibration
0.3242,0.0784,0.6656,0.9232,Walking
0.8288,0.3127,0.6843,0.6886,Stationary
0.9238,0.4179,0.4739,0.5438,Stationary
0.4157,0.1998,0.4423,0.3853,Micro_Vibration
0.8459,0.6678,0.8305,0.3746,Tap_Pattern
0.7191,0.7625,0.7472,0.7611,Walking
0.883,0.1738,0.4243,0.5137,Stationary
0.5112,0.7835,0.4421,0.1598,Stationary
0.4239,0.234,0.6035,0.4315,Stationary
0.7901,0.2349,0.6185,0.336,Stationary
0.4358,0.4941,0.0593,0.3356,Walking
0.7211,0.8215,0.5399,0.9177,Micro_Vibration
0.9144,0.7039,0.4188,0.2276,Stationary
0.9476,0.9523,0.2153,0.7816,Stationary
0.3086,0.3442,0.9358,0.6576,Micro_Vibration
0.0572,0.3693,0.8159,0.4007,Walking
0.0462,0.6795,0.553,0.7854,Micro_Vibration
0.1071,0.2554,0.4714,0.7671,Tap_Pattern
0.3786,0.1848,0.6096,0.1102,Walking
0.2928,0.0243,0.2852,0.2588,Stationary
0.5213,0.7072,0.6469,0.2487,Walking
0.225,0.7955,0.8866,0.6857,Micro_Vibration
0.6645,0.5853,0.4836,0.6782,Stationary
0.3207,0.408,0.6833,0.1147,Tap_Pattern
0.605,0.3898,0.7823,0.3397,Stationary
0.9097,0.2136,0.1617,0.1115,Tap_Pattern
0.1413,0.6144,0.7436,0.7312,Tap_Pattern
0.2286,0.6186,0.1567,0.5937,Micro_Vibration
0.3971,0.8999,0.7868,0.4427,Tap_Pattern
0.4351,0.484,0.7729,0.359,Tap_Pattern
0.4873,0.4421,0.292,0.8504,Stationary
0.3732,0.1965,0.2543,0.3178,Stationary
0.8089,0.1776,0.1309,0.6462,Micro_Vibration
0.5605,0.555,0.0342,0.213,Walking
0.638,0.8805,0.1701,0.3162,Tap_Pattern
0.4526,0.3966,0.2377,0.7791,Walking
0.0085,0.7809,0.7887,0.2731,Tap_Pattern
0.6794,0.2976,0.0688,0.711,Micro_Vibration
0.2401,0.424,0.505,0.0447,Micro_Vibration
0.8301,0.665,0.4464,0.0717,Walking
0.1001,0.2446,0.3753,0.1006,Walking
0.1597,0.0029,0.235,0.6575,Micro_Vibration
0.3617,0.236,0.0315,0.5502,Micro_Vibration
0.6851,0.0768,0.7523,0.3867,Stationary
0.7237,0.6372,0.2223,0.8411,Micro_Vibration
0.5375,0.6767,0.6802,0.6485,Tap_Pattern
0.9904,0.7383,0.6002,0.4659,Walking
0.648,0.4284,0.1842,0.0427,Walking
0.1294,0.257,0.7173,0.7805,Tap_Pattern
0.9133,0.4568,0.4337,0.269,Walking
0.8714,0.0276,0.6542,0.5331,Walking
0.1042,0.2167,0.0064,0.3713,Stationary
0.8822,0.5841,0.0805,0.2648,Walking
0.3618,0.9347,0.4203,0.4726,Tap_Pattern
0.3441,0.3895,0.1149,0.1861,Tap_Pattern
0.4985,0.2363,0.4461,0.6844,Stationary
0.6881,0.6757,0.5005,0.7501,Tap_Pattern
0.2405,0.3544,0.1066,0.7422,Tap_Pattern
0.9237,0.4406,0.2188,0.0253,Walking
0.4944,0.4588,0.1956,0.8461,Tap_Pattern
0.7474,0.8232,0.0465,0.7294,Micro_Vibration
0.6874,0.9276,0.7614,0.2887,Tap_Pattern
0.9614,0.3019,0.7875,0.8857,Micro_Vibration
0.4942,0.2048,0.2184,0.2969,Stationary
0.0716,0.4571,0.7791,0.6842,Micro_Vibration
0.6262,0.1023,0.1856,0.5114,Stationary
0.601,0.9903,0.7371,0.2072,Tap_Pattern
0.2619,0.0272,0.2503,0.3132,Tap_Pattern
0.5932,0.9024,0.927,0.2165,Micro_Vibration
0.003,0.2783,0.2199,0.6829,Micro_Vibration
0.4016,0.227,0.8429,0.7655,Micro_Vibration
0.7468,0.145,0.9549,0.9878,Stationary
0.6613,0.1677,0.935,0.3833,Micro_Vibration
0.2802,0.0437,0.2642,0.3771,Micro_Vibration
0.579,0.082,0.4517,0.1283,Micro_Vibration
0.2808,0.1241,0.1926,0.0875,Stationary
0.4464,0.5834,0.9889,0.4005,Stationary
0.848,0.4805,0.6771,0.5258,Walking
0.8326,0.4771,0.2849,0.6143,Stationary
0.3157,0.9299,0.1348,0.4903,Stationary
0.2792,0.8537,0.7905,0.9878,Walking
0.5168,0.0949,0.6198,0.6629,Stationary
0.4327,0.4925,0.6318,0.6847,Walking
0.4064,0.2433,0.9932,0.2001,Stationary
0.1682,0.461,0.9551,0.8328,Tap_Pattern
0.818,0.7448,0.7533,0.1034,Walking
0.6088,0.2179,0.9139,0.5071,Stationary
0.574,0.8916,0.5256,0.6897,Stationary
0.392,0.978,0.1667,0.0474,Micro_Vibration
0.643,0.013,0.0769,0.9911,Walking
0.1885,0.6833,0.1717,0.389,Micro_Vibration
0.4216,0.1205,0.8376,0.0769,Walking
0.2678,0.0366,0.8479,0.3105,Stationary
0.2427,0.6726,0.6014,0.7497,Walking
0.5159,0.3329,0.2249,0.6948,Micro_Vibration
0.6801,0.9171,0.5482,0.8309,Micro_Vibration
0.4818,0.2785,0.7325,0.6038,Micro_Vibration
0.1455,0.3222,0.9611,0.342,Tap_Pattern
0.8087,0.0697,0.6002,0.7398,Walking
0.5577,0.8782,0.6294,0.843,Walking
0.8321,0.8676,0.898,0.9046,Stationary
0.8189,0.9915,0.7067,0.4058,Stationary
0.1215,0.542,0.2333,0.5982,Walking
0.2582,0.8248,0.7233,0.5549,Walking
0.2338,0.314,0.2176,0.0527,Micro_Vibration
0.0087,0.7718,0.4703,0.3999,Walking
0.7752,0.6218,0.6506,0.4286,Walking
0.3624,0.7883,0.5384,0.1356,Walking
0.9147,0.0321,0.9853,0.6113,Micro_Vibration
0.7026,0.4609,0.6361,0.892,Walking
0.6509,0.7604,0.0929,0.4005,Stationary
0.0665,0.2062,0.963,0.4705,Tap_Pattern
0.4528,0.4782,0.1361,0.4788,Micro_Vibration
0.7066,0.9746,0.7063,0.1803,Micro_Vibration
0.6505,0.6463,0.735,0.9451,Stationary
0.6883,0.5252,0.7919,0.7218,Stationary
0.4118,0.9124,0.1848,0.2347,Walking
0.3085,0.0144,0.8916,0.0999,Walking
0.2902,0.1682,0.7608,0.5527,Walking
0.1553,0.9852,0.0308,0.6931,Micro_Vibration
0.8085,0.7539,0.0073,0.6009,Tap_Pattern
0.4114,0.7016,0.938,0.118,Tap_Pattern
0.6574,0.9799,0.4165,0.274,Walking
0.1031,0.495,0.1924,0.5392,Stationary
0.8973,0.4675,0.3199,0.8308,Micro_Vibration
0.3001,0.3248,0.0933,0.6334,Stationary
0.5086,0.8247,0.3855,0.0761,Stationary
0.0272,0.1996,0.3833,0.6165,Micro_Vibration
0.7493,0.5936,0.1754,0.6342,Micro_Vibration
0.2419,0.3822,0.3816,0.5831,Tap_Pattern
0.5999,0.7754,0.5698,0.2337,Tap_Pattern
0.0933,0.25,0.8348,0.6251,Micro_Vibration
0.6088,0.0162,0.6211,0.2305,Walking
0.1268,0.6537,0.8587,0.2941,Tap_Pattern
0.4246,0.1777,0.7447,0.2702,Micro_Vibration
0.2016,0.2999,0.5174,0.6045,Micro_Vibration
0.2574,0.4726,0.1025,0.9571,Tap_Pattern
0.4362,0.6123,0.7317,0.5077,Walking
0.8119,0.1757,0.2491,0.562,Tap_Pattern
0.9438,0.9447,0.5545,0.3435,Tap_Pattern
0.269,0.34,0.8329,0.5776,Walking
0.1631,0.7591,0.5594,0.9034,Walking
0.6088,0.8791,0.9212,0.8435,Stationary
0.2487,0.4269,0.9043,0.8736,Tap_Pattern
0.2834,0.2095,0.6009,0.8395,Tap_Pattern
0.4049,0.0448,0.4579,0.8026,Micro_Vibration
0.0045,0.762,0.7982,0.3402,Micro_Vibration
0.5505,0.9495,0.2123,0.2748,Walking
0.7396,0.6105,0.402,0.3773,Tap_Pattern
0.4297,0.589,0.6113,0.2582,Stationary
0.4086,0.1065,0.7003,0.8551,Stationary
0.8722,0.8665,0.4332,0.0515,Walking
0.6212,0.9082,0.0808,0.9634,Micro_Vibration
0.7984,0.2607,0.9514,0.7158,Tap_Pattern
0.1026,0.3922,0.8293,0.4188,Walking
0.0001,0.3387,0.5428,0.5052,Stationary
0.6862,0.3844,0.6622,0.2608,Micro_Vibration
0.2044,0.6943,0.9697,0.3679,Tap_Pattern
0.5755,0.3277,0.8829,0.9922,Walking
0.3242,0.9093,0.6457,0.7815,Tap_Pattern
0.8569,0.5766,0.9484,0.4845,Walking
0.0456,0.8248,0.7494,0.2643,Micro_Vibration
0.7954,0.4346,0.4716,0.703,Micro_Vibration
0.8995,0.8015,0.1244,0.959,Micro_Vibration
0.3304,0.9803,0.6825,0.2407,Walking
0.8713,0.999,0.4278,0.1724,Tap_Pattern
0.8745,0.3009,0.9927,0.0713,Tap_Pattern
0.7606,0.2494,0.6468,0.573,Tap_Pattern
0.8595,0.8682,0.6712,0.1959,Walking
0.2207,0.7201,0.0846,0.7698,Micro_Vibration
0.4393,0.5781,0.6011,0.0841,Micro_Vibration
0.0015,0.2939,0.9207,0.8597,Micro_Vibration
0.9066,0.9037,0.4897,0.3503,Tap_Pattern
0.759,0.0488,0.2162,0.3275,Micro_Vibration
0.0516,0.1943,0.4225,0.2537,Walking
0.2113,0.5951,0.403,0.7809,Tap_Pattern
0.7472,0.7187,0.2326,0.5372,Micro_Vibration
0.1962,0.3708,0.6796,0.0888,Stationary
0.4485,0.2198,0.124,0.4465,Walking
0.8664,0.461,0.8861,0.1731,Tap_Pattern
0.8902,0.3881,0.9432,0.4445,Walking
0.6966,0.5094,0.9017,0.5543,Tap_Pattern
0.8137,0.265,0.4958,0.7734,Walking
0.6133,0.6841,0.6501,0.9409,Walking
0.1383,0.3541,0.1903,0.7499,Walking
0.8782,0.8692,0.9623,0.784,Tap_Pattern
0.3893,0.4199,0.4753,0.025,Micro_Vibration
0.0225,0.8666,0.4213,0.3547,Walking
0.5968,0.3507,0.298,0.076,Tap_Pattern
0.7665,0.6517,0.208,0.622,Stationary
0.7888,0.6433,0.0465,0.8511,Stationary
0.7963,0.3726,0.3571,0.5062,Micro_Vibration
0.7449,0.7224,0.3434,0.5253,Walking
0.6547,0.4227,0.246,0.9538,Micro_Vibration
0.8649,0.1301,0.4116,0.9839,Stationary
0.8617,0.0368,0.4664,0.8555,Stationary
0.0701,0.7356,0.8149,0.5849,Walking
0.8245,0.0778,0.6,0.7654,Tap_Pattern
0.8335,0.9936,0.0868,0.1018,Walking
0.5024,0.7489,0.4478,0.9291,Tap_Pattern
0.4264,0.312,0.3064,0.4487,Stationary
0.5107,0.7641,0.4084,0.4869,Stationary
0.2807,0.4616,0.5836,0.3999,Tap_Pattern
0.5476,0.1473,0.6141,0.7404,Micro_Vibration
0.3689,0.3431,0.6004,0.3749,Stationary
0.2762,0.1641,0.2327,0.2316,Micro_Vibration
0.5743,0.1859,0.4228,0.2858,Stationary
0.3155,0.8382,0.6804,0.6231,Tap_Pattern
0.1747,0.1556,0.2534,0.3546,Micro_Vibration
0.8757,0.5319,0.3761,0.3083,Walking
0.4511,0.2436,0.5518,0.838,Walking
0.4538,0.7406,0.3396,0.2612,Walking
0.8647,0.8276,0.0027,0.3273,Walking
0.282,0.0167,0.8972,0.8738,Micro_Vibration
0.9163,0.2259,0.5045,0.6451,Walking
0.9921,0.5373,0.7477,0.6997,Tap_Pattern
0.4136,0.9257,0.8645,0.4791,Stationary
0.2038,0.9694,0.9187,0.0764,Micro_Vibration
0.0087,0.3553,0.3739,0.2675,Tap_Pattern
0.7724,0.5345,0.0785,0.21,Walking
0.6377,0.6938,0.489,0.6023,Walking
0.8768,0.8067,0.0579,0.5773,Walking
0.7059,0.6774,0.9735,0.9167,Tap_Pattern
0.3303,0.8077,0.8395,0.973,Stationary
0.3768,0.3452,0.6208,0.2151,Micro_Vibration
0.9425,0.0971,0.2203,0.5325,Stationary
0.5477,0.7165,0.0411,0.0555,Micro_Vibration
0.9605,0.065,0.2582,0.3852,Walking
0.1271,0.6067,0.8164,0.3118,Micro_Vibration
0.1028,0.6083,0.37,0.4633,Micro_Vibration
0.9781,0.847,0.8404,0.7355,Stationary
0.1734,0.515,0.1547,0.9046,Walking
0.0907,0.0872,0.7237,0.0881,Micro_Vibration
0.0838,0.8827,0.3564,0.1958,Stationary
0.9523,0.3207,0.039,0.0589,Walking
0.2968,0.4498,0.5328,0.6717,Stationary
0.8937,0.6166,0.888,0.4073,Walking
0.6636,0.3129,0.4566,0.7414,Tap_Pattern
0.2374,0.8002,0.3255,0.8863,Stationary
0.7831,0.742,0.1838,0.591,Micro_Vibration
0.4066,0.6139,0.9048,0.2669,Micro_Vibration
0.0551,0.3068,0.082,0.6181,Stationary
0.0229,0.9717,0.9177,0.7482,Tap_Pattern
0.69,0.0933,0.0589,0.7538,Micro_Vibration
0.16,0.2501,0.8001,0.1235,Micro_Vibration
0.4174,0.5035,0.1259,0.687,Tap_Pattern
0.3558,0.638,0.1705,0.7822,Tap_Pattern
0.9546,0.0305,0.1936,0.271,Stationary
0.7458,0.0111,0.5687,0.1392,Walking
0.4923,0.7601,0.5513,0.4559,Micro_Vibration
0.1579,0.0305,0.9602,0.661,Walking
0.5589,0.6157,0.735,0.2541,Micro_Vibration
0.5565,0.9393,0.1447,0.3496,Walking
0.3347,0.901,0.8114,0.3312,Stationary
0.7065,0.1474,0.6318,0.516,Stationary
0.806,0.0439,0.5524,0.1735,Micro_Vibration
0.2621,0.4185,0.3586,0.3004,Tap_Pattern
0.2635,0.9546,0.3991,0.9797,Walking
0.0417,0.5796,0.2572,0.0834,Walking
0.4357,0.9629,0.2596,0.0353,Tap_Pattern
0.3292,0.841,0.4314,0.1345,Tap_Pattern
0.5308,0.9267,0.4428,0.8801,Walking
0.4256,0.9825,0.9766,0.6234,Micro_Vibration
0.0741,0.3894,0.959,0.4167,Micro_Vibration
0.885,0.1381,0.5916,0.8847,Stationary
0.7994,0.8681,0.556,0.0091,Walking
0.482,0.5891,0.6654,0.4472,Stationary
0.7537,0.6154,0.2143,0.0167,Walking
0.1213,0.721,0.2564,0.9948,Walking
0.7299,0.5601,0.9507,0.5695,Walking
0.0734,0.7113,0.122,0.4596,Stationary
0.957,0.2334,0.4405,0.5608,Walking
0.8827,0.9573,0.4088,0.2151,Stationary
0.8201,0.3314,0.2211,0.6575,Tap_Pattern
0.4934,0.8078,0.2558,0.5105,Tap_Pattern
0.8147,0.5287,0.7702,0.8347,Walking
0.38,0.6608,0.593,0.1668,Micro_Vibration
0.8726,0.1589,0.9062,0.7169,Stationary
0.7601,0.1108,0.2183,0.2455,Micro_Vibration
0.0417,0.8983,0.5142,0.4271,Walking
0.6815,0.8318,0.485,0.4095,Tap_Pattern
0.5024,0.6108,0.3992,0.3239,Micro_Vibration
0.4796,0.2688,0.2807,0.3255,Tap_Pattern
0.3347,0.0793,0.3574,0.2007,Tap_Pattern
0.3224,0.3446,0.7873,0.3298,Micro_Vibration
0.9238,0.7,0.4885,0.5374,Tap_Pattern
0.9654,0.087,0.6858,0.7058,Walking
0.9707,0.3858,0.8873,0.9285,Tap_Pattern
0.4438,0.7606,0.839,0.6519,Tap_Pattern
0.4244,0.3346,0.2682,0.4063,Walking
0.0719,0.3582,0.6413,0.3107,Stationary
0.6114,0.4406,0.5989,0.2376,Stationary
0.9135,0.0498,0.9554,0.351,Micro_Vibration
0.061,0.1103,0.7843,0.8371,Stationary
0.7586,0.3273,0.4754,0.6393,Micro_Vibration
0.922,0.1446,0.5243,0.7593,Micro_Vibration
0.3053,0.6628,0.1674,0.3816,Stationary
0.5677,0.5199,0.254,0.6549,Stationary
0.9549,0.8045,0.8742,0.9708,Walking
0.0081,0.204,0.91,0.5535,Stationary
0.8385,0.3336,0.2192,0.7478,Walking
0.7946,0.527,0.4002,0.7469,Stationary
0.9285,0.3263,0.2726,0.8808,Walking
0.245,0.1542,0.393,0.6151,Tap_Pattern
0.4846,0.2673,0.7477,0.9906,Micro_Vibration
0.4958,0.0481,0.3328,0.2062,Walking
0.6241,0.063,0.5993,0.1532,Walking
0.4088,0.7389,0.9255,0.1536,Walking
0.7379,0.1707,0.0855,0.8812,Walking
0.9698,0.7227,0.8498,0.649,Micro_Vibration
0.5571,0.8609,0.6736,0.454,Walking
0.549,0.0893,0.1587,0.1824,Walking
0.2175,0.6073,0.3977,0.6413,Walking
0.2886,0.3954,0.4458,0.6095,Stationary
0.8312,0.8301,0.0822,0.7813,Stationary
0.6071,0.0647,0.4833,0.3703,Micro_Vibration
0.5726,0.688,0.2989,0.7935,Micro_Vibration
0.3391,0.6722,0.4294,0.2756,Micro_Vibration
0.52,0.673,0.2445,0.7806,Walking
0.663,0.4759,0.44,0.4344,Tap_Pattern
0.7801,0.5823,0.0367,0.0187,Walking
0.303,0.6128,0.6486,0.7084,Walking
0.2227,0.7658,0.537,0.6572,Stationary
0.3363,0.4105,0.5637,0.9507,Stationary
0.8301,0.2656,0.6125,0.8976,Tap_Pattern
0.4049,0.9495,0.241,0.8651,Walking
0.2105,0.5937,0.4666,0.9941,Stationary
0.1098,0.9497,0.6434,0.4623,Micro_Vibration
0.7665,0.6146,0.2628,0.6632,Walking
0.6942,0.4838,0.1729,0.9426,Tap_Pattern
0.9619,0.3368,0.2546,0.2233,Walking
0.6482,0.7312,0.4878,0.0952,Walking
0.8755,0.3741,0.214,0.6652,Micro_Vibration
0.2378,0.1446,0.3667,0.3729,Stationary
0.834,0.6742,0.5821,0.968,Walking
0.486,0.5978,0.8329,0.3621,Stationary
0.6536,0.4025,0.1554,0.8979,Walking
0.6281,0.1176,0.1934,0.1676,Micro_Vibration
0.7417,0.6552,0.9623,0.302,Stationary
0.3006,0.465,0.2516,0.8069,Tap_Pattern
0.6336,0.096,0.7295,0.4927,Tap_Pattern
0.7204,0.8066,0.6935,0.9742,Stationary
0.556,0.7136,0.5719,0.9947,Micro_Vibration
0.4993,0.2834,0.7139,0.4024,Stationary
0.4615,0.191,0.8246,0.1008,Stationary
0.4601,0.6158,0.0312,0.8464,Stationary
0.4383,0.0353,0.3832,0.5728,Walking
0.5746,0.4889,0.4325,0.5974,Walking
0.3138,0.0979,0.9039,0.1561,Walking
0.5783,0.7806,0.6646,0.7707,Tap_Pattern
0.4452,0.6769,0.3529,0.1979,Tap_Pattern
0.4868,0.2402,0.8792,0.7956,Tap_Pattern
0.0455,0.0578,0.1281,0.534,Micro_Vibration
0.2701,0.0854,0.2136,0.8008,Stationary
0.7533,0.6121,0.0744,0.1896,Tap_Pattern
0.9108,0.3099,0.4925,0.3098,Micro_Vibration
0.4322,0.8511,0.9229,0.3136,Tap_Pattern
0.4416,0.8202,0.0626,0.6945,Stationary
0.196,0.7676,0.9734,0.6676,Stationary
0.9142,0.6735,0.2283,0.3642,Tap_Pattern
0.8435,0.5607,0.1534,0.8244,Micro_Vibration
0.9743,0.3427,0.9486,0.6694,Micro_Vibration
0.8969,0.4709,0.5913,0.2644,Stationary
0.1415,0.5066,0.7636,0.3903,Stationary
0.0885,0.1263,0.1284,0.1961,Micro_Vibration
0.0756,0.6266,0.1664,0.8667,Tap_Pattern
0.0826,0.1082,0.4892,0.6419,Micro_Vibration
0.8429,0.81,0.8651,0.3943,Walking
0.4515,0.2641,0.6291,0.3775,Walking
0.7001,0.1809,0.6864,0.317,Walking
0.9245,0.1094,0.0976,0.7725,Walking
0.0853,0.382,0.4501,0.5112,Stationary
0.6871,0.1444,0.2061,0.8255,Stationary
0.69,0.2164,0.8375,0.7223,Walking
0.7803,0.5371,0.8978,0.862,Stationary
0.2602,0.6708,0.1658,0.9461,Walking
0.6619,0.2438,0.2429,0.267,Stationary
0.8994,0.1113,0.4429,0.5417,Tap_Pattern
0.0114,0.0016,0.4817,0.7777,Walking
0.4687,0.4829,0.7323,0.0106,Tap_Pattern
0.6614,0.4832,0.1084,0.5435,Tap_Pattern
0.3772,0.7405,0.3732,0.4832,Tap_Pattern
0.689,0.0657,0.416,0.9585,Tap_Pattern
0.1473,0.2819,0.5236,0.5161,Stationary
0.6568,0.103,0.3899,0.5743,Stationary
0.2262,0.8271,0.1618,0.845,Walking
0.7958,0.2567,0.4294,0.2985,Stationary
0.4013,0.3229,0.9062,0.7527,Stationary
0.3869,0.9117,0.7961,0.5691,Tap_Pattern
0.6452,0.2295,0.1307,0.8144,Stationary
0.7052,0.5962,0.6827,0.1234,Stationary
0.7374,0.3738,0.5739,0.1878,Micro_Vibration
0.5796,0.4645,0.0108,0.2773,Stationary
0.9607,0.9223,0.067,0.249,Tap_Pattern
0.7286,0.781,0.3409,0.1719,Stationary
0.1406,0.1131,0.5714,0.9292,Stationary
0.5504,0.51,0.3668,0.2763,Stationary
0.1416,0.843,0.6035,0.199,Walking
0.5452,0.756,0.8276,0.1921,Stationary
0.0043,0.3621,0.2393,0.8034,Stationary
0.48,0.3381,0.2537,0.5739,Walking
0.1221,0.8761,0.7344,0.3043,Stationary
0.1505,0.5431,0.1894,0.5714,Walking
0.5132,0.6348,0.7065,0.5663,Stationary
0.9317,0.3389,0.7584,0.6029,Stationary
0.4928,0.4929,0.857,0.6993,Micro_Vibration
0.0327,0.4108,0.4519,0.057,Walking
0.0737,0.2536,0.9329,0.382,Walking
0.0932,0.3922,0.5409,0.2319,Walking
0.2088,0.4482,0.5586,0.1153,Tap_Pattern
0.764,0.4037,0.4648,0.6672,Stationary
0.0094,0.2798,0.3102,0.9417,Tap_Pattern
0.6763,0.6683,0.2332,0.08,Tap_Pattern
0.7603,0.0446,0.2258,0.2642,Tap_Pattern
0.7484,0.7226,0.4512,0.9124,Tap_Pattern
0.8961,0.264,0.8683,0.1163,Stationary
0.3022,0.2809,0.5333,0.0432,Walking
0.7009,0.9832,0.7254,0.2172,Stationary
0.5414,0.9908,0.387,0.8564,Walking
0.1622,0.0515,0.5944,0.8487,Walking
0.8176,0.7181,0.2989,0.4773,Stationary
0.1052,0.0512,0.9534,0.5761,Tap_Pattern
0.3067,0.4496,0.2899,0.7432,Tap_Pattern
0.3414,0.1499,0.5653,0.4559,Micro_Vibration
0.3874,0.5766,0.296,0.3379,Stationary
0.7582,0.58,0.6089,0.2578,Tap_Pattern
0.5284,0.3489,0.4169,0.8429,Tap_Pattern
0.7236,0.7289,0.182,0.8655,Tap_Pattern
0.0677,0.5194,0.9315,0.7818,Tap_Pattern
0.0338,0.7675,0.4429,0.4407,Tap_Pattern
0.439,0.3746,0.0409,0.6543,Tap_Pattern
0.1443,0.2228,0.4684,0.1837,Tap_Pattern
0.0698,0.7853,0.0552,0.4378,Micro_Vibration
0.9884,0.1232,0.5539,0.4194,Micro_Vibration
0.6607,0.0325,0.5396,0.901,Micro_Vibration
0.2874,0.164,0.1926,0.9416,Micro_Vibration
0.0519,0.1431,0.6168,0.9291,Walking
0.2799,0.0226,0.4011,0.7084,Stationary
0.8345,0.9519,0.3778,0.9849,Walking
0.7077,0.6801,0.0023,0.612,Micro_Vibration
0.1907,0.4376,0.88,0.3231,Micro_Vibration
0.5988,0.0903,0.5058,0.2424,Stationary
0.033,0.3825,0.9402,0.2538,Walking
0.2873,0.4789,0.9471,0.2454,Stationary
0.9618,0.6318,0.7647,0.5203,Stationary
0.2559,0.3621,0.9631,0.9045,Stationary
0.324,0.9744,0.4102,0.9934,Micro_Vibration
0.3652,0.8007,0.4797,0.8596,Tap_Pattern
0.5506,0.6375,0.4466,0.3969,Micro_Vibration
0.042,0.7221,0.951,0.1688,Micro_Vibration
0.8877,0.9171,0.0342,0.8993,Walking
0.5602,0.9645,0.9225,0.9514,Micro_Vibration
0.5399,0.472,0.5245,0.484,Tap_Pattern
0.203,0.7976,0.0763,0.8014,Walking
0.5674,0.7972,0.1737,0.8174,Tap_Pattern
0.9157,0.5774,0.3097,0.1149,Stationary
0.2345,0.7602,0.5419,0.5066,Tap_Pattern
0.0045,0.3242,0.7016,0.1788,Tap_Pattern
0.3122,0.6848,0.1501,0.0212,Micro_Vibration
0.7306,0.6561,0.0036,0.7232,Tap_Pattern
0.3609,0.3666,0.2716,0.3983,Tap_Pattern
0.6195,0.6585,0.6962,0.0556,Walking
0.4058,0.1316,0.4665,0.6502,Stationary
0.7799,0.3555,0.4058,0.6805,Tap_Pattern
0.2529,0.1708,0.0508,0.8677,Tap_Pattern
0.0554,0.5346,0.767,0.2924,Micro_Vibration
0.2017,0.5729,0.3725,0.9523,Micro_Vibration
0.9021,0.6888,0.2162,0.5349,Stationary
0.4262,0.7956,0.8644,0.3356,Micro_Vibration
0.2291,0.4013,0.0755,0.7415,Walking
0.5002,0.0997,0.6343,0.007,Walking
0.0443,0.1069,0.4323,0.6093,Tap_Pattern
0.6693,0.0277,0.1291,0.0736,Micro_Vibration
0.0462,0.8484,0.1547,0.7238,Walking
0.1263,0.2268,0.1494,0.5651,Stationary
0.8313,0.5753,0.851,0.754,Walking
0.5055,0.5934,0.1031,0.5355,Walking
0.9145,0.8106,0.0773,0.8423,Tap_Pattern
0.0833,0.6015,0.9736,0.904,Tap_Pattern
0.3342,0.9363,0.3027,0.8592,Walking
0.9147,0.299,0.8107,0.8267,Tap_Pattern
0.1585,0.1303,0.6013,0.5171,Micro_Vibration
0.6931,0.1778,0.6531,0.9525,Tap_Pattern
0.7276,0.2356,0.924,0.4342,Tap_Pattern
0.48,0.8819,0.2579,0.1913,Walking
0.1976,0.8833,0.8599,0.6226,Tap_Pattern
0.5189,0.1648,0.9745,0.3764,Tap_Pattern
0.1103,0.904,0.7527,0.8514,Micro_Vibration
0.8943,0.8665,0.6476,0.8349,Stationary
0.7629,0.2264,0.9281,0.6473,Walking
0.1254,0.4709,0.8641,0.961,Stationary
0.721,0.5676,0.0095,0.0658,Walking
0.4829,0.4779,0.1274,0.879,Tap_Pattern
0.3819,0.7792,0.6939,0.1384,Walking
0.2617,0.1538,0.0331,0.4126,Micro_Vibration
0.0531,0.7605,0.7178,0.2684,Stationary
0.9124,0.6788,0.1483,0.2417,Stationary
0.7521,0.1843,0.1823,0.3107,Stationary
0.2586,0.96,0.3283,0.5716,Stationary
0.8788,0.6341,0.5217,0.1259,Micro_Vibration
0.2174,0.33,0.5275,0.737,Tap_Pattern
0.8011,0.1636,0.5752,0.6374,Walking
0.6165,0.6844,0.9116,0.4813,Tap_Pattern
0.7973,0.0824,0.3529,0.863,Stationary
0.7896,0.1662,0.7691,0.1635,Walking
0.465,0.7794,0.4027,0.0106,Micro_Vibration
0.1432,0.5628,0.5746,0.7032,Stationary
0.4323,0.8424,0.4066,0.8647,Walking
0.3011,0.4516,0.4889,0.842,Walking
0.3181,0.6587,0.0525,0.9211,Micro_Vibration
0.6413,0.1249,0.6192,0.5987,Stationary
0.7347,0.4429,0.3637,0.8631,Micro_Vibration
0.622,0.3058,0.2312,0.5746,Stationary
0.2772,0.8537,0.7393,0.6719,Micro_Vibration
0.7912,0.6889,0.1745,0.4688,Micro_Vibration
0.3344,0.1981,0.8272,0.826,Stationary
0.8919,0.2463,0.9343,0.2324,Walking
0.2486,0.8981,0.6792,0.0505,Micro_Vibration
0.4231,0.1015,0.1787,0.2931,Tap_Pattern
0.9334,0.0216,0.5701,0.3743,Tap_Pattern
0.1573,0.2417,0.3468,0.3242,Stationary
0.3998,0.1255,0.8215,0.3267,Stationary
0.4875,0.0898,0.9472,0.3243,Tap_Pattern
0.0541,0.5878,0.9664,0.634,Stationary
0.2734,0.1523,0.6476,0.6871,Walking
0.9463,0.3933,0.0712,0.5937,Micro_Vibration
0.3713,0.3723,0.0876,0.3207,Stationary
0.9414,0.7707,0.0754,0.0911,Micro_Vibration
0.8223,0.7328,0.8859,0.9034,Walking
0.7155,0.2232,0.6886,0.6112,Walking
0.9316,0.9741,0.6165,0.8745,Stationary
0.3332,0.4972,0.7565,0.3579,Stationary
0.8941,0.3923,0.7975,0.1737,Micro_Vibration
0.9807,0.4096,0.0174,0.7838,Stationary
0.745,0.1341,0.8521,0.6714,Walking
0.8918,0.7161,0.2374,0.1314,Stationary
0.4582,0.9395,0.3127,0.2892,Stationary
0.3144,0.5624,0.3854,0.8087,Tap_Pattern
0.5956,0.4606,0.0773,0.1898,Micro_Vibration
0.6927,0.4225,0.9129,0.5052,Stationary
0.1093,0.0786,0.2845,0.7543,Stationary
0.8496,0.7327,0.5999,0.4856,Stationary
0.5379,0.2071,0.281,0.9738,Tap_Pattern
0.6564,0.3859,0.2431,0.523,Tap_Pattern
0.9669,0.4731,0.5357,0.3523,Walking
0.9326,0.931,0.0457,0.3505,Stationary
0.6608,0.3818,0.9933,0.7587,Micro_Vibration
0.3802,0.1761,0.0343,0.4792,Micro_Vibration
0.7145,0.1566,0.0018,0.6383,Stationary
0.6732,0.9436,0.2904,0.1543,Micro_Vibration
0.4581,0.3517,0.2827,0.4661,Micro_Vibration
0.7272,0.7119,0.0288,0.5335,Stationary
0.7686,0.6037,0.9523,0.5204,Walking
0.1032,0.2553,0.9769,0.6076,Micro_Vibration
0.4117,0.8917,0.2602,0.4808,Stationary
0.9438,0.3789,0.5151,0.4179,Walking
0.0684,0.5612,0.7629,0.8932,Stationary
0.425,0.3543,0.0454,0.6688,Walking
0.821,0.2072,0.3037,0.9261,Stationary
0.5038,0.9161,0.6558,0.2095,Micro_Vibration
0.0163,0.0324,0.3495,0.8349,Walking
0.4285,0.7584,0.2139,0.7705,Tap_Pattern
0.4821,0.242,0.677,0.0994,Tap_Pattern
0.6875,0.481,0.5919,0.1609,Tap_Pattern
0.1077,0.2832,0.4805,0.1537,Stationary
0.1436,0.6648,0.1385,0.3749,Walking
0.337,0.0238,0.0578,0.3421,Stationary
0.5073,0.7444,0.0365,0.5636,Micro_Vibration
0.568,0.496,0.6311,0.2369,Tap_Pattern
0.1351,0.3775,0.3917,0.0132,Walking
0.2487,0.2198,0.6713,0.0275,Stationary
0.291,0.3129,0.6151,0.6185,Micro_Vibration
0.9859,0.4917,0.9737,0.278,Tap_Pattern
0.9916,0.5664,0.6438,0.3141,Walking
0.4133,0.3875,0.512,0.4965,Micro_Vibration
0.3592,0.5219,0.7984,0.1568,Walking
0.1552,0.778,0.6318,0.0557,Micro_Vibration
0.1274,0.0374,0.2245,0.9539,Stationary
0.3723,0.7436,0.4516,0.848,Stationary
0.1845,0.0788,0.369,0.5639,Stationary
0.8261,0.1023,0.5166,0.629,Stationary
0.3368,0.4128,0.4314,0.7096,Stationary
0.8498,0.2175,0.1271,0.5272,Walking
0.7713,0.4859,0.6142,0.5837,Tap_Pattern
0.7997,0.4163,0.3264,0.4736,Walking
0.8291,0.8103,0.8555,0.2818,Walking
0.1553,0.1447,0.7992,0.2595,Micro_Vibration
0.2511,0.5442,0.3929,0.7242,Micro_Vibration
0.8683,0.2347,0.0768,0.367,Micro_Vibration
0.943,0.8376,0.8715,0.9134,Stationary
0.6955,0.3803,0.3806,0.5872,Stationary
0.9201,0.788,0.6043,0.2485,Tap_Pattern
0.0064,0.0853,0.2637,0.9307,Stationary
0.8734,0.5679,0.7444,0.8308,Micro_Vibration
0.7336,0.847,0.3784,0.6578,Micro_Vibration
0.8884,0.7263,0.4092,0.5522,Micro_Vibration
0.2895,0.9688,0.2204,0.0785,Stationary
0.198,0.0698,0.1036,0.9439,Stationary
0.3121,0.9488,0.3418,0.0859,Micro_Vibration
0.1566,0.6362,0.4449,0.5872,Stationary
0.3097,0.4504,0.5023,0.4141,Walking
0.7924,0.8067,0.9027,0.4532,Walking
0.6606,0.5033,0.5266,0.0692,Micro_Vibration
0.1046,0.8093,0.3537,0.9104,Walking
0.3147,0.1251,0.7646,0.4577,Tap_Pattern
0.5996,0.7906,0.455,0.2677,Micro_Vibration
0.2148,0.9931,0.4497,0.2583,Tap_Pattern
0.0037,0.9426,0.2469,0.1065,Micro_Vibration
0.3932,0.9697,0.6149,0.089,Tap_Pattern
0.9635,0.0708,0.8335,0.0169,Micro_Vibration
0.4266,0.8091,0.3506,0.9403,Stationary
0.3477,0.9255,0.3966,0.0876,Stationary
0.0812,0.9965,0.6026,0.644,Walking
0.407,0.0946,0.3221,0.3962,Tap_Pattern
0.931,0.0213,0.2809,0.2906,Tap_Pattern
0.4639,0.3003,0.5614,0.7749,Walking
0.5088,0.5168,0.4673,0.8982,Micro_Vibration
0.4053,0.1065,0.9882,0.9214,Tap_Pattern
0.7979,0.0039,0.0718,0.4863,Micro_Vibration
0.6538,0.3132,0.9075,0.5955,Micro_Vibration
0.8159,0.9342,0.4442,0.1033,Stationary
0.4423,0.5737,0.7589,0.8321,Stationary
0.278,0.0236,0.9219,0.268,Walking
0.0861,0.9717,0.3567,0.8492,Tap_Pattern
0.4477,0.2274,0.2333,0.662,Walking
0.6636,0.7304,0.9849,0.9256,Walking
0.9401,0.2288,0.9856,0.48,Stationary
0.8185,0.7269,0.3602,0.9069,Stationary
0.3111,0.6947,0.5857,0.1801,Tap_Pattern
0.9799,0.2144,0.3859,0.1117,Tap_Pattern
0.6476,0.4564,0.1038,0.4544,Walking
0.7633,0.6945,0.1548,0.5066,Micro_Vibration
0.9291,0.1961,0.7462,0.5602,Walking
0.8458,0.3761,0.3296,0.6613,Micro_Vibration
0.8658,0.6589,0.388,0.4532,Stationary
0.2608,0.0782,0.9254,0.2414,Micro_Vibration
0.791,0.8945,0.4816,0.609,Tap_Pattern
0.9372,0.4304,0.3653,0.5592,Stationary
0.4777,0.229,0.3194,0.6075,Stationary
0.8808,0.1214,0.1362,0.0245,Micro_Vibration
0.9345,0.371,0.263,0.3023,Micro_Vibration
0.8196,0.5351,0.596,0.0156,Walking
0.6626,0.6284,0.3277,0.486,Micro_Vibration
0.5993,0.2373,0.6614,0.4754,Stationary
0.7243,0.9856,0.3975,0.7474,Micro_Vibration
0.3621,0.1261,0.8338,0.6484,Walking
0.0239,0.9239,0.3894,0.0536,Stationary
0.6668,0.7838,0.7963,0.1111,Stationary
0.0832,0.3267,0.0738,0.0704,Tap_Pattern
0.1925,0.2579,0.2524,0.7713,Stationary
0.1393,0.0877,0.231,0.0469,Micro_Vibration
0.6551,0.1932,0.8537,0.666,Tap_Pattern
0.8322,0.6245,0.7642,0.6866,Tap_Pattern
0.4781,0.1966,0.9322,0.0736,Walking
0.6653,0.5292,0.4938,0.889,Tap_Pattern
0.9487,0.245,0.9919,0.8561,Walking
0.9694,0.7246,0.0702,0.1385,Stationary
0.7721,0.5303,0.1362,0.1397,Tap_Pattern
0.2133,0.0816,0.7272,0.3976,Walking
0.1216,0.3844,0.6381,0.6274,Micro_Vibration
0.8285,0.1555,0.4135,0.7646,Tap_Pattern
0.6076,0.4236,0.1893,0.9131,Stationary
0.4138,0.4624,0.2739,0.8366,Micro_Vibration
0.2253,0.5774,0.0677,0.5716,Micro_Vibration
0.6586,0.9775,0.1399,0.8997,Micro_Vibration
0.8855,0.6351,0.4023,0.4542,Stationary
0.1748,0.8881,0.2404,0.5832,Walking
0.8457,0.1654,0.1865,0.185,Tap_Pattern
0.7616,0.2581,0.6838,0.2784,Micro_Vibration
0.8014,0.747,0.4292,0.7035,Tap_Pattern
0.5073,0.8721,0.8838,0.0744,Micro_Vibration
0.2208,0.4261,0.0243,0.7075,Stationary
0.3205,0.4997,0.0852,0.3339,Walking
0.5938,0.6599,0.6943,0.7709,Tap_Pattern
0.6986,0.1669,0.4815,0.4789,Stationary
0.1717,0.3563,0.098,0.1519,Walking
0.9545,0.9537,0.468,0.1162,Micro_Vibration
0.8863,0.9666,0.3953,0.0225,Micro_Vibration
0.1903,0.5087,0.0725,0.7963,Micro_Vibration
0.6225,0.3447,0.6192,0.5678,Tap_Pattern
0.4684,0.2274,0.4554,0.917,Micro_Vibration
0.6016,0.359,0.4889,0.5789,Walking
0.0674,0.9617,0.8161,0.2549,Tap_Pattern
0.2694,0.0853,0.0644,0.6754,Tap_Pattern
0.9632,0.456,0.2184,0.5277,Micro_Vibration
0.9613,0.3929,0.6529,0.8628,Stationary
0.1034,0.3648,0.5556,0.7303,Micro_Vibration
0.2053,0.0306,0.0144,0.043,Tap_Pattern
0.9562,0.0321,0.9477,0.6994,Micro_Vibration
0.6283,0.9942,0.5586,0.5113,Micro_Vibration
0.9615,0.8386,0.1713,0.1106,Tap_Pattern
0.683,0.5217,0.2027,0.1718,Tap_Pattern
0.2295,0.4268,0.3531,0.9197,Walking
0.1493,0.0027,0.1337,0.0641,Tap_Pattern
0.845,0.5504,0.1377,0.47,Stationary
0.4369,0.7165,0.4901,0.6982,Micro_Vibration
0.6292,0.3262,0.157,0.7314,Walking
0.3535,0.0914,0.7094,0.0183,Walking
0.885,0.0324,0.1148,0.3036,Walking
0.71,0.1288,0.8771,0.208,Stationary
0.0129,0.4183,0.996,0.1346,Micro_Vibration
0.3222,0.1535,0.6542,0.2309,Micro_Vibration
0.6697,0.6828,0.8772,0.6397,Micro_Vibration
0.9958,0.3309,0.2047,0.1147,Tap_Pattern
0.7675,0.1415,0.9567,0.0301,Stationary
0.8712,0.7095,0.2211,0.422,Tap_Pattern
0.6122,0.8361,0.4712,0.6761,Stationary
0.2487,0.8581,0.2542,0.2784,Walking
0.0643,0.0189,0.0996,0.391,Tap_Pattern
0.0043,0.6858,0.2874,0.7888,Walking
0.5523,0.0999,0.7289,0.095,Tap_Pattern
0.2993,0.5801,0.4129,0.6933,Stationary
0.5863,0.2957,0.119,0.0061,Stationary
0.6542,0.9643,0.4079,0.5731,Tap_Pattern
0.0987,0.7188,0.1951,0.3299,Micro_Vibration
0.7083,0.3725,0.6981,0.6963,Micro_Vibration
0.6607,0.9796,0.9354,0.3244,Micro_Vibration
0.9841,0.6479,0.636,0.235,Walking
0.7402,0.9546,0.8508,0.3061,Tap_Pattern
0.1744,0.3399,0.8704,0.1985,Walking
0.0467,0.1065,0.1158,0.3296,Micro_Vibration
0.8171,0.3193,0.6858,0.8348,Tap_Pattern
0.4453,0.5433,0.5383,0.4019,Micro_Vibration
0.0825,0.4451,0.5315,0.0187,Micro_Vibration
0.0199,0.9085,0.3587,0.9024,Stationary
0.7067,0.593,0.1177,0.5436,Stationary
0.7993,0.8495,0.3095,0.9011,Micro_Vibration
0.6092,0.8929,0.368,0.7025,Walking
0.6608,0.3645,0.8793,0.0452,Walking
0.5635,0.443,0.4449,0.5996,Stationary
0.107,0.1884,0.4492,0.5924,Micro_Vibration
0.0183,0.3055,0.3314,0.4117,Micro_Vibration
0.4422,0.2501,0.7671,0.6828,Stationary
0.9973,0.0006,0.57,0.8922,Walking
0.968,0.5704,0.9116,0.039,Stationary
0.8782,0.6593,0.9643,0.1815,Micro_Vibration
0.2014,0.7093,0.5951,0.376,Stationary
0.9154,0.1958,0.4585,0.6808,Stationary
0.1299,0.5076,0.5778,0.5162,Micro_Vibration
0.007,0.9884,0.4958,0.3904,Stationary
0.7405,0.7477,0.7305,0.5722,Tap_Pattern
0.5773,0.8603,0.5944,0.4665,Walking
0.6959,0.935,0.9124,0.8563,Micro_Vibration
0.2112,0.6768,0.7482,0.8819,Walking
0.8825,0.1455,0.3655,0.6427,Tap_Pattern
0.5125,0.1049,0.773,0.2582,Micro_Vibration
0.9692,0.4674,0.6967,0.0511,Stationary
0.645,0.4703,0.4964,0.2846,Walking
0.7818,0.3126,0.684,0.6426,Walking
0.8695,0.3097,0.1103,0.963,Tap_Pattern
0.403,0.9056,0.1704,0.426,Tap_Pattern
0.6402,0.9263,0.2848,0.2323,Tap_Pattern
0.8303,0.9935,0.1091,0.391,Walking
0.2495,0.5797,0.9196,0.2093,Walking
0.9548,0.6368,0.8622,0.7408,Tap_Pattern
0.8124,0.704,0.5723,0.4292,Walking
0.4504,0.7563,0.9219,0.4969,Tap_Pattern
0.666,0.7974,0.072,0.477,Walking
0.996,0.2181,0.3066,0.0389,Micro_Vibration
0.0568,0.4429,0.6699,0.8064,Tap_Pattern
0.4657,0.3879,0.8802,0.6861,Micro_Vibration
0.3163,0.0255,0.6264,0.4919,Micro_Vibration
0.3879,0.1567,0.1907,0.7155,Walking
0.2825,0.2363,0.1891,0.5816,Walking
0.1299,0.5543,0.6821,0.0432,Micro_Vibration
0.2242,0.765,0.962,0.9297,Tap_Pattern
0.3151,0.1586,0.2379,0.6944,Walking
0.8089,0.2847,0.4505,0.2625,Stationary
0.1884,0.9686,0.2457,0.4821,Stationary
0.292,0.7922,0.3297,0.0334,Micro_Vibration
0.7104,0.314,0.3447,0.4515,Stationary
0.9132,0.1488,0.041,0.1135,Walking
0.0736,0.4181,0.3092,0.937,Walking
0.5636,0.7993,0.7992,0.1112,Micro_Vibration
0.1078,0.5637,0.9272,0.5971,Micro_Vibration
0.4776,0.7324,0.7857,0.8427,Walking
0.0297,0.7349,0.1034,0.1538,Micro_Vibration
0.9064,0.541,0.2369,0.7101,Stationary
0.3647,0.296,0.4192,0.695,Micro_Vibration
0.6712,0.9368,0.371,0.3238,Walking
0.5806,0.0511,0.9695,0.2122,Walking
0.4287,0.4997,0.4873,0.5389,Walking
0.9229,0.2164,0.6462,0.4882,Micro_Vibration
0.5766,0.6006,0.2629,0.8235,Stationary
0.0292,0.1779,0.7418,0.2442,Tap_Pattern
0.7209,0.9831,0.8351,0.948,Tap_Pattern
0.8898,0.5628,0.1837,0.6857,Micro_Vibration
0.0621,0.4441,0.9489,0.6765,Tap_Pattern
0.1042,0.7733,0.0371,0.6433,Tap_Pattern
0.0238,0.7213,0.9562,0.6782,Micro_Vibration
0.0387,0.2072,0.8483,0.2529,Stationary
0.4571,0.5991,0.894,0.9124,Tap_Pattern
0.1823,0.0739,0.6491,0.6859,Micro_Vibration
0.5882,0.6352,0.8391,0.7406,Micro_Vibration
0.578,0.3779,0.6488,0.1467,Stationary
0.8501,0.2243,0.4804,0.1596,Tap_Pattern
0.0421,0.0557,0.5592,0.8845,Micro_Vibration
0.6524,0.4445,0.2797,0.454,Stationary
0.3156,0.6204,0.3242,0.7353,Tap_Pattern
0.7893,0.8907,0.9335,0.0621,Micro_Vibration
0.1507,0.693,0.5186,0.6937,Stationary
0.96,0.9809,0.1674,0.976,Stationary
0.9015,0.2587,0.7037,0.3657,Walking
0.1374,0.881,0.4911,0.0131,Tap_Pattern
0.8185,0.8219,0.6467,0.8861,Walking
0.44,0.6948,0.2571,0.8166,Walking
0.1769,0.461,0.453,0.4658,Walking
0.4693,0.5475,0.5363,0.0141,Stationary
0.8105,0.6991,0.2726,0.3181,Tap_Pattern
0.4581,0.8675,0.994,0.0864,Tap_Pattern
0.9535,0.1532,0.3063,0.3989,Stationary
0.7956,0.1363,0.7966,0.1466,Tap_Pattern
0.687,0.0712,0.6439,0.3777,Stationary
0.4375,0.0013,0.1959,0.4927,Tap_Pattern
0.0333,0.3872,0.7172,0.5427,Stationary
0.7949,0.0743,0.8393,0.6413,Tap_Pattern
0.3056,0.472,0.8699,0.8381,Stationary
0.1443,0.5826,0.1909,0.1232,Micro_Vibration
0.761,0.9967,0.1335,0.6847,Micro_Vibration
0.983,0.6723,0.2701,0.8385,Stationary
0.0847,0.6039,0.9771,0.5564,Walking
0.5562,0.5223,0.0028,0.7025,Tap_Pattern
0.0012,0.5144,0.7239,0.4004,Stationary
0.367,0.0394,0.4673,0.1035,Stationary
0.4713,0.2852,0.285,0.2249,Walking
0.732,0.5971,0.453,0.1517,Walking
0.4123,0.6697,0.3275,0.0674,Stationary
0.9264,0.5706,0.0005,0.6763,Stationary
0.8152,0.4964,0.7369,0.0281,Micro_Vibration
0.0118,0.0481,0.348,0.2891,Tap_Pattern
0.1635,0.7626,0.6267,0.7033,Micro_Vibration
0.0328,0.012,0.6746,0.6201,Tap_Pattern
0.3645,0.6244,0.603,0.269,Tap_Pattern
0.6744,0.654,0.8601,0.3338,Micro_Vibration
0.8682,0.4223,0.595,0.7485,Tap_Pattern
0.7482,0.2544,0.7601,0.3465,Tap_Pattern
0.6631,0.6805,0.7636,0.2579,Micro_Vibration
0.0562,0.0834,0.2842,0.3492,Micro_Vibration
0.4408,0.0393,0.7933,0.6799,Walking
0.0929,0.8981,0.1877,0.4586,Micro_Vibration
0.8684,0.7894,0.7962,0.3955,Tap_Pattern
0.3793,0.1152,0.6761,0.3767,Stationary
0.8375,0.3202,0.4964,0.0884,Tap_Pattern
0.3012,0.6573,0.7999,0.521,Tap_Pattern
0.5162,0.0788,0.2729,0.6123,Stationary
0.2114,0.8195,0.3374,0.4008,Walking
0.7345,0.6738,0.4442,0.2655,Stationary
0.5649,0.5776,0.4367,0.1827,Walking
0.7649,0.3173,0.974,0.7366,Stationary
0.0972,0.1166,0.6915,0.0568,Walking
0.8007,0.8616,0.9622,0.2503,Tap_Pattern
0.8971,0.6097,0.6683,0.7269,Micro_Vibration
0.8185,0.0764,0.357,0.5769,Stationary
0.5001,0.2096,0.8187,0.454,Micro_Vibration
0.6508,0.6932,0.8514,0.0083,Stationary
0.8847,0.1478,0.8584,0.2647,Walking
0.6162,0.9483,0.6627,0.1343,Walking
0.8516,0.2965,0.8262,0.8226,Tap_Pattern
0.9214,0.5481,0.102,0.6098,Stationary
0.8539,0.8044,0.4705,0.6831,Walking
0.4469,0.3866,0.2947,0.5839,Tap_Pattern
0.9584,0.4818,0.5476,0.2521,Tap_Pattern
0.9867,0.8796,0.0806,0.4298,Tap_Pattern
0.1832,0.3359,0.0474,0.2714,Micro_Vibration
0.6215,0.8971,0.4238,0.8643,Tap_Pattern
0.6197,0.5034,0.6491,0.455,Tap_Pattern
0.9407,0.3306,0.2788,0.5127,Tap_Pattern
0.7585,0.9665,0.2356,0.0043,Micro_Vibration
0.722,0.5812,0.6919,0.213,Stationary
0.6913,0.9626,0.435,0.6954,Walking
0.6635,0.064,0.6983,0.2088,Tap_Pattern
0.8958,0.5159,0.0272,0.1532,Walking
0.8415,0.528,0.7876,0.4785,Micro_Vibration
0.4219,0.7883,0.3495,0.1188,Stationary
0.9812,0.4096,0.8033,0.1361,Micro_Vibration
0.7012,0.24,0.8963,0.9661,Tap_Pattern
0.0282,0.4189,0.6133,0.5185,Walking
0.9678,0.1021,0.0351,0.7066,Tap_Pattern
0.6357,0.2995,0.2481,0.2132,Tap_Pattern
0.9602,0.1763,0.885,0.6506,Tap_Pattern
0.0674,0.4139,0.6487,0.2843,Tap_Pattern
0.8722,0.3521,0.1881,0.0626,Stationary
0.1301,0.0765,0.5436,0.0143,Micro_Vibration
0.5576,0.4883,0.7583,0.0475,Tap_Pattern
0.4162,0.3189,0.882,0.3467,Walking
0.5136,0.3767,0.3536,0.3261,Walking
0.0799,0.9301,0.1652,0.8545,Micro_Vibration
0.3386,0.076,0.1714,0.6628,Tap_Pattern
0.4328,0.0415,0.9253,0.8342,Walking
0.3901,0.9223,0.6057,0.7612,Micro_Vibration
0.5369,0.8906,0.9935,0.8407,Walking
0.449,0.036,0.1541,0.2425,Micro_Vibration
0.8397,0.1676,0.6169,0.5555,Tap_Pattern
0.0912,0.7336,0.8649,0.2096,Micro_Vibration
0.918,0.208,0.4326,0.3816,Tap_Pattern
0.9802,0.1268,0.4425,0.8727,Tap_Pattern
0.5451,0.1362,0.9447,0.7024,Walking
0.1862,0.144,0.4628,0.3787,Stationary
0.7224,0.1495,0.5058,0.9128,Tap_Pattern
0.561,0.8312,0.4376,0.08,Stationary
0.4067,0.6658,0.2276,0.2219,Walking
0.8133,0.7544,0.9786,0.6366,Walking
0.4803,0.3421,0.4253,0.1929,Micro_Vibration
0.8588,0.8514,0.4529,0.6443,Stationary
0.0559,0.3306,0.3397,0.3565,Tap_Pattern
0.2183,0.9415,0.7759,0.2206,Micro_Vibration
0.1702,0.3444,0.9245,0.4482,Stationary
0.3122,0.1632,0.2546,0.7633,Micro_Vibration
0.3311,0.3378,0.9082,0.5212,Micro_Vibration
0.9811,0.7958,0.8924,0.9831,Stationary
0.2932,0.104,0.4767,0.5579,Stationary
0.3597,0.5838,0.6376,0.8642,Tap_Pattern
0.8694,0.4602,0.5276,0.8414,Walking
0.3801,0.0102,0.9639,0.2785,Walking
0.7461,0.4312,0.7461,0.2072,Micro_Vibration
0.6236,0.0706,0.6898,0.2834,Walking
0.3522,0.4652,0.6895,0.029,Tap_Pattern
0.8912,0.2392,0.615,0.94,Walking
0.9589,0.4217,0.0318,0.4126,Walking
0.2063,0.0851,0.9441,0.0472,Micro_Vibration
0.5759,0.0289,0.1173,0.7213,Tap_Pattern
0.0911,0.7592,0.1438,0.2238,Walking
0.4243,0.6246,0.3205,0.8876,Stationary
0.0382,0.6737,0.9466,0.366,Micro_Vibration
0.2067,0.2802,0.8081,0.3261,Tap_Pattern
0.0212,0.6359,0.4499,0.1657,Tap_Pattern
0.0709,0.3188,0.381,0.6082,Walking
0.4627,0.9165,0.6678,0.2958,Tap_Pattern
0.3406,0.3433,0.57,0.9763,Stationary
0.891,0.3242,0.6485,0.6883,Tap_Pattern
0.134,0.7101,0.083,0.1147,Walking
0.8753,0.9571,0.2862,0.0743,Micro_Vibration
0.6243,0.9421,0.6897,0.131,Walking
0.1434,0.933,0.9424,0.8942,Micro_Vibration
0.7748,0.0743,0.6501,0.0963,Stationary
0.6103,0.7098,0.0925,0.8322,Walking
0.4914,0.7105,0.3197,0.06,Micro_Vibration
0.0404,0.8068,0.1355,0.6307,Walking
0.4632,0.0257,0.7307,0.5469,Walking
0.9511,0.1886,0.7288,0.6832,Micro_Vibration
0.1723,0.9372,0.7858,0.7378,Walking
0.8781,0.2857,0.7368,0.1729,Micro_Vibration
0.9987,0.4365,0.2896,0.8355,Stationary
0.5759,0.0903,0.7972,0.0885,Stationary
0.3617,0.8305,0.1648,0.4782,Walking
0.583,0.0611,0.0269,0.9251,Tap_Pattern
0.6078,0.2529,0.1363,0.9109,Micro_Vibration
0.9042,0.3249,0.4066,0.0863,Stationary
0.9548,0.7817,0.2039,0.3026,Micro_Vibration
0.262,0.5023,0.3669,0.0687,Micro_Vibration
0.6008,0.6856,0.4324,0.1759,Tap_Pattern
0.4275,0.416,0.1856,0.2392,Micro_Vibration
0.116,0.1165,0.0259,0.1654,Stationary
0.8829,0.7077,0.5025,0.9939,Stationary
0.0923,0.5921,0.3053,0.0344,Stationary
0.5561,0.6447,0.7114,0.5784,Tap_Pattern
0.302,0.3605,0.1883,0.8245,Stationary
0.6761,0.8689,0.0361,0.1541,Micro_Vibration
0.1922,0.3926,0.5616,0.8166,Micro_Vibration
0.0941,0.9591,0.2335,0.431,Tap_Pattern
0.4891,0.9917,0.9738,0.7115,Stationary
0.9113,0.0851,0.8583,0.2177,Stationary
0.6184,0.8879,0.7932,0.4791,Stationary
0.3211,0.8668,0.112,0.7222,Micro_Vibration
0.0229,0.8874,0.249,0.9527,Walking
0.5924,0.4299,0.9581,0.0766,Tap_Pattern
0.7699,0.3449,0.8264,0.4959,Walking
0.7511,0.1535,0.7075,0.653,Micro_Vibration
0.2261,0.8255,0.7559,0.209,Tap_Pattern
0.0261,0.1958,0.4975,0.6425,Stationary
0.0928,0.9724,0.6718,0.9766,Stationary
0.3155,0.8888,0.755,0.9766,Stationary
0.9541,0.7597,0.5733,0.3791,Micro_Vibration
0.0604,0.3989,0.4617,0.0137,Walking
0.4026,0.5972,0.8373,0.3969,Micro_Vibration
0.8613,0.1369,0.7659,0.2182,Tap_Pattern
0.0593,0.4932,0.7422,0.3183,Stationary
0.7814,0.58,0.8666,0.0657,Stationary
0.5594,0.1979,0.1826,0.2982,Stationary
0.7991,0.4062,0.8896,0.7783,Walking
0.2853,0.6958,0.6935,0.5521,Micro_Vibration
0.2434,0.3351,0.7322,0.8407,Tap_Pattern
0.1865,0.5246,0.8893,0.9133,Micro_Vibration
0.6859,0.5504,0.3377,0.2743,Walking
0.9989,0.1126,0.6202,0.1143,Tap_Pattern
0.7817,0.9639,0.9193,0.5194,Micro_Vibration
0.7783,0.2352,0.4956,0.5608,Micro_Vibration
0.5478,0.489,0.3964,0.5626,Micro_Vibration
0.1454,0.2405,0.017,0.2581,Micro_Vibration
0.4112,0.439,0.5189,0.4133,Walking
0.5173,0.7381,0.9437,0.2657,Tap_Pattern
0.2309,0.7667,0.1303,0.4003,Stationary
0.4574,0.3452,0.1687,0.4423,Tap_Pattern
0.0373,0.2601,0.5134,0.0049,Stationary
0.1109,0.7763,0.2531,0.0795,Tap_Pattern
0.1783,0.1127,0.3116,0.2142,Tap_Pattern
0.8916,0.0727,0.539,0.1183,Walking
0.3867,0.031,0.1982,0.3751,Stationary
0.5164,0.1664,0.7485,0.0221,Walking
0.3417,0.7093,0.2696,0.9713,Walking
0.1754,0.3982,0.9698,0.3798,Walking
0.9249,0.9431,0.971,0.9917,Tap_Pattern
0.4521,0.9886,0.807,0.1984,Walking
0.6319,0.3148,0.9919,0.8476,Walking
0.6746,0.7879,0.0287,0.2309,Stationary
0.8512,0.0927,0.9553,0.6435,Micro_Vibration
0.1522,0.7754,0.9565,0.9687,Tap_Pattern
0.7999,0.4716,0.2671,0.1257,Stationary
0.6516,0.7268,0.766,0.7437,Micro_Vibration
0.3906,0.5304,0.5351,0.6581,Stationary
0.9423,0.3248,0.6792,0.451,Micro_Vibration
0.2586,0.7809,0.6046,0.085,Walking
0.0331,0.1135,0.189,0.8035,Walking
0.8561,0.7536,0.9472,0.2405,Walking
0.562,0.1888,0.7455,0.4739,Tap_Pattern
0.0339,0.691,0.1727,0.487,Walking
0.7125,0.5764,0.8763,0.1241,Micro_Vibration
0.5939,0.3554,0.2851,0.7488,Tap_Pattern
0.5761,0.2937,0.8353,0.981,Tap_Pattern
0.8426,0.6982,0.3537,0.4351,Tap_Pattern
0.3428,0.5005,0.9672,0.1122,Stationary
0.6484,0.4468,0.2709,0.461,Walking
0.6971,0.3189,0.1841,0.313,Stationary
0.8161,0.7116,0.5508,0.8233,Tap_Pattern
0.2785,0.7323,0.606,0.7184,Stationary
0.053,0.445,0.4651,0.966,Stationary
0.1254,0.7121,0.2839,0.6561,Tap_Pattern
0.405,0.0749,0.7384,0.041,Walking
0.874,0.7782,0.9399,0.3017,Walking
0.0899,0.921,0.2884,0.6255,Micro_Vibration
0.3134,0.3506,0.1498,0.9965,Micro_Vibration
0.6399,0.4834,0.6745,0.8097,Walking
0.8594,0.6584,0.5738,0.5548,Micro_Vibration
0.0483,0.1385,0.8853,0.3784,Tap_Pattern
0.9506,0.4724,0.8279,0.3417,Micro_Vibration
0.8835,0.7289,0.0647,0.5247,Tap_Pattern
0.9598,0.6751,0.5217,0.5945,Stationary
0.9324,0.936,0.4876,0.5769,Stationary
0.9888,0.1193,0.3007,0.4013,Walking
0.3818,0.6496,0.9678,0.9994,Micro_Vibration
0.0604,0.5766,0.3632,0.3034,Walking
0.8732,0.4895,0.9596,0.8133,Walking
0.9701,0.1847,0.497,0.7216,Tap_Pattern
0.9705,0.5596,0.8388,0.728,Tap_Pattern
0.0047,0.4688,0.5605,0.121,Micro_Vibration
0.3406,0.1726,0.9314,0.1568,Stationary
0.5506,0.1634,0.166,0.4831,Stationary
0.6145,0.6658,0.4119,0.0195,Tap_Pattern
0.3606,0.7189,0.2033,0.9928,Walking
0.4594,0.4099,0.4025,0.8253,Micro_Vibration
0.9751,0.7685,0.0012,0.0139,Tap_Pattern
0.0096,0.757,0.5937,0.9839,Tap_Pattern
0.0466,0.246,0.5202,0.0608,Tap_Pattern
0.919,0.705,0.4346,0.8076,Micro_Vibration
0.1642,0.4987,0.8407,0.7525,Stationary
0.5706,0.8893,0.5148,0.273,Walking
0.5939,0.6724,0.6916,0.4917,Walking
0.5408,0.8652,0.9339,0.176,Tap_Pattern
0.3476,0.8524,0.7984,0.6732,Walking
0.8121,0.395,0.4416,0.4271,Tap_Pattern
0.3605,0.2762,0.7734,0.5098,Stationary
0.4467,0.586,0.4984,0.5774,Stationary
0.8591,0.8065,0.1938,0.3338,Micro_Vibration
0.7548,0.061,0.4375,0.1796,Micro_Vibration
0.0583,0.125,0.7432,0.6633,Walking
0.3453,0.953,0.3712,0.4433,Micro_Vibration
0.0101,0.9105,0.7589,0.9991,Tap_Pattern
0.7535,0.82,0.7756,0.0392,Tap_Pattern
0.2271,0.0865,0.5149,0.1466,Micro_Vibration
0.2718,0.3997,0.4786,0.1222,Walking
0.7081,0.2001,0.7601,0.5748,Stationary
0.0618,0.7986,0.8406,0.8797,Tap_Pattern
0.7233,0.7671,0.6005,0.2089,Micro_Vibration
0.4926,0.2305,0.9929,0.1295,Walking
0.6972,0.1593,0.9465,0.5196,Tap_Pattern
0.1398,0.7865,0.8549,0.2191,Micro_Vibration
0.1862,0.7509,0.2079,0.0353,Micro_Vibration
0.7175,0.8246,0.7333,0.7144,Stationary
0.0069,0.6929,0.3122,0.655,Walking
0.9356,0.034,0.7431,0.0111,Micro_Vibration
0.1911,0.8869,0.1967,0.1238,Micro_Vibration
0.5334,0.3671,0.6346,0.9683,Micro_Vibration
0.36,0.4869,0.5474,0.9219,Walking
0.4647,0.4399,0.5924,0.8009,Walking
0.7527,0.6871,0.1137,0.9495,Tap_Pattern
0.5404,0.8936,0.6525,0.3862,Walking
0.8442,0.3565,0.3025,0.832,Micro_Vibration
0.0959,0.4895,0.6967,0.7916,Tap_Pattern
0.6207,0.1573,0.2894,0.3232,Micro_Vibration
0.6292,0.4503,0.6477,0.9908,Tap_Pattern
0.5224,0.3627,0.2042,0.7258,Micro_Vibration
0.5262,0.5561,0.6357,0.5722,Micro_Vibration
0.6032,0.6136,0.6072,0.9137,Micro_Vibration
0.6777,0.0803,0.3723,0.238,Stationary
0.5939,0.3741,0.5817,0.6742,Walking
0.7979,0.7794,0.6809,0.7275,Micro_Vibration
0.3316,0.3961,0.4344,0.9115,Tap_Pattern
0.6379,0.7674,0.4033,0.4577,Walking
0.4942,0.471,0.8708,0.8288,Tap_Pattern
0.2466,0.5595,0.3584,0.6156,Stationary
0.2311,0.3349,0.3104,0.8565,Tap_Pattern
0.1689,0.1032,0.3525,0.7594,Micro_Vibration
0.9075,0.4418,0.2059,0.6767,Tap_Pattern
0.2279,0.6037,0.6151,0.917,Walking
0.0072,0.5563,0.3479,0.7879,Walking
0.4148,0.4355,0.6625,0.368,Stationary
0.4699,0.5135,0.2172,0.0536,Stationary
0.0157,0.1465,0.8067,0.4677,Micro_Vibration
0.3802,0.376,0.6829,0.973,Walking
0.7358,0.6568,0.4612,0.7198,Micro_Vibration
0.17,0.7297,0.2851,0.505,Walking
0.5643,0.5984,0.0653,0.6675,Stationary
0.7969,0.5803,0.0334,0.0104,Tap_Pattern
0.3963,0.9702,0.0229,0.4424,Micro_Vibration
0.4134,0.3042,0.7555,0.7735,Micro_Vibration
0.6645,0.5141,0.614,0.6301,Walking
0.0914,0.9917,0.795,0.7869,Stationary
0.5995,0.4956,0.9185,0.2926,Walking
0.6385,0.5592,0.0145,0.3501,Tap_Pattern
0.8146,0.7158,0.4185,0.9614,Walking
0.2549,0.4938,0.2134,0.9604,Micro_Vibration
0.5396,0.7681,0.8822,0.7442,Walking
0.1308,0.9434,0.03,0.3318,Tap_Pattern
0.3448,0.9874,0.5531,0.4425,Walking
0.7402,0.4425,0.5934,0.9224,Micro_Vibration
0.9767,0.2734,0.8153,0.3548,Tap_Pattern
0.5081,0.619,0.5034,0.3951,Walking
0.0578,0.2397,0.5115,0.5706,Tap_Pattern
0.2804,0.8022,0.9523,0.1654,Micro_Vibration
0.2982,0.8749,0.3583,0.5284,Walking
0.1768,0.1121,0.8202,0.686,Tap_Pattern
0.0322,0.2351,0.4519,0.0051,Stationary
0.2096,0.8678,0.4196,0.2907,Tap_Pattern
0.0007,0.2997,0.8024,0.2119,Tap_Pattern
0.2596,0.2762,0.4303,0.914,Stationary
0.6571,0.8813,0.426,0.1863,Stationary
0.8125,0.0443,0.7546,0.727,Tap_Pattern
0.6988,0.979,0.5512,0.4088,Stationary
0.6385,0.9029,0.0444,0.7878,Walking
0.1226,0.5211,0.2216,0.2167,Micro_Vibration
0.8451,0.416,0.7151,0.4011,Stationary
0.8149,0.5156,0.3157,0.0003,Stationary
0.1674,0.3387,0.8546,0.193,Stationary
0.1059,0.876,0.0312,0.1844,Walking
0.8106,0.8562,0.0947,0.542,Walking
0.5589,0.3848,0.9143,0.8084,Walking
0.6076,0.7707,0.1159,0.9133,Walking
0.0362,0.3562,0.1208,0.0949,Micro_Vibration
0.8333,0.5764,0.5323,0.0815,Tap_Pattern
0.795,0.4925,0.483,0.5363,Walking
0.6103,0.1476,0.8507,0.7071,Walking
0.0173,0.9184,0.702,0.6002,Stationary
0.1537,0.591,0.2075,0.1405,Micro_Vibration
0.2794,0.353,0.9617,0.0421,Walking
0.0413,0.0522,0.992,0.2132,Stationary
0.9356,0.4712,0.3632,0.5557,Tap_Pattern
0.1545,0.449,0.5409,0.3887,Stationary
0.0683,0.9181,0.9473,0.1813,Tap_Pattern
0.789,0.7407,0.7208,0.6497,Stationary
0.9947,0.5919,0.8302,0.9432,Tap_Pattern
0.318,0.6738,0.168,0.1179,Tap_Pattern
0.0481,0.6432,0.542,0.8992,Micro_Vibration
0.8635,0.7105,0.7799,0.8748,Micro_Vibration
0.1957,0.1821,0.3572,0.8748,Tap_Pattern
0.5808,0.9153,0.0596,0.788,Micro_Vibration
0.115,0.2845,0.6627,0.6,Stationary
0.8458,0.8815,0.7039,0.6333,Tap_Pattern
0.8602,0.0484,0.2882,0.0308,Micro_Vibration
0.0891,0.141,0.049,0.2172,Tap_Pattern
0.0059,0.1224,0.786,0.776,Stationary
0.2532,0.7472,0.8073,0.8398,Stationary
0.6918,0.4996,0.1022,0.0381,Micro_Vibration
0.2732,0.5639,0.2636,0.566,Walking
0.0298,0.4039,0.5906,0.8116,Walking
0.8286,0.9117,0.0347,0.8277,Tap_Pattern
0.2623,0.3984,0.5941,0.2204,Walking
0.5715,0.0406,0.2579,0.6084,Walking
0.0782,0.1431,0.6187,0.0161,Walking
0.4543,0.8594,0.6505,0.9077,Micro_Vibration
0.3162,0.1905,0.7611,0.5337,Tap_Pattern
0.4062,0.3905,0.0856,0.6006,Walking
0.1953,0.0957,0.9382,0.9672,Tap_Pattern
0.139,0.9804,0.4009,0.4694,Walking
0.6723,0.3753,0.5188,0.5825,Stationary
0.1348,0.7823,0.6864,0.1295,Tap_Pattern
0.9573,0.0848,0.7586,0.3869,Tap_Pattern
0.4354,0.768,0.3084,0.5221,Walking
0.8079,0.4,0.5484,0.9175,Tap_Pattern
0.4831,0.046,0.3958,0.3785,Tap_Pattern
0.746,0.8215,0.2954,0.1581,Walking
0.8219,0.4972,0.1321,0.0867,Micro_Vibration
0.3223,0.2735,0.961,0.3402,Walking
0.8278,0.3903,0.0338,0.521,Walking
0.6002,0.8786,0.4526,0.108,Stationary
0.3395,0.1502,0.6259,0.9082,Micro_Vibration
0.3305,0.7675,0.1884,0.119,Walking
0.3715,0.4137,0.3294,0.9607,Micro_Vibration
0.2882,0.1494,0.1494,0.7256,Stationary
0.0066,0.0852,0.1469,0.8782,Walking
0.9164,0.8891,0.2262,0.109,Walking
0.9088,0.6407,0.0751,0.8621,Tap_Pattern
0.512,0.2652,0.9069,0.8581,Tap_Pattern
0.876,0.4817,0.7621,0.1511,Walking
0.0451,0.1486,0.928,0.4271,Micro_Vibration
0.2281,0.217,0.6227,0.5658,Stationary
0.5022,0.6531,0.9601,0.804,Tap_Pattern
0.1506,0.3107,0.9734,0.3438,Tap_Pattern
0.5193,0.6166,0.8055,0.8108,Walking
0.3616,0.4735,0.9724,0.7763,Walking
0.8668,0.417,0.7672,0.3005,Micro_Vibration
0.1954,0.7572,0.494,0.6265,Walking
0.3108,0.7479,0.1283,0.3219,Walking
0.1168,0.899,0.97,0.6796,Micro_Vibration
0.5535,0.3311,0.9849,0.2518,Walking
0.2304,0.7362,0.1867,0.9622,Micro_Vibration
0.0071,0.262,0.3967,0.4351,Tap_Pattern
0.7086,0.5323,0.5403,0.9699,Walking
0.321,0.6963,0.5006,0.079,Micro_Vibration
0.0556,0.4726,0.2076,0.684,Micro_Vibration
0.7168,0.39,0.3599,0.1896,Walking
0.7771,0.7093,0.3961,0.0953,Stationary
0.4808,0.2955,0.8985,0.0822,Walking
0.2199,0.6356,0.1218,0.8053,Stationary
0.2774,0.2862,0.1423,0.7885,Tap_Pattern
0.9314,0.3525,0.4614,0.2712,Micro_Vibration
0.2135,0.5952,0.6123,0.4788,Stationary
0.6835,0.3624,0.2271,0.243,Walking
0.7855,0.9328,0.1646,0.4321,Tap_Pattern
0.0285,0.0252,0.0457,0.206,Walking
0.2263,0.3015,0.5997,0.3643,Walking
0.8137,0.7169,0.6269,0.7337,Stationary
0.8379,0.4762,0.4035,0.948,Micro_Vibration
0.1156,0.5727,0.1534,0.607,Micro_Vibration
0.4563,0.9776,0.2196,0.1276,Walking
0.5834,0.045,0.9198,0.2144,Micro_Vibration
0.1674,0.2291,0.6021,0.264,Stationary
0.9294,0.439,0.2898,0.2067,Stationary
0.9806,0.7318,0.8784,0.8779,Micro_Vibration
0.7976,0.5556,0.3097,0.4716,Tap_Pattern
0.2558,0.459,0.2212,0.385,Walking
0.4022,0.0037,0.967,0.3776,Micro_Vibration
0.1621,0.9925,0.8525,0.1201,Micro_Vibration
0.7874,0.645,0.1271,0.581,Micro_Vibration
0.8587,0.5034,0.8652,0.5372,Tap_Pattern
0.5556,0.2616,0.4404,0.4267,Micro_Vibration
0.5987,0.1976,0.0111,0.2994,Walking
0.6438,0.9983,0.4309,0.1661,Stationary
0.9001,0.4009,0.9666,0.0325,Walking
0.5431,0.9885,0.0945,0.2024,Walking
0.2056,0.3401,0.8114,0.2771,Stationary
0.1125,0.5209,0.3093,0.8602,Tap_Pattern
0.3515,0.154,0.2614,0.1184,Tap_Pattern
0.7494,0.4677,0.6822,0.4738,Stationary
0.3069,0.7103,0.938,0.7893,Walking
0.6259,0.529,0.0832,0.4108,Walking
0.5794,0.9257,0.7381,0.8203,Walking
0.5727,0.258,0.0733,0.2467,Micro_Vibration
0.9214,0.2086,0.8532,0.1934,Tap_Pattern
0.3365,0.4965,0.4889,0.4612,Tap_Pattern
0.4762,0.3661,0.2096,0.7883,Tap_Pattern
0.0719,0.8334,0.3086,0.4855,Stationary
0.5848,0.2201,0.814,0.5554,Walking
0.1792,0.7866,0.855,0.192,Stationary
0.6796,0.49,0.406,0.3633,Stationary
0.0332,0.075,0.2239,0.1063,Walking
0.5257,0.0002,0.2831,0.7494,Tap_Pattern
0.9718,0.4994,0.1563,0.0746,Stationary
0.087,0.864,0.5246,0.3938,Tap_Pattern
0.7773,0.9074,0.2501,0.4603,Stationary
0.3119,0.6288,0.8007,0.6028,Stationary
0.3426,0.9057,0.2242,0.6615,Stationary
0.3814,0.6131,0.5723,0.4618,Micro_Vibration
0.3871,0.1815,0.0366,0.6756,Stationary
0.0451,0.1812,0.1937,0.1812,Walking
0.2237,0.1735,0.3638,0.7984,Tap_Pattern
0.9809,0.8958,0.9112,0.6204,Tap_Pattern
0.1036,0.8443,0.6456,0.3619,Tap_Pattern
0.6181,0.157,0.8764,0.4669,Stationary
0.1156,0.3356,0.6778,0.0959,Tap_Pattern
0.6759,0.2056,0.8084,0.7302,Tap_Pattern
0.0046,0.9664,0.424,0.3403,Tap_Pattern
0.7543,0.0349,0.7562,0.343,Tap_Pattern
0.2005,0.3468,0.3785,0.9682,Walking
0.8293,0.9489,0.9158,0.9929,Tap_Pattern
0.2738,0.8837,0.0511,0.3827,Micro_Vibration
0.49,0.8397,0.6579,0.885,Walking
0.5945,0.8085,0.7985,0.7354,Tap_Pattern
0.6558,0.3872,0.619,0.8193,Walking
0.9724,0.7446,0.3489,0.842,Micro_Vibration
0.2751,0.4434,0.2527,0.3197,Stationary
0.7169,0.1297,0.0235,0.3645,Tap_Pattern
0.4952,0.6005,0.0056,0.725,Tap_Pattern
0.3148,0.227,0.6237,0.3328,Stationary
0.237,0.8047,0.3494,0.554,Stationary
0.7729,0.482,0.0073,0.2296,Micro_Vibration
0.1987,0.5337,0.9249,0.5803,Micro_Vibration
0.7216,0.1209,0.4071,0.3798,Stationary
0.6966,0.2767,0.7808,0.4747,Tap_Pattern
0.209,0.9676,0.8755,0.0874,Stationary
0.7217,0.3863,0.1767,0.9894,Walking
0.8384,0.3142,0.0459,0.7381,Micro_Vibration
0.4076,0.5165,0.8693,0.452,Tap_Pattern
0.206,0.8909,0.9245,0.4673,Tap_Pattern
0.2665,0.9834,0.7887,0.9008,Tap_Pattern
0.7456,0.2476,0.8508,0.9516,Tap_Pattern
0.1966,0.7838,0.6193,0.2645,Walking
0.5946,0.7826,0.7087,0.7579,Walking
0.8182,0.0698,0.8771,0.0211,Tap_Pattern
0.4362,0.4829,0.5333,0.6821,Walking
0.115,0.299,0.5177,0.5919,Tap_Pattern
0.4758,0.6338,0.2022,0.1963,Micro_Vibration
0.863,0.0217,0.0872,0.2516,Walking
0.4472,0.6553,0.2696,0.9465,Micro_Vibration
0.855,0.0229,0.8086,0.3439,Micro_Vibration
0.4099,0.1857,0.4673,0.7262,Tap_Pattern
0.3341,0.7562,0.0605,0.0852,Stationary
0.9414,0.5997,0.2392,0.7188,Stationary
0.8627,0.57,0.1274,0.492,Walking
0.3639,0.6446,0.5209,0.2976,Stationary
0.6999,0.966,0.9092,0.2485,Tap_Pattern
0.9352,0.4459,0.3345,0.6934,Stationary
0.4893,0.0661,0.0449,0.8026,Tap_Pattern
0.845,0.3634,0.8864,0.8187,Walking
0.0408,0.0358,0.4551,0.205,Walking
0.4414,0.7308,0.5123,0.1963,Stationary
0.228,0.5175,0.7688,0.4624,Tap_Pattern
0.9297,0.3286,0.2847,0.6784,Walking
0.8776,0.6202,0.4792,0.5141,Stationary
0.1891,0.8669,0.5541,0.8192,Micro_Vibration
0.7919,0.7859,0.8036,0.2563,Stationary
0.428,0.7442,0.3256,0.6242,Walking
0.9482,0.9938,0.8888,0.5508,Walking
0.9965,0.5876,0.024,0.9958,Stationary
0.4612,0.8875,0.4357,0.8447,Walking
0.1545,0.6193,0.7812,0.1242,Walking
0.159,0.8334,0.649,0.8989,Tap_Pattern
0.3811,0.2189,0.9594,0.8225,Micro_Vibration
0.9103,0.3582,0.9643,0.3526,Stationary
0.9785,0.0294,0.5972,0.5932,Walking
0.2752,0.7949,0.0601,0.18,Tap_Pattern
0.2085,0.1634,0.1175,0.8664,Walking
0.215,0.5584,0.9214,0.0044,Walking
0.128,0.0784,0.9474,0.14,Stationary
0.7581,0.6929,0.3845,0.5172,Stationary
0.301,0.8745,0.7818,0.0325,Micro_Vibration
0.91,0.0559,0.9607,0.2973,Walking
0.7088,0.2175,0.5162,0.4435,Tap_Pattern
0.6,0.885,0.5869,0.5254,Micro_Vibration
0.2709,0.7167,0.6381,0.3274,Stationary
0.3747,0.0846,0.1568,0.1453,Micro_Vibration
0.7647,0.8703,0.4366,0.2745,Micro_Vibration
0.5869,0.8681,0.0985,0.3433,Walking
0.3651,0.467,0.4188,0.5279,Stationary
0.3365,0.3384,0.041,0.0536,Stationary
0.5752,0.7279,0.8524,0.6206,Walking
0.2618,0.5018,0.3877,0.6752,Walking
0.0149,0.7086,0.2942,0.5544,Stationary
0.8848,0.8453,0.7371,0.5104,Micro_Vibration
0.6544,0.2881,0.7118,0.0411,Walking
0.0268,0.9328,0.413,0.9303,Walking
0.7839,0.6013,0.7999,0.9342,Walking
0.8609,0.5083,0.0778,0.062,Micro_Vibration
0.664,0.4466,0.776,0.3,Tap_Pattern
0.6276,0.9338,0.2715,0.5744,Micro_Vibration
0.3699,0.8794,0.1175,0.2168,Tap_Pattern
0.1484,0.2885,0.5868,0.8114,Tap_Pattern
0.5961,0.6157,0.017,0.0621,Walking
0.8742,0.8927,0.5998,0.2842,Walking
0.5692,0.7372,0.4618,0.2652,Stationary
0.4364,0.1326,0.6777,0.3409,Tap_Pattern
0.659,0.4886,0.154,0.364,Micro_Vibration
0.3435,0.0299,0.1688,0.4504,Tap_Pattern
0.2635,0.7342,0.0208,0.3011,Micro_Vibration
0.9113,0.9857,0.4908,0.6795,Tap_Pattern
0.3604,0.8053,0.9419,0.817,Stationary
0.6934,0.202,0.1032,0.9064,Stationary
0.0559,0.2829,0.3645,0.5557,Walking
0.3532,0.6225,0.3362,0.8308,Tap_Pattern
0.8014,0.9582,0.424,0.5582,Micro_Vibration
0.2035,0.7943,0.9278,0.4837,Tap_Pattern
0.4148,0.054,0.8204,0.6128,Stationary
0.3015,0.8035,0.5805,0.03,Tap_Pattern
0.7591,0.0508,0.2009,0.4736,Walking
0.9107,0.6805,0.5592,0.766,Stationary
0.6257,0.5791,0.5831,0.2231,Tap_Pattern
0.8872,0.7784,0.6161,0.9655,Stationary
0.6682,0.4202,0.5235,0.9557,Walking
0.6462,0.0244,0.088,0.3686,Micro_Vibration
0.5972,0.0928,0.3694,0.2046,Stationary
0.1618,0.285,0.033,0.7082,Micro_Vibration
0.7076,0.9404,0.4334,0.4998,Stationary
0.1849,0.0024,0.6691,0.2362,Tap_Pattern
0.5188,0.9436,0.9943,0.0628,Micro_Vibration
0.5282,0.2833,0.9391,0.5197,Tap_Pattern
0.7729,0.4323,0.2485,0.882,Micro_Vibration
0.7391,0.5437,0.299,0.6994,Micro_Vibration
0.2939,0.7429,0.4048,0.2921,Walking
0.1489,0.8162,0.307,0.8482,Walking
0.4631,0.5588,0.7665,0.765,Tap_Pattern
0.5993,0.4341,0.2396,0.5939,Walking
0.5183,0.6831,0.5497,0.4436,Walking
0.2726,0.5665,0.3111,0.5265,Stationary
0.306,0.9499,0.384,0.6099,Walking
0.2493,0.8104,0.3303,0.4372,Walking
0.6536,0.196,0.2791,0.9415,Tap_Pattern
0.7922,0.5833,0.0111,0.5555,Tap_Pattern
0.2683,0.9552,0.3886,0.4183,Stationary
0.9587,0.1217,0.9864,0.1821,Micro_Vibration
0.5765,0.7907,0.243,0.7721,Micro_Vibration
0.2663,0.5602,0.1374,0.9033,Micro_Vibration
0.4677,0.2304,0.707,0.7735,Stationary
0.9812,0.6755,0.0643,0.5147,Tap_Pattern
0.9199,0.7068,0.9894,0.9637,Tap_Pattern
0.5014,0.0515,0.2655,0.3297,Tap_Pattern
0.6865,0.9134,0.3256,0.7756,Tap_Pattern
0.6517,0.6661,0.7908,0.3718,Tap_Pattern
0.5024,0.5616,0.0021,0.8867,Walking
0.0671,0.7348,0.9166,0.6372,Tap_Pattern
0.6517,0.2611,0.2554,0.6017,Micro_Vibration
0.9681,0.9155,0.1656,0.0364,Tap_Pattern
0.1074,0.9621,0.3551,0.8828,Walking
0.1776,0.0615,0.1509,0.9807,Tap_Pattern
0.4431,0.4559,0.0998,0.3687,Stationary
0.2496,0.0828,0.5744,0.5716,Walking
0.6707,0.6574,0.8045,0.4088,Stationary
0.2354,0.3166,0.8522,0.3195,Stationary
0.6259,0.9889,0.9124,0.833,Tap_Pattern
0.899,0.4108,0.9951,0.1862,Tap_Pattern
0.6716,0.6918,0.0476,0.2791,Micro_Vibration
0.2045,0.0958,0.4022,0.9201,Stationary
0.7367,0.4911,0.0382,0.1511,Stationary
0.5287,0.3496,0.9002,0.6543,Walking
0.5804,0.7666,0.3618,0.5986,Walking
0.8472,0.4731,0.7033,0.3513,Tap_Pattern
0.0957,0.1131,0.2899,0.3165,Micro_Vibration
0.0447,0.9422,0.0062,0.484,Walking
0.1235,0.0401,0.0768,0.5953,Micro_Vibration
0.8971,0.9784,0.1087,0.5498,Tap_Pattern
0.2875,0.8036,0.2012,0.4599,Walking
0.9983,0.2392,0.8344,0.0437,Micro_Vibration
0.0827,0.1263,0.282,0.7998,Micro_Vibration
0.4138,0.4112,0.3981,0.0432,Micro_Vibration
0.2012,0.0864,0.4138,0.3558,Stationary
0.4185,0.1455,0.4537,0.3318,Micro_Vibration
0.421,0.9402,0.8942,0.6745,Tap_Pattern
0.6291,0.4731,0.0574,0.4547,Walking
0.1127,0.0077,0.9602,0.9034,Tap_Pattern
0.5499,0.0417,0.579,0.3192,Stationary
0.7726,0.9715,0.0832,0.5226,Tap_Pattern
0.4536,0.6882,0.2026,0.1802,Micro_Vibration
0.365,0.7957,0.5743,0.2296,Micro_Vibration
0.0167,0.865,0.2726,0.2819,Walking
0.9683,0.8709,0.4186,0.4731,Stationary
0.8964,0.5817,0.1883,0.8607,Micro_Vibration
0.0321,0.2714,0.3959,0.2651,Walking
0.6281,0.6841,0.7392,0.5735,Micro_Vibration
0.7207,0.3046,0.8562,0.6524,Stationary
0.323,0.3048,0.5044,0.7791,Stationary
0.0499,0.2214,0.2844,0.7747,Micro_Vibration
0.2243,0.4166,0.764,0.0065,Tap_Pattern
0.7087,0.3683,0.3027,0.4655,Stationary
0.0029,0.8196,0.8997,0.1195,Walking
0.2333,0.9291,0.033,0.6468,Stationary
0.7863,0.0107,0.9667,0.2696,Stationary
0.1113,0.1839,0.7038,0.8738,Micro_Vibration
0.5518,0.68,0.805,0.8626,Tap_Pattern
0.0925,0.6419,0.8468,0.3741,Stationary
0.454,0.6051,0.375,0.3546,Stationary
0.4936,0.7395,0.9679,0.7742,Micro_Vibration
0.0305,0.7014,0.981,0.6856,Walking
0.8925,0.5897,0.7745,0.6066,Micro_Vibration
0.2473,0.6505,0.4881,0.2119,Tap_Pattern
0.2875,0.4996,0.5191,0.7134,Walking
0.7227,0.0432,0.3504,0.7174,Walking
0.9281,0.8701,0.828,0.9791,Walking
0.5709,0.9314,0.3686,0.0215,Tap_Pattern
0.8525,0.9905,0.865,0.0067,Walking
0.392,0.8693,0.469,0.8807,Walking
0.4254,0.6526,0.7212,0.4502,Micro_Vibration
0.4107,0.7601,0.9782,0.8302,Tap_Pattern
0.7876,0.8191,0.0649,0.5611,Stationary
0.7395,0.0264,0.6064,0.9393,Micro_Vibration
0.436,0.0032,0.6494,0.5896,Stationary
0.8146,0.0672,0.4674,0.049,Micro_Vibration
0.9947,0.4996,0.4062,0.1681,Stationary
0.3447,0.844,0.6683,0.6903,Tap_Pattern
0.4649,0.4909,0.4958,0.0498,Walking
0.671,0.4641,0.6977,0.5065,Stationary
0.1052,0.3359,0.6475,0.7729,Tap_Pattern
0.3059,0.0282,0.4909,0.2023,Walking
0.9618,0.362,0.6954,0.5629,Stationary
0.9905,0.8174,0.1493,0.3541,Stationary
0.9709,0.3684,0.2402,0.9275,Tap_Pattern
0.7971,0.7306,0.7824,0.6098,Walking
0.0449,0.496,0.1058,0.467,Walking
0.8793,0.7225,0.4161,0.4729,Walking
0.5413,0.551,0.7308,0.4901,Tap_Pattern
0.2621,0.4493,0.9804,0.4991,Micro_Vibration
0.3738,0.9849,0.9285,0.6667,Walking
0.6546,0.3069,0.537,0.3728,Tap_Pattern
0.7517,0.1774,0.1446,0.0361,Stationary
0.6116,0.0616,0.38,0.2542,Stationary
0.1487,0.8099,0.1119,0.089,Tap_Pattern
0.9622,0.5752,0.2108,0.239,Stationary
0.2129,0.0763,0.7647,0.4784,Micro_Vibration
0.0396,0.6414,0.5304,0.5156,Tap_Pattern
0.3739,0.2354,0.8431,0.1779,Micro_Vibration
0.0533,0.5982,0.2768,0.5489,Tap_Pattern
0.2536,0.5042,0.1137,0.5585,Tap_Pattern
0.5909,0.6645,0.197,0.746,Stationary
0.4521,0.5706,0.1652,0.1275,Micro_Vibration
0.0827,0.6448,0.5107,0.3356,Stationary
0.7932,0.5677,0.2769,0.7212,Tap_Pattern
0.3735,0.758,0.6484,0.3163,Tap_Pattern
0.6927,0.4949,0.4825,0.845,Stationary
0.4587,0.2038,0.9146,0.6693,Micro_Vibration
0.3018,0.3193,0.3497,0.5029,Stationary
0.0687,0.3304,0.3517,0.857,Micro_Vibration
0.8999,0.4594,0.0502,0.2717,Stationary
0.7331,0.1881,0.5915,0.8546,Tap_Pattern
0.6437,0.9918,0.1865,0.6118,Micro_Vibration
0.1995,0.1004,0.5358,0.8899,Tap_Pattern
0.9765,0.8066,0.5371,0.3245,Tap_Pattern
0.5726,0.2723,0.774,0.5792,Walking
0.266,0.1062,0.7858,0.0675,Walking
0.1459,0.4868,0.7487,0.4739,Micro_Vibration
0.3488,0.8415,0.1503,0.9208,Stationary
0.1068,0.5246,0.071,0.5457,Tap_Pattern
0.6113,0.9381,0.6415,0.2141,Micro_Vibration
0.7627,0.8627,0.5862,0.3697,Walking
0.2101,0.3067,0.5028,0.6342,Stationary
0.0892,0.7166,0.0376,0.1887,Tap_Pattern
0.3694,0.0532,0.0925,0.9777,Tap_Pattern
0.2863,0.933,0.6871,0.3843,Walking
0.8322,0.3343,0.3233,0.4162,Micro_Vibration
0.0032,0.1779,0.1234,0.2305,Walking
0.793,0.623,0.6958,0.1441,Micro_Vibration
0.5696,0.004,0.8365,0.0834,Tap_Pattern
0.2461,0.2951,0.2762,0.383,Stationary
0.9183,0.8014,0.9259,0.8332,Walking
0.4723,0.0496,0.662,0.4171,Micro_Vibration
0.9263,0.5255,0.9853,0.0515,Walking
0.1084,0.1899,0.1335,0.2598,Stationary
0.7402,0.0005,0.1705,0.2911,Stationary
0.4876,0.3994,0.383,0.0416,Walking
0.4361,0.6645,0.0859,0.7319,Walking
0.2698,0.1917,0.6741,0.4348,Walking
0.7308,0.0123,0.5179,0.9805,Stationary
0.3287,0.4311,0.759,0.3195,Stationary
0.4392,0.6126,0.667,0.727,Micro_Vibration
0.5658,0.7039,0.1777,0.803,Micro_Vibration
0.1702,0.8144,0.8628,0.6431,Stationary
0.6504,0.16,0.5829,0.6076,Stationary
0.2902,0.2842,0.7511,0.2164,Walking
0.6934,0.3968,0.5772,0.1896,Stationary
0.2845,0.1684,0.3214,0.0057,Stationary
0.8288,0.8208,0.0305,0.4502,Stationary
0.1521,0.6193,0.5061,0.3027,Walking
0.4358,0.9797,0.5135,0.5206,Tap_Pattern
0.364,0.2973,0.0741,0.5425,Tap_Pattern
0.1866,0.7993,0.1246,0.6621,Tap_Pattern
0.8869,0.3269,0.6067,0.1018,Tap_Pattern
0.3122,0.2731,0.6393,0.1238,Walking
0.1914,0.1495,0.1137,0.6546,Stationary
0.0984,0.0616,0.3146,0.1374,Stationary
0.3593,0.8288,0.5336,0.1708,Micro_Vibration
0.2898,0.5431,0.9341,0.9728,Micro_Vibration
0.1476,0.7265,0.7348,0.2518,Micro_Vibration
0.9427,0.4766,0.0817,0.2427,Micro_Vibration
0.01,0.1394,0.2469,0.835,Walking
0.1589,0.5369,0.441,0.0394,Tap_Pattern
0.4741,0.0296,0.7728,0.6191,Micro_Vibration
0.6518,0.6345,0.6611,0.59,Tap_Pattern
0.6398,0.9099,0.4266,0.3951,Tap_Pattern
0.3024,0.9713,0.7008,0.8957,Tap_Pattern
0.4868,0.1341,0.0397,0.6503,Micro_Vibration
0.7935,0.8428,0.0518,0.2411,Micro_Vibration
0.699,0.8825,0.3704,0.073,Tap_Pattern
0.9665,0.1446,0.7983,0.8043,Micro_Vibration
0.3447,0.1828,0.3464,0.8854,Tap_Pattern
0.7449,0.6664,0.5318,0.6709,Micro_Vibration
0.4854,0.844,0.7525,0.9535,Micro_Vibration
0.5809,0.3191,0.1853,0.5556,Stationary
0.8049,0.1693,0.9279,0.5766,Tap_Pattern
0.6481,0.9702,0.6266,0.7771,Tap_Pattern
0.5493,0.4265,0.0213,0.8846,Stationary
0.2742,0.6507,0.2322,0.9038,Tap_Pattern
0.7733,0.231,0.5211,0.6021,Micro_Vibration
0.0708,0.0806,0.4264,0.5786,Micro_Vibration
0.6745,0.6508,0.3187,0.3125,Tap_Pattern
0.7199,0.3462,0.8151,0.9834,Stationary
0.4956,0.375,0.7232,0.5516,Walking
0.5663,0.6586,0.6094,0.7924,Tap_Pattern
0.1978,0.3465,0.3779,0.4161,Tap_Pattern
0.1252,0.0707,0.5468,0.0115,Walking
0.912,0.3584,0.6109,0.8232,Walking
0.7398,0.2779,0.1713,0.9002,Walking
0.3366,0.1961,0.8461,0.1889,Stationary
0.7425,0.6123,0.351,0.0963,Tap_Pattern
0.2082,0.6888,0.1097,0.7477,Stationary
0.0259,0.4107,0.3086,0.1073,Micro_Vibration
0.9773,0.8067,0.4289,0.4019,Walking
0.7341,0.0098,0.8535,0.734,Walking
0.0649,0.2374,0.8829,0.9056,Micro_Vibration
0.2373,0.1343,0.8662,0.4869,Tap_Pattern
0.8684,0.9578,0.993,0.1987,Micro_Vibration
0.2165,0.8255,0.112,0.516,Tap_Pattern
0.0631,0.7925,0.5263,0.6221,Micro_Vibration
0.3533,0.8607,0.6747,0.7417,Walking
0.8773,0.9542,0.12,0.9032,Tap_Pattern
0.7492,0.948,0.4231,0.7574,Tap_Pattern
0.8911,0.2175,0.0877,0.6063,Micro_Vibration
0.2386,0.988,0.8977,0.9963,Tap_Pattern
0.162,0.2407,0.8164,0.732,Walking
0.7815,0.5815,0.2594,0.8305,Stationary
0.2349,0.9278,0.0955,0.8012,Micro_Vibration
0.705,0.2978,0.9518,0.7153,Stationary
0.9177,0.129,0.5008,0.3046,Walking
0.0237,0.0872,0.0455,0.5178,Tap_Pattern
0.0627,0.6344,0.4706,0.4456,Micro_Vibration
0.1837,0.0642,0.5679,0.5739,Stationary
0.2096,0.1284,0.0206,0.1877,Walking
0.6643,0.2558,0.7242,0.3068,Micro_Vibration
0.1045,0.4114,0.0663,0.045,Stationary
0.2942,0.3951,0.0656,0.629,Stationary
0.1993,0.2344,0.3664,0.96,Tap_Pattern
0.5712,0.1332,0.7208,0.7598,Micro_Vibration
0.6846,0.1279,0.232,0.9601,Tap_Pattern
0.755,0.9955,0.4643,0.6569,Tap_Pattern
0.3778,0.7811,0.7108,0.8007,Tap_Pattern
0.7153,0.9062,0.8232,0.4911,Tap_Pattern
0.7355,0.9178,0.8648,0.2177,Tap_Pattern
0.4647,0.0765,0.7898,0.6065,Stationary
0.533,0.5738,0.6147,0.6432,Micro_Vibration
0.0417,0.5067,0.2248,0.2749,Stationary
0.5869,0.3191,0.7393,0.4099,Stationary
0.6452,0.7904,0.8283,0.2233,Stationary
0.5386,0.8988,0.0306,0.9618,Tap_Pattern
0.7789,0.7279,0.0401,0.6264,Stationary
0.3478,0.4845,0.319,0.3315,Micro_Vibration
0.9072,0.106,0.9845,0.6376,Micro_Vibration
0.6617,0.7203,0.033,0.9005,Walking
0.601,0.7672,0.5835,0.4481,Walking
0.2517,0.9432,0.2279,0.314,Tap_Pattern
0.8964,0.0084,0.9771,0.7389,Stationary
0.7677,0.1972,0.5589,0.2791,Stationary
0.6868,0.3464,0.6824,0.3482,Walking
0.7558,0.6738,0.267,0.937,Stationary
0.4502,0.9391,0.5161,0.5935,Tap_Pattern
0.456,0.6985,0.5033,0.5256,Micro_Vibration
0.6443,0.8975,0.1354,0.9734,Stationary
0.7623,0.0313,0.0387,0.7796,Stationary
0.9256,0.0217,0.7561,0.3104,Stationary
0.9872,0.7823,0.295,0.1057,Tap_Pattern
0.3671,0.4918,0.6929,0.8925,Walking
0.0948,0.8877,0.9526,0.9856,Tap_Pattern
0.4089,0.0818,0.4184,0.951,Micro_Vibration
0.9599,0.1261,0.2923,0.8237,Tap_Pattern
0.0593,0.2588,0.5486,0.47,Stationary
0.8052,0.9797,0.5021,0.4662,Stationary
0.2309,0.157,0.4632,0.047,Walking
0.6596,0.2241,0.7547,0.4636,Micro_Vibration
0.308,0.3762,0.4231,0.5301,Tap_Pattern
0.6573,0.2564,0.8113,0.6793,Micro_Vibration
0.6391,0.057,0.7981,0.2276,Stationary
0.8028,0.4423,0.5948,0.7407,Micro_Vibration
0.2611,0.8415,0.1608,0.4671,Walking
0.8551,0.1212,0.9291,0.6801,Stationary
0.0932,0.426,0.9776,0.2451,Micro_Vibration
0.0837,0.2643,0.3573,0.379,Walking
0.0969,0.7871,0.1661,0.3672,Stationary
0.8975,0.4746,0.0216,0.2712,Tap_Pattern
0.2708,0.7288,0.1546,0.8883,Tap_Pattern
0.296,0.9725,0.7939,0.782,Walking
0.21,0.1381,0.0914,0.6494,Micro_Vibration
0.2055,0.073,0.3366,0.1092,Stationary
0.1135,0.836,0.901,0.6401,Stationary
0.3792,0.4888,0.2478,0.402,Micro_Vibration
0.0528,0.033,0.8711,0.1765,Walking
0.2648,0.6467,0.4238,0.9275,Micro_Vibration
0.7483,0.3655,0.2002,0.2655,Micro_Vibration
0.316,0.4244,0.1237,0.4094,Walking
0.6681,0.6212,0.7154,0.3111,Micro_Vibration
0.4131,0.7018,0.5339,0.851,Walking
0.3146,0.4386,0.774,0.8779,Micro_Vibration
0.4015,0.1273,0.6412,0.3687,Stationary
0.2697,0.612,0.817,0.6569,Stationary
0.183,0.1915,0.1949,0.5552,Micro_Vibration
0.8255,0.5112,0.6937,0.949,Walking
0.8759,0.1714,0.5179,0.3361,Tap_Pattern
0.3162,0.8729,0.7161,0.5085,Tap_Pattern
0.8083,0.3607,0.7884,0.8224,Micro_Vibration
0.3581,0.2805,0.7012,0.4923,Tap_Pattern
0.2531,0.7786,0.2735,0.3905,Micro_Vibration
0.0339,0.4271,0.8067,0.0488,Stationary
0.3865,0.5321,0.511,0.1357,Walking
0.5463,0.1259,0.7417,0.4575,Walking
0.8023,0.4968,0.5937,0.7852,Walking
0.9032,0.8653,0.6532,0.3798,Stationary
0.1397,0.0221,0.8464,0.0244,Micro_Vibration
0.8597,0.2533,0.9778,0.7311,Tap_Pattern
0.0435,0.7557,0.0604,0.8339,Micro_Vibration
0.1413,0.6322,0.2529,0.0311,Micro_Vibration
0.3971,0.1361,0.6684,0.8928,Stationary
0.7067,0.2966,0.1244,0.3942,Stationary
0.2176,0.3717,0.6491,0.2311,Walking
0.2465,0.6346,0.5085,0.5312,Walking
0.9378,0.4599,0.5732,0.1553,Micro_Vibration
0.4274,0.7864,0.4994,0.9103,Tap_Pattern
0.7259,0.3361,0.7984,0.6045,Walking
0.7113,0.354,0.4564,0.5071,Stationary
0.1733,0.7251,0.7256,0.493,Walking
0.6811,0.8632,0.801,0.4394,Stationary
0.5291,0.1327,0.1451,0.6828,Stationary
0.1614,0.5997,0.2087,0.8625,Micro_Vibration
0.4758,0.1024,0.4087,0.8157,Stationary
0.7664,0.2768,0.0404,0.7284,Tap_Pattern
0.3364,0.3666,0.0808,0.5524,Micro_Vibration
0.5046,0.957,0.9648,0.3502,Micro_Vibration
0.7073,0.8047,0.5319,0.6031,Stationary
0.4768,0.6498,0.6792,0.3385,Walking
0.1697,0.9463,0.5259,0.7182,Micro_Vibration
0.4424,0.9313,0.42,0.4815,Walking
0.1826,0.625,0.3183,0.265,Micro_Vibration
0.8199,0.9948,0.4568,0.7314,Micro_Vibration
0.7155,0.52,0.2159,0.4182,Micro_Vibration
0.0798,0.9585,0.1197,0.0119,Tap_Pattern
0.0014,0.441,0.1651,0.2575,Walking
0.9538,0.6969,0.3854,0.8772,Tap_Pattern
0.9713,0.9264,0.3433,0.8746,Stationary
0.3612,0.3565,0.2486,0.9696,Walking
0.1815,0.5603,0.5594,0.0655,Tap_Pattern
0.222,0.6653,0.5683,0.3614,Tap_Pattern
0.6227,0.8413,0.4671,0.85,Micro_Vibration
0.1055,0.1302,0.4763,0.1928,Walking
0.9413,0.7421,0.5172,0.0517,Micro_Vibration
0.6844,0.4539,0.9124,0.3731,Stationary
0.5255,0.412,0.7162,0.0003,Stationary
0.4721,0.1728,0.5608,0.6283,Stationary
0.8714,0.9438,0.1212,0.5843,Walking
0.3472,0.2453,0.996,0.6997,Tap_Pattern
0.7724,0.1314,0.2097,0.8129,Tap_Pattern
0.9461,0.115,0.3608,0.7896,Stationary
0.1977,0.1966,0.8191,0.5508,Stationary
0.7944,0.8637,0.886,0.283,Stationary
0.4649,0.0118,0.9547,0.7342,Stationary
0.9468,0.9328,0.0471,0.5132,Tap_Pattern
0.4936,0.3495,0.7007,0.4846,Walking
0.6828,0.3381,0.9909,0.5877,Stationary
0.3037,0.0431,0.6186,0.9087,Micro_Vibration
0.9013,0.3908,0.622,0.6772,Micro_Vibration
0.4453,0.5017,0.9554,0.1044,Stationary
0.288,0.6898,0.0394,0.7932,Micro_Vibration
0.6513,0.2704,0.6621,0.9133,Walking
0.9067,0.1462,0.487,0.3861,Micro_Vibration
0.9291,0.6048,0.2012,0.574,Walking
0.1066,0.7841,0.9215,0.7149,Tap_Pattern
0.4491,0.9687,0.4416,0.8944,Tap_Pattern
0.5636,0.7358,0.8649,0.6965,Walking
0.5329,0.4465,0.6206,0.9577,Stationary
0.0546,0.6456,0.9372,0.4577,Micro_Vibration
0.9783,0.2897,0.0916,0.4476,Micro_Vibration
0.6531,0.45,0.6112,0.317,Tap_Pattern
0.4727,0.0725,0.1601,0.575,Stationary
0.4312,0.266,0.6758,0.5976,Micro_Vibration
0.9263,0.2587,0.2468,0.9365,Stationary
0.2704,0.0027,0.0393,0.6283,Micro_Vibration
0.389,0.0683,0.509,0.4471,Tap_Pattern
0.7864,0.1784,0.4321,0.6972,Micro_Vibration
0.7569,0.8337,0.7735,0.9405,Micro_Vibration
0.6682,0.9485,0.159,0.9528,Walking
0.7763,0.1178,0.3642,0.891,Micro_Vibration
0.989,0.1543,0.2492,0.0269,Walking
0.4578,0.5059,0.5761,0.7877,Stationary
0.3674,0.1419,0.3049,0.3404,Tap_Pattern
0.3807,0.0069,0.5397,0.724,Stationary
0.8755,0.3336,0.4911,0.5377,Tap_Pattern
0.6534,0.0462,0.9537,0.0308,Walking
0.0732,0.9102,0.2459,0.6369,Walking
0.6542,0.125,0.5156,0.4337,Walking
0.6165,0.6797,0.998,0.4438,Tap_Pattern
0.8164,0.0276,0.4983,0.0435,Stationary
0.0249,0.2724,0.3773,0.8316,Micro_Vibration
0.2475,0.4451,0.9929,0.7839,Stationary
0.7296,0.6605,0.9918,0.8917,Walking
0.197,0.5598,0.0824,0.7282,Tap_Pattern
0.2384,0.9104,0.4584,0.1865,Stationary
0.9065,0.892,0.7079,0.8,Stationary
0.7391,0.255,0.3747,0.5016,Tap_Pattern
0.1219,0.1492,0.7603,0.7244,Walking
0.0671,0.1703,0.5059,0.8824,Stationary
0.2507,0.7258,0.6044,0.5006,Micro_Vibration
0.4183,0.7088,0.686,0.172,Micro_Vibration
0.1364,0.7138,0.5762,0.5852,Micro_Vibration
0.1227,0.5632,0.0238,0.461,Stationary
0.2116,0.9698,0.6618,0.0067,Walking
0.9481,0.2586,0.7806,0.4199,Tap_Pattern
0.0711,0.83,0.6668,0.1105,Tap_Pattern
0.6499,0.3799,0.0071,0.3157,Micro_Vibration
0.5767,0.8919,0.4019,0.8188,Walking
0.3706,0.6529,0.4916,0.7869,Tap_Pattern
0.7518,0.3995,0.3724,0.4738,Tap_Pattern
0.3849,0.8613,0.4807,0.394,Walking
0.1257,0.5001,0.7374,0.342,Micro_Vibration
0.5861,0.3109,0.8805,0.9266,Stationary
0.491,0.062,0.5732,0.5373,Tap_Pattern
0.5292,0.5933,0.5013,0.9961,Tap_Pattern
0.3606,0.7404,0.1417,0.0049,Stationary
0.6869,0.554,0.6923,0.4142,Micro_Vibration
0.5949,0.5362,0.7836,0.2322,Tap_Pattern
0.7851,0.2756,0.0617,0.8004,Micro_Vibration
0.3053,0.8608,0.4318,0.5842,Micro_Vibration
0.1622,0.8667,0.2569,0.0556,Stationary
0.544,0.1899,0.5667,0.8978,Micro_Vibration
0.8208,0.8968,0.1085,0.112,Walking
0.6686,0.4005,0.2516,0.5318,Walking
0.5231,0.3198,0.1334,0.2895,Micro_Vibration
0.5695,0.1043,0.0748,0.1929,Tap_Pattern
0.9364,0.3464,0.7075,0.5233,Walking
0.0729,0.4531,0.5719,0.5462,Tap_Pattern
0.7126,0.089,0.2415,0.3491,Tap_Pattern
0.9552,0.9139,0.432,0.8768,Micro_Vibration
0.8079,0.5426,0.8056,0.3554,Tap_Pattern
0.6643,0.0683,0.6533,0.9234,Walking
0.9446,0.3871,0.0459,0.1227,Stationary
0.7749,0.9161,0.4322,0.2637,Tap_Pattern
0.9343,0.3065,0.4705,0.7037,Micro_Vibration
0.5919,0.3933,0.8853,0.9359,Walking
0.1374,0.5252,0.3619,0.1169,Tap_Pattern
0.1912,0.4814,0.7269,0.6062,Stationary
0.0905,0.8777,0.1311,0.988,Tap_Pattern
0.8132,0.6067,0.0581,0.7866,Walking
0.8561,0.7412,0.8639,0.8367,Micro_Vibration
0.54,0.6604,0.1588,0.9151,Stationary
0.7758,0.8017,0.6369,0.5721,Walking
0.899,0.731,0.3827,0.8263,Walking
0.4171,0.1829,0.0357,0.3907,Tap_Pattern
0.408,0.6322,0.2358,0.2121,Walking
0.0365,0.1557,0.1886,0.1315,Micro_Vibration
0.323,0.6736,0.0913,0.2765,Micro_Vibration
0.0537,0.4945,0.3134,0.8551,Walking
0.0655,0.2737,0.1596,0.1411,Walking
0.5292,0.1896,0.9481,0.0493,Walking
0.3691,0.76,0.7456,0.2124,Micro_Vibration
0.9417,0.5155,0.855,0.6397,Tap_Pattern
0.0244,0.265,0.0039,0.9279,Micro_Vibration
0.086,0.9073,0.012,0.4842,Micro_Vibration
0.2356,0.3285,0.6895,0.9387,Micro_Vibration
0.7565,0.489,0.6296,0.2206,Tap_Pattern
0.3546,0.2573,0.3978,0.4376,Tap_Pattern
0.357,0.947,0.3376,0.31,Stationary
0.2881,0.9376,0.1797,0.3896,Tap_Pattern
0.1058,0.8913,0.2471,0.2172,Micro_Vibration
0.6072,0.1792,0.7078,0.8323,Stationary
0.3457,0.9337,0.0982,0.8847,Micro_Vibration
0.6366,0.5694,0.4367,0.4725,Walking
0.5042,0.8916,0.8124,0.4732,Micro_Vibration
0.7049,0.8322,0.0699,0.1316,Stationary
0.221,0.919,0.6887,0.1096,Tap_Pattern
0.3466,0.2424,0.6968,0.3626,Tap_Pattern
0.668,0.0875,0.2878,0.1808,Stationary
0.4214,0.6733,0.983,0.0336,Tap_Pattern
0.8564,0.7216,0.3252,0.0888,Stationary
0.7171,0.8342,0.1896,0.2512,Micro_Vibration
0.3923,0.2901,0.2103,0.1604,Tap_Pattern
0.5882,0.2529,0.1563,0.7601,Stationary
0.6315,0.4634,0.1502,0.9198,Tap_Pattern
0.398,0.5002,0.3191,0.4618,Stationary
0.8472,0.5073,0.8825,0.446,Walking
0.6687,0.1064,0.6016,0.2183,Walking
0.218,0.0143,0.588,0.8995,Tap_Pattern
0.2117,0.9755,0.3421,0.7309,Tap_Pattern
0.6454,0.4758,0.4459,0.3307,Tap_Pattern
0.3697,0.4132,0.4794,0.5527,Walking
0.9639,0.6542,0.2413,0.2742,Tap_Pattern
0.6377,0.2202,0.7117,0.82,Walking
0.6485,0.9721,0.6702,0.8557,Walking
0.9383,0.7712,0.3342,0.7486,Micro_Vibration
0.3329,0.4655,0.4951,0.3136,Stationary
0.8176,0.5147,0.1082,0.7291,Tap_Pattern
0.3959,0.6746,0.359,0.817,Walking
0.9131,0.4084,0.7891,0.0126,Micro_Vibration
0.7053,0.4477,0.3148,0.1823,Tap_Pattern
0.7368,0.5158,0.6374,0.0883,Micro_Vibration
0.184,0.8873,0.3261,0.7324,Walking
0.3531,0.9178,0.6339,0.8392,Micro_Vibration
0.4532,0.1305,0.4847,0.4132,Walking
0.0701,0.1439,0.4296,0.214,Micro_Vibration
0.6188,0.4719,0.5451,0.2207,Tap_Pattern
0.1553,0.5903,0.1427,0.0161,Micro_Vibration
0.3617,0.7572,0.3114,0.9789,Micro_Vibration
0.6061,0.1662,0.638,0.0329,Walking
0.5678,0.8978,0.557,0.0256,Tap_Pattern
0.6769,0.6676,0.81,0.1981,Stationary
0.9211,0.4678,0.9338,0.6592,Walking
0.7515,0.4029,0.687,0.024,Tap_Pattern
0.5058,0.3107,0.3992,0.9805,Tap_Pattern
0.6076,0.6878,0.222,0.9293,Stationary
0.68,0.5651,0.3093,0.518,Micro_Vibration
0.8788,0.7434,0.9054,0.0164,Walking
0.3354,0.1808,0.7871,0.4272,Tap_Pattern
0.7928,0.377,0.5656,0.8503,Micro_Vibration
0.8072,0.7781,0.3274,0.7344,Micro_Vibration
0.4878,0.632,0.3042,0.8279,Tap_Pattern
0.9218,0.82,0.6057,0.1656,Stationary
0.7277,0.2705,0.1768,0.781,Micro_Vibration
0.2533,0.2514,0.8778,0.4304,Tap_Pattern
0.1054,0.3534,0.9373,0.2983,Tap_Pattern
0.0869,0.0482,0.3784,0.5132,Micro_Vibration
0.5022,0.5489,0.7578,0.7462,Tap_Pattern
0.9426,0.6161,0.1694,0.9719,Walking
0.8895,0.7539,0.6802,0.7963,Walking
0.0834,0.9571,0.6216,0.324,Stationary
0.2295,0.2997,0.047,0.5614,Micro_Vibration
0.6954,0.2353,0.1015,0.2476,Stationary
0.1213,0.5793,0.1906,0.4689,Stationary
0.8045,0.6454,0.79,0.2035,Tap_Pattern
0.6025,0.785,0.6316,0.6099,Stationary
0.0911,0.6734,0.1578,0.9304,Stationary
0.0768,0.2151,0.5012,0.3671,Stationary
0.0059,0.1533,0.5799,0.3638,Micro_Vibration
0.0732,0.1948,0.8137,0.395,Micro_Vibration
0.6789,0.2911,0.0049,0.5533,Stationary
0.168,0.0455,0.2444,0.5493,Tap_Pattern
0.4839,0.035,0.1124,0.6224,Stationary
0.8976,0.9486,0.0977,0.7733,Tap_Pattern
0.6356,0.3989,0.5753,0.6893,Stationary
0.6992,0.6903,0.6562,0.6389,Stationary
0.9512,0.3762,0.3428,0.9595,Micro_Vibration
0.8208,0.1742,0.294,0.3089,Micro_Vibration
0.2572,0.2187,0.8639,0.9097,Tap_Pattern
0.1137,0.9131,0.3126,0.7188,Walking
0.4354,0.1153,0.4652,0.6264,Tap_Pattern
0.0108,0.4826,0.533,0.1864,Stationary
0.8438,0.0532,0.6232,0.6568,Stationary
0.861,0.5453,0.7271,0.283,Stationary
0.1787,0.2049,0.1133,0.6661,Stationary
0.025,0.8611,0.8704,0.2147,Walking
0.6979,0.5464,0.1388,0.736,Walking
0.1869,0.4509,0.1602,0.1476,Stationary
0.8841,0.0883,0.1117,0.4367,Walking
0.7255,0.1656,0.9546,0.7451,Micro_Vibration
0.8905,0.4941,0.0266,0.7493,Stationary
0.4009,0.5055,0.1129,0.433,Tap_Pattern
0.7947,0.742,0.4114,0.1357,Stationary
0.1795,0.0959,0.1888,0.397,Walking
0.754,0.4323,0.2339,0.0157,Micro_Vibration
0.0408,0.5734,0.0837,0.6858,Walking
0.2087,0.8571,0.2829,0.6737,Walking
0.7919,0.0776,0.5219,0.7793,Stationary
0.6647,0.0275,0.3224,0.3197,Walking
0.5018,0.1638,0.2912,0.9291,Tap_Pattern
0.0623,0.7817,0.5042,0.4362,Tap_Pattern
0.0495,0.0069,0.6551,0.2272,Stationary
0.6504,0.3927,0.6599,0.8308,Walking
0.9338,0.2323,0.3277,0.8958,Stationary
0.4976,0.1634,0.167,0.6412,Tap_Pattern
0.2424,0.7251,0.5485,0.5647,Stationary
0.8468,0.5471,0.2363,0.0109,Stationary
0.09,0.1577,0.8264,0.2556,Tap_Pattern
0.8954,0.8498,0.5342,0.073,Stationary
0.3639,0.1788,0.0415,0.3148,Stationary
0.6744,0.638,0.8319,0.8559,Tap_Pattern
0.802,0.719,0.4609,0.6683,Walking
0.5408,0.9392,0.8578,0.5667,Tap_Pattern
0.9521,0.6308,0.0896,0.8942,Walking
0.8295,0.4478,0.6602,0.0252,Walking
0.543,0.0802,0.2465,0.9827,Stationary
0.5775,0.9139,0.0998,0.7531,Walking
0.8209,0.3353,0.4069,0.7957,Tap_Pattern
0.4647,0.4161,0.0712,0.8605,Micro_Vibration
0.268,0.3991,0.029,0.4839,Micro_Vibration
0.7901,0.4499,0.3064,0.0751,Tap_Pattern
0.87,0.4667,0.7985,0.1289,Micro_Vibration
0.6655,0.5551,0.2516,0.9852,Micro_Vibration
0.3053,0.5048,0.1622,0.4604,Micro_Vibration
0.3226,0.1896,0.1488,0.6173,Walking
0.6361,0.6443,0.1826,0.2678,Tap_Pattern
0.7838,0.3608,0.502,0.1747,Tap_Pattern
0.9573,0.6194,0.8764,0.1902,Walking
0.7006,0.8917,0.627,0.1634,Walking
0.03,0.8156,0.2427,0.503,Tap_Pattern
0.1954,0.6064,0.5285,0.7658,Walking
0.5337,0.2666,0.6773,0.2485,Micro_Vibration
0.3191,0.7588,0.7961,0.3468,Micro_Vibration
0.6028,0.5531,0.5529,0.6615,Tap_Pattern
0.166,0.9712,0.4733,0.3335,Micro_Vibration
0.8304,0.8569,0.895,0.9391,Micro_Vibration
0.0565,0.1044,0.4241,0.2458,Stationary
0.1167,0.6912,0.1332,0.3744,Micro_Vibration
0.2554,0.689,0.3434,0.9723,Tap_Pattern
0.2118,0.1713,0.8687,0.5566,Micro_Vibration
0.8869,0.195,0.4594,0.2833,Walking
0.3638,0.7992,0.1172,0.9078,Walking
0.2034,0.8713,0.934,0.0841,Stationary
0.4672,0.2651,0.5759,0.293,Walking
0.4781,0.2888,0.7653,0.0811,Walking
0.1796,0.6255,0.3003,0.2376,Stationary
0.8992,0.0746,0.624,0.123,Tap_Pattern
0.2731,0.4911,0.6105,0.9021,Tap_Pattern
0.2883,0.5866,0.8784,0.9907,Micro_Vibration
0.2532,0.7284,0.3232,0.6518,Tap_Pattern
0.3747,0.6451,0.812,0.3601,Stationary
0.0612,0.3161,0.1192,0.3686,Stationary
0.7969,0.2202,0.278,0.8834,Micro_Vibration
0.9174,0.8977,0.0487,0.9579,Micro_Vibration
0.2601,0.7402,0.9976,0.0257,Stationary
0.1403,0.4045,0.2999,0.9501,Tap_Pattern
0.5351,0.6806,0.9785,0.9398,Walking
0.2056,0.0474,0.818,0.071,Walking
0.6319,0.0132,0.4207,0.7434,Tap_Pattern
0.1142,0.0265,0.809,0.5949,Tap_Pattern
0.2423,0.4459,0.3095,0.1024,Micro_Vibration
0.799,0.7958,0.5189,0.4911,Stationary
0.3858,0.009,0.0775,0.7727,Tap_Pattern
0.0835,0.5813,0.1024,0.9004,Walking
0.0022,0.7271,0.191,0.4153,Stationary
0.9098,0.7615,0.1872,0.9828,Micro_Vibration
0.5579,0.8114,0.5411,0.7892,Micro_Vibration
0.6389,0.1128,0.1727,0.5542,Stationary
0.2643,0.702,0.548,0.141,Stationary
0.8505,0.6185,0.7629,0.6179,Tap_Pattern
0.5053,0.2613,0.0324,0.0617,Stationary
0.2859,0.2783,0.2697,0.2574,Stationary
0.6416,0.2228,0.4883,0.2467,Tap_Pattern
0.0677,0.9798,0.5788,0.1697,Walking
0.7399,0.7087,0.5996,0.457,Walking
0.6597,0.6975,0.2133,0.7535,Tap_Pattern
0.7023,0.6088,0.1704,0.2296,Walking
0.3144,0.4779,0.4692,0.8208,Micro_Vibration
0.39,0.4345,0.469,0.7199,Stationary
0.0404,0.5866,0.6052,0.7298,Stationary
0.3165,0.7719,0.8173,0.2299,Stationary
0.9752,0.341,0.8085,0.7421,Micro_Vibration
0.5307,0.7675,0.6327,0.619,Tap_Pattern
0.4255,0.0151,0.6174,0.2115,Walking
0.6765,0.9072,0.3928,0.9068,Walking
0.8453,0.7972,0.0871,0.0886,Walking
0.1295,0.1652,0.1368,0.3108,Walking
0.9149,0.5264,0.8764,0.1307,Walking
0.3452,0.2934,0.5017,0.9827,Micro_Vibration
0.3217,0.3735,0.3364,0.8011,Micro_Vibration
0.4706,0.4532,0.7299,0.5907,Stationary
0.823,0.7227,0.4174,0.6818,Walking
0.7734,0.3227,0.8961,0.4858,Walking
0.5601,0.7495,0.7267,0.7274,Micro_Vibration
0.3303,0.1705,0.9432,0.9382,Walking
0.4193,0.7931,0.8457,0.0514,Tap_Pattern
0.8054,0.7729,0.8521,0.8519,Micro_Vibration
0.6212,0.5626,0.7608,0.9921,Walking
0.8774,0.209,0.6242,0.4964,Stationary
0.1422,0.8199,0.6648,0.3394,Stationary
0.4377,0.0588,0.2622,0.0897,Stationary
0.9413,0.2829,0.4149,0.7398,Tap_Pattern
0.8889,0.2214,0.6947,0.3407,Micro_Vibration
0.6757,0.6083,0.4821,0.7054,Walking
0.161,0.2843,0.0703,0.1308,Tap_Pattern
0.7478,0.0218,0.0596,0.3542,Stationary
0.3979,0.2461,0.2635,0.4076,Stationary
0.5272,0.4982,0.496,0.4488,Micro_Vibration
0.6507,0.9019,0.9966,0.8931,Micro_Vibration
0.659,0.6915,0.0411,0.1024,Stationary
0.481,0.8044,0.8054,0.0483,Micro_Vibration
0.2023,0.8283,0.8034,0.2314,Walking
0.2919,0.0868,0.6501,0.2498,Tap_Pattern
0.0542,0.1807,0.0159,0.6049,Micro_Vibration
0.0872,0.4712,0.5533,0.0483,Micro_Vibration
0.6842,0.0668,0.5804,0.9298,Tap_Pattern
0.7249,0.7232,0.4132,0.9395,Tap_Pattern
0.4549,0.8533,0.3421,0.9541,Tap_Pattern
0.3112,0.3486,0.3308,0.8856,Micro_Vibration
0.2502,0.9627,0.1108,0.3308,Walking
0.202,0.7715,0.7219,0.1079,Stationary
0.1397,0.6243,0.5742,0.3715,Micro_Vibration
0.8226,0.5374,0.7316,0.1353,Micro_Vibration
0.1886,0.9462,0.0822,0.3652,Stationary
0.3113,0.6548,0.3149,0.7467,Stationary
0.4645,0.1433,0.2504,0.4322,Tap_Pattern
0.0142,0.44,0.7173,0.3198,Stationary
0.7464,0.297,0.815,0.4775,Micro_Vibration
0.1074,0.9363,0.9786,0.9592,Micro_Vibration
0.7348,0.255,0.1358,0.6973,Tap_Pattern
0.2492,0.1743,0.2819,0.4368,Walking
0.8251,0.9182,0.3449,0.6667,Micro_Vibration
0.2289,0.7976,0.9578,0.5072,Micro_Vibration
0.454,0.7684,0.1608,0.5462,Walking
0.5307,0.7665,0.6026,0.0846,Walking
0.8302,0.3582,0.0826,0.6787,Walking
0.6249,0.0672,0.7069,0.584,Walking
0.8362,0.3936,0.9998,0.9984,Tap_Pattern
0.2514,0.3214,0.2383,0.5842,Stationary
0.2578,0.9685,0.1699,0.873,Tap_Pattern
0.4955,0.3655,0.2556,0.8906,Stationary
0.5021,0.4699,0.4881,0.6875,Stationary
0.1249,0.6849,0.3758,0.9389,Micro_Vibration
0.4235,0.1433,0.6417,0.3437,Stationary
0.7429,0.9076,0.6977,0.0573,Walking
0.666,0.4614,0.9003,0.0325,Tap_Pattern
0.2413,0.7011,0.4234,0.6729,Stationary
0.4136,0.2216,0.2981,0.7465,Micro_Vibration
0.8019,0.7458,0.3853,0.2682,Tap_Pattern
0.3236,0.1775,0.3453,0.6476,Micro_Vibration
0.8692,0.7603,0.7544,0.4899,Walking
0.9204,0.9595,0.6801,0.4229,Tap_Pattern
0.5211,0.5081,0.3475,0.7427,Stationary
0.6926,0.3648,0.4159,0.4164,Tap_Pattern
0.4146,0.9858,0.8915,0.9804,Micro_Vibration
0.4206,0.7463,0.388,0.4073,Stationary
0.3416,0.8826,0.3136,0.6956,Stationary
0.8636,0.0718,0.2071,0.3342,Micro_Vibration
0.1874,0.2608,0.3715,0.0746,Micro_Vibration
0.3732,0.607,0.0674,0.1287,Micro_Vibration
0.6412,0.4297,0.5675,0.8457,Walking
0.558,0.7598,0.8774,0.5797,Walking
0.5256,0.5711,0.8273,0.6275,Tap_Pattern
0.7395,0.0853,0.4249,0.2245,Walking
0.162,0.627,0.2599,0.2049,Micro_Vibration
0.1804,0.3475,0.5634,0.0786,Walking
0.1331,0.0043,0.1205,0.4827,Tap_Pattern
0.5864,0.7185,0.01,0.4879,Micro_Vibration
0.973,0.7531,0.0905,0.8255,Tap_Pattern
0.2437,0.9962,0.6516,0.8369,Walking
0.6674,0.2262,0.3883,0.4201,Micro_Vibration
0.1738,0.0121,0.1886,0.4172,Micro_Vibration
0.6412,0.3528,0.4548,0.3916,Walking
0.1662,0.608,0.3094,0.0649,Walking
0.8799,0.8381,0.7099,0.2171,Micro_Vibration
0.4688,0.0185,0.7524,0.3085,Micro_Vibration
0.7094,0.3046,0.6948,0.3809,Walking
0.1273,0.7246,0.787,0.8391,Stationary
0.1159,0.5149,0.7528,0.0129,Micro_Vibration
0.8348,0.54,0.6867,0.4293,Walking
0.5056,0.985,0.9666,0.6613,Walking
0.1999,0.6494,0.6646,0.0641,Stationary
0.0939,0.9301,0.5025,0.0786,Tap_Pattern
0.7952,0.03,0.9393,0.6375,Tap_Pattern
0.3849,0.2285,0.6509,0.9385,Walking
0.4802,0.5071,0.65,0.1584,Walking
0.5815,0.2799,0.0102,0.2011,Tap_Pattern
0.6111,0.7171,0.6678,0.6012,Stationary
0.8326,0.4906,0.2187,0.6329,Micro_Vibration
0.6663,0.1077,0.2009,0.7105,Walking
0.1261,0.6893,0.9529,0.33,Tap_Pattern
0.8305,0.582,0.3423,0.8133,Micro_Vibration
0.0545,0.4028,0.4548,0.0616,Stationary
0.1258,0.8581,0.398,0.1518,Walking
0.7955,0.6036,0.5005,0.16,Micro_Vibration
0.5077,0.8995,0.9093,0.9069,Stationary
0.328,0.2765,0.4668,0.4967,Walking
0.5743,0.2461,0.7259,0.4082,Walking
0.4405,0.8391,0.1377,0.9022,Micro_Vibration
0.9588,0.7031,0.805,0.3867,Walking
0.6565,0.7084,0.5636,0.8146,Micro_Vibration
0.5627,0.5619,0.2635,0.7787,Micro_Vibration
0.6709,0.7447,0.256,0.8584,Tap_Pattern
0.4803,0.8088,0.4093,0.3951,Micro_Vibration
0.9186,0.5361,0.4369,0.6253,Stationary
0.7769,0.9566,0.9156,0.707,Stationary
0.6974,0.5943,0.7203,0.7448,Micro_Vibration
0.1416,0.2083,0.697,0.973,Walking
0.9593,0.7568,0.7566,0.3836,Stationary
0.9237,0.5792,0.2848,0.1542,Tap_Pattern
0.0307,0.3829,0.5619,0.3272,Micro_Vibration
0.4098,0.7055,0.4927,0.0416,Tap_Pattern
0.1358,0.6689,0.0291,0.8579,Micro_Vibration
0.9264,0.712,0.5506,0.5491,Stationary
0.1579,0.7584,0.5778,0.4269,Tap_Pattern
0.4286,0.2198,0.1639,0.0175,Tap_Pattern
0.2235,0.7743,0.5033,0.9869,Tap_Pattern
0.3616,0.483,0.46,0.1006,Stationary
0.3475,0.6594,0.326,0.8055,Micro_Vibration
0.589,0.4891,0.034,0.2606,Tap_Pattern
0.2012,0.244,0.3925,0.7258,Stationary
0.5903,0.7427,0.3417,0.9877,Tap_Pattern
0.7463,0.2411,0.6611,0.7551,Tap_Pattern
0.5338,0.0581,0.1608,0.2123,Stationary
0.1366,0.5898,0.1761,0.8391,Tap_Pattern
0.1278,0.2721,0.4953,0.5084,Stationary
0.6864,0.5636,0.5157,0.3059,Stationary
0.7796,0.3861,0.832,0.6084,Tap_Pattern
0.7686,0.013,0.0256,0.9164,Stationary
0.9662,0.9252,0.4507,0.5191,Walking
0.2576,0.441,0.7583,0.2318,Walking
0.7285,0.2831,0.8445,0.7532,Micro_Vibration
0.8203,0.6362,0.0324,0.6044,Stationary
0.2107,0.5744,0.318,0.5752,Tap_Pattern
0.0677,0.219,0.1092,0.9591,Walking
0.2938,0.9325,0.5416,0.2531,Micro_Vibration
0.3585,0.0678,0.0866,0.903,Stationary
0.1963,0.3534,0.3002,0.748,Walking
0.1661,0.5774,0.0631,0.1814,Tap_Pattern
0.6214,0.7383,0.5896,0.7287,Micro_Vibration
0.7603,0.1395,0.5578,0.7097,Tap_Pattern
0.9873,0.3892,0.4302,0.9937,Tap_Pattern
0.8314,0.8415,0.5236,0.9379,Stationary
0.8942,0.7811,0.8314,0.0167,Micro_Vibration
0.5642,0.8181,0.4704,0.2179,Tap_Pattern
0.2868,0.6691,0.6525,0.0213,Stationary
0.5105,0.4075,0.1611,0.7562,Micro_Vibration
0.6336,0.8726,0.8189,0.7056,Micro_Vibration
0.3848,0.3819,0.5098,0.8775,Tap_Pattern
0.1224,0.9334,0.5592,0.5509,Stationary
0.2225,0.8249,0.1054,0.8127,Tap_Pattern
0.0565,0.4377,0.4491,0.8422,Tap_Pattern
0.0715,0.1366,0.7043,0.8739,Micro_Vibration
0.7632,0.8746,0.0591,0.1561,Tap_Pattern
0.3196,0.4379,0.0335,0.5035,Micro_Vibration
0.2382,0.836,0.2092,0.013,Tap_Pattern
0.4888,0.4822,0.5946,0.6434,Walking
0.7596,0.4721,0.9288,0.378,Walking
0.7506,0.4653,0.1893,0.4049,Tap_Pattern
0.4766,0.2588,0.3635,0.6944,Walking
0.3164,0.4526,0.7655,0.3554,Walking
0.9726,0.2972,0.8109,0.8236,Micro_Vibration
0.9831,0.3231,0.7203,0.6547,Stationary
0.7072,0.8164,0.3653,0.1042,Stationary
0.8189,0.3147,0.4328,0.8932,Micro_Vibration
0.5434,0.3443,0.3198,0.4278,Tap_Pattern
0.4944,0.0371,0.3683,0.661,Stationary
0.9706,0.5446,0.504,0.2095,Stationary
0.8595,0.2233,0.4339,0.7025,Micro_Vibration
0.7594,0.32,0.9531,0.0516,Walking
0.7466,0.8999,0.3768,0.6882,Micro_Vibration
0.7774,0.5781,0.2442,0.6237,Walking
0.1384,0.7693,0.4521,0.339,Walking
0.8636,0.8738,0.7225,0.8532,Micro_Vibration
0.4024,0.5354,0.0076,0.6398,Micro_Vibration
0.9615,0.9954,0.739,0.908,Tap_Pattern
0.0887,0.1101,0.5253,0.6717,Micro_Vibration
0.7153,0.688,0.9093,0.3778,Tap_Pattern
0.9586,0.2509,0.418,0.8054,Micro_Vibration
0.6326,0.0246,0.6845,0.3445,Walking
0.4696,0.7574,0.7521,0.6951,Tap_Pattern
0.5266,0.5708,0.8678,0.918,Micro_Vibration
0.1789,0.5719,0.2805,0.7719,Micro_Vibration
0.9332,0.7017,0.1395,0.7537,Stationary
0.867,0.7643,0.8553,0.1854,Micro_Vibration
0.6852,0.2507,0.7323,0.9114,Walking
0.2746,0.3681,0.0644,0.5392,Micro_Vibration
0.3183,0.8975,0.8878,0.9163,Stationary
0.2613,0.0036,0.8905,0.3472,Micro_Vibration
0.028,0.9046,0.1585,0.1507,Tap_Pattern
0.1908,0.6677,0.8711,0.0091,Tap_Pattern
0.5796,0.755,0.9512,0.3603,Stationary
0.4266,0.7932,0.5842,0.4367,Micro_Vibration
0.0924,0.1478,0.7391,0.3667,Tap_Pattern
0.1726,0.5399,0.9072,0.3137,Walking
0.9604,0.2103,0.4383,0.0505,Micro_Vibration
0.2109,0.5766,0.851,0.5444,Micro_Vibration
0.5207,0.7914,0.6399,0.3951,Micro_Vibration
0.3929,0.078,0.2024,0.0164,Walking
0.3874,0.1031,0.1577,0.3941,Micro_Vibration
0.5141,0.0143,0.9447,0.701,Tap_Pattern
0.3116,0.0491,0.8254,0.284,Tap_Pattern
0.2813,0.0807,0.0903,0.807,Micro_Vibration
0.2541,0.652,0.2226,0.9972,Stationary
0.2287,0.095,0.7133,0.6897,Tap_Pattern
0.412,0.7686,0.4315,0.9847,Micro_Vibration
0.5242,0.3628,0.3182,0.0724,Stationary
0.5334,0.3313,0.6153,0.9264,Tap_Pattern
0.1523,0.8951,0.352,0.7638,Stationary
0.6339,0.5115,0.527,0.0798,Tap_Pattern
0.7311,0.7741,0.7475,0.7398,Stationary
0.1827,0.3895,0.0061,0.4188,Stationary
0.6371,0.4422,0.6125,0.3355,Stationary
0.909,0.7191,0.8912,0.1341,Walking
0.2775,0.9644,0.4164,0.6265,Walking
0.3194,0.4706,0.9299,0.8484,Micro_Vibration
0.9092,0.4306,0.056,0.1777,Walking
0.1529,0.2115,0.5248,0.195,Walking
0.7425,0.8471,0.014,0.0763,Stationary
0.6422,0.0153,0.4641,0.1715,Walking
0.024,0.2439,0.6588,0.9905,Stationary
0.8405,0.4337,0.0943,0.5409,Micro_Vibration
0.9301,0.6571,0.7762,0.4996,Stationary
0.2547,0.5749,0.3168,0.2555,Stationary
0.1707,0.9191,0.8664,0.695,Walking
0.7537,0.579,0.1566,0.8207,Micro_Vibration
0.5076,0.6715,0.5489,0.3565,Micro_Vibration
0.0476,0.5865,0.9994,0.3542,Stationary
0.8447,0.8729,0.5475,0.1202,Micro_Vibration
0.4171,0.4301,0.3342,0.0455,Walking
0.7592,0.4772,0.228,0.7125,Walking
0.7498,0.6001,0.2317,0.6008,Micro_Vibration
0.0542,0.8183,0.688,0.1688,Stationary
0.7419,0.1684,0.2506,0.3974,Micro_Vibration
0.7883,0.2397,0.2304,0.9603,Walking
0.0473,0.9126,0.9488,0.9695,Micro_Vibration
0.4818,0.393,0.2569,0.5961,Walking
0.1544,0.7313,0.7575,0.7374,Stationary
0.1911,0.9853,0.5227,0.6406,Stationary
0.2875,0.4115,0.2458,0.128,Stationary
0.5153,0.8121,0.3327,0.0572,Walking
0.9374,0.5112,0.4956,0.1058,Stationary
0.8363,0.1179,0.1253,0.2114,Tap_Pattern
0.1704,0.0594,0.052,0.2531,Walking
0.4705,0.6909,0.568,0.6918,Tap_Pattern
0.1249,0.9397,0.8541,0.0099,Micro_Vibration
0.71,0.3565,0.5279,0.8897,Walking
0.9154,0.53,0.3296,0.9334,Micro_Vibration
0.4789,0.7807,0.5989,0.4049,Stationary
0.4425,0.2191,0.3784,0.0581,Walking
0.8512,0.7949,0.2633,0.148,Stationary
0.5432,0.193,0.5168,0.2107,Micro_Vibration
0.3556,0.8576,0.7905,0.6784,Walking
0.0047,0.2159,0.2471,0.365,Tap_Pattern
0.0182,0.3959,0.7742,0.3286,Tap_Pattern
0.3735,0.6899,0.4306,0.5606,Stationary
0.217,0.7406,0.4274,0.4004,Stationary
0.4599,0.1495,0.8342,0.5535,Micro_Vibration
0.3383,0.4875,0.8864,0.1567,Micro_Vibration
0.7559,0.2202,0.2092,0.6241,Walking
0.2403,0.3667,0.7405,0.8825,Tap_Pattern
0.0418,0.6535,0.9817,0.1882,Tap_Pattern
0.8797,0.2903,0.8651,0.093,Walking
0.6194,0.6024,0.8358,0.3046,Walking
0.2723,0.4894,0.672,0.6542,Tap_Pattern
0.0369,0.7609,0.9528,0.0399,Tap_Pattern
0.4588,0.0679,0.31,0.8229,Tap_Pattern
0.9767,0.3364,0.4793,0.4507,Tap_Pattern
0.0941,0.9295,0.6633,0.7733,Walking
0.0212,0.4701,0.9085,0.4015,Stationary
0.9225,0.5189,0.7458,0.2933,Stationary
0.7058,0.4969,0.8837,0.4293,Walking
0.8904,0.0317,0.8555,0.9119,Stationary
0.8978,0.5029,0.793,0.4563,Tap_Pattern
0.8019,0.6774,0.4243,0.9232,Stationary
0.3872,0.5063,0.181,0.4102,Walking
0.7632,0.1187,0.2637,0.859,Tap_Pattern
0.9967,0.9172,0.4196,0.933,Stationary
0.9409,0.385,0.8092,0.6942,Stationary
0.5532,0.1436,0.7702,0.8401,Micro_Vibration
0.8495,0.7581,0.6238,0.8479,Walking
0.9118,0.1646,0.5775,0.6738,Stationary
0.6245,0.4043,0.6382,0.2922,Walking
0.6774,0.5603,0.3347,0.3679,Tap_Pattern
0.7133,0.0617,0.7948,0.2145,Tap_Pattern
0.2032,0.5296,0.3684,0.4036,Tap_Pattern
0.0218,0.8216,0.4352,0.6223,Walking
0.2553,0.71,0.8474,0.271,Walking
0.0023,0.0591,0.7342,0.0362,Tap_Pattern
0.3696,0.0451,0.2384,0.8615,Stationary
0.0509,0.4228,0.969,0.0404,Tap_Pattern
0.1589,0.4111,0.7406,0.1765,Walking
0.7492,0.3055,0.4535,0.2061,Walking
0.2586,0.5887,0.4854,0.8228,Micro_Vibration
0.8961,0.3748,0.797,0.6421,Tap_Pattern
0.6897,0.8124,0.4079,0.824,Walking
0.9918,0.4454,0.9396,0.5087,Tap_Pattern
0.8363,0.7022,0.94,0.9675,Micro_Vibration
0.9547,0.4843,0.0669,0.0598,Walking
0.1875,0.587,0.6959,0.3546,Stationary
0.7961,0.6932,0.4956,0.1204,Walking
0.195,0.4013,0.7679,0.1068,Walking
0.9284,0.7006,0.2572,0.963,Micro_Vibration
0.3502,0.9541,0.0589,0.2935,Micro_Vibration
0.9004,0.409,0.3968,0.4942,Walking
0.1477,0.7764,0.0006,0.1105,Micro_Vibration
0.8813,0.5757,0.7066,0.6885,Stationary
0.4391,0.213,0.9575,0.0093,Walking
0.1784,0.6963,0.1573,0.7207,Stationary
0.6876,0.2107,0.5478,0.1007,Tap_Pattern
0.4619,0.1355,0.8646,0.8482,Tap_Pattern
0.0346,0.7382,0.312,0.9508,Tap_Pattern
0.6403,0.9913,0.5746,0.3186,Walking
0.9956,0.2727,0.4825,0.3355,Stationary
0.8262,0.384,0.4674,0.8913,Micro_Vibration
0.9811,0.0448,0.2042,0.6204,Tap_Pattern
0.6937,0.1075,0.71,0.7029,Stationary
0.6631,0.1848,0.9103,0.2376,Stationary
0.7016,0.8708,0.4713,0.0936,Micro_Vibration
0.1547,0.7708,0.0554,0.8139,Tap_Pattern
0.3839,0.4354,0.9701,0.2865,Stationary
0.3243,0.7359,0.1788,0.1568,Stationary
0.6916,0.4119,0.5652,0.2213,Micro_Vibration
0.7013,0.945,0.5006,0.4343,Stationary
0.4664,0.6655,0.3657,0.8895,Micro_Vibration
0.976,0.5193,0.9536,0.4531,Micro_Vibration
0.1157,0.3782,0.8065,0.8573,Tap_Pattern
0.2966,0.3322,0.3723,0.4088,Walking
0.1191,0.4405,0.9929,0.3478,Walking
0.9818,0.0084,0.964,0.1564,Walking
0.0361,0.3985,0.4927,0.7978,Walking
0.0926,0.7724,0.3437,0.6736,Tap_Pattern
0.6558,0.9328,0.318,0.3971,Micro_Vibration
0.8743,0.2465,0.4309,0.035,Micro_Vibration
0.3347,0.3458,0.3662,0.4826,Tap_Pattern
0.6948,0.3632,0.866,0.2008,Walking
0.588,0.2179,0.8351,0.1727,Micro_Vibration
0.2671,0.8683,0.8072,0.3342,Stationary
0.669,0.6244,0.4925,0.6877,Stationary
0.1974,0.2688,0.7633,0.3967,Tap_Pattern
0.0769,0.1487,0.6999,0.9159,Walking
0.2483,0.8124,0.1275,0.6751,Walking
0.9029,0.7738,0.0391,0.6765,Stationary
0.9802,0.0024,0.2698,0.691,Micro_Vibration
0.5829,0.4427,0.6154,0.5352,Stationary
0.7744,0.5556,0.8797,0.6583,Micro_Vibration
0.4474,0.7909,0.302,0.666,Stationary
0.8095,0.8942,0.5153,0.4875,Micro_Vibration
0.0083,0.0142,0.8517,0.3236,Stationary
0.3297,0.6544,0.9893,0.0418,Stationary
0.2678,0.1926,0.2826,0.8394,Walking
0.994,0.5529,0.7411,0.6949,Stationary
0.3391,0.9809,0.7102,0.3413,Tap_Pattern
0.8104,0.5913,0.038,0.1844,Stationary
0.7779,0.9997,0.0972,0.7017,Walking
0.418,0.8897,0.9608,0.0751,Walking
0.9057,0.9628,0.8295,0.7758,Micro_Vibration
0.5057,0.149,0.6854,0.7272,Micro_Vibration
0.3965,0.1587,0.457,0.8087,Walking
0.5848,0.6902,0.321,0.0749,Micro_Vibration
0.3888,0.862,0.1486,0.2447,Stationary
0.724,0.2597,0.4327,0.4173,Walking
0.4954,0.9015,0.12,0.4196,Walking
0.491,0.8606,0.5123,0.0966,Stationary
0.2854,0.5747,0.3454,0.0573,Micro_Vibration
0.9271,0.5698,0.7538,0.2907,Stationary
0.3979,0.3517,0.5284,0.1442,Walking
0.19,0.8877,0.7689,0.847,Stationary
0.4718,0.1477,0.2712,0.7275,Tap_Pattern
0.3855,0.094,0.1863,0.0987,Micro_Vibration
0.6695,0.5685,0.8147,0.9324,Walking
0.49,0.3206,0.3969,0.504,Stationary
0.6878,0.8552,0.2001,0.2454,Stationary
0.5181,0.369,0.6335,0.9255,Micro_Vibration
0.6753,0.4738,0.5304,0.5646,Stationary
0.5895,0.0152,0.6119,0.3729,Micro_Vibration
0.1778,0.6643,0.5979,0.8102,Tap_Pattern
0.4356,0.1632,0.24,0.5389,Stationary
0.8062,0.47,0.2307,0.2543,Micro_Vibration
0.613,0.6073,0.7526,0.3444,Walking
0.6348,0.4703,0.561,0.7484,Stationary
0.161,0.9619,0.9283,0.8502,Micro_Vibration
0.894,0.0177,0.8609,0.4971,Stationary
0.4205,0.564,0.3629,0.9142,Micro_Vibration
0.7489,0.6605,0.5714,0.2675,Micro_Vibration
0.7769,0.6669,0.2776,0.994,Walking
0.6965,0.6213,0.0307,0.217,Micro_Vibration
0.736,0.1237,0.5286,0.838,Tap_Pattern
0.9663,0.8567,0.6371,0.8884,Tap_Pattern
0.6397,0.9597,0.257,0.4821,Micro_Vibration
0.7512,0.7124,0.0976,0.6619,Stationary
0.2953,0.5513,0.5093,0.2469,Tap_Pattern
0.8462,0.1734,0.0178,0.0849,Tap_Pattern
0.4688,0.4757,0.6209,0.3458,Micro_Vibration
0.1884,0.9332,0.9324,0.1425,Walking
0.2117,0.226,0.616,0.1339,Micro_Vibration
0.3601,0.7642,0.4769,0.77,Tap_Pattern
0.4562,0.3621,0.6745,0.0479,Stationary
0.6584,0.5212,0.8773,0.1867,Stationary
0.9357,0.282,0.309,0.9953,Micro_Vibration
0.711,0.1896,0.2303,0.8271,Tap_Pattern
0.542,0.5055,0.2977,0.8113,Stationary
0.7581,0.7958,0.2854,0.3312,Micro_Vibration
0.3685,0.503,0.5941,0.4471,Tap_Pattern
0.056,0.3833,0.7016,0.7223,Micro_Vibration
0.6825,0.1777,0.3403,0.1308,Stationary
0.1502,0.9733,0.3172,0.4073,Tap_Pattern
0.7127,0.7041,0.4742,0.9503,Tap_Pattern
0.7461,0.4451,0.4523,0.6645,Stationary
0.5198,0.7617,0.5168,0.4345,Tap_Pattern
0.7463,0.0784,0.2248,0.5742,Walking
0.7803,0.328,0.7852,0.1351,Stationary
0.1148,0.5603,0.7483,0.1729,Walking
0.9612,0.0517,0.6188,0.4606,Tap_Pattern
0.4874,0.4225,0.401,0.1967,Tap_Pattern
0.8833,0.3531,0.7658,0.5627,Tap_Pattern
0.679,0.5702,0.708,0.554,Micro_Vibration
0.8101,0.7943,0.0203,0.5501,Stationary
0.0232,0.0302,0.7424,0.1779,Tap_Pattern
0.6678,0.5962,0.3951,0.3197,Walking
0.4884,0.5862,0.1077,0.867,Stationary
0.5651,0.3975,0.0982,0.6973,Stationary
0.6638,0.0079,0.7132,0.6312,Walking
0.5148,0.4837,0.1834,0.1566,Micro_Vibration
0.4838,0.6734,0.6411,0.8766,Tap_Pattern
0.4235,0.7038,0.1285,0.2974,Micro_Vibration
0.8535,0.9499,0.3453,0.4566,Tap_Pattern
0.1553,0.3319,0.18,0.2171,Walking
0.2057,0.943,0.3275,0.9445,Tap_Pattern
0.3731,0.4475,0.4841,0.4443,Walking
0.9032,0.787,0.1301,0.7992,Walking
0.532,0.4821,0.0481,0.6656,Stationary
0.2996,0.6471,0.4376,0.0922,Stationary
0.4703,0.4774,0.6295,0.6857,Micro_Vibration
0.8675,0.0298,0.7885,0.0853,Stationary
0.4814,0.2642,0.3943,0.8874,Tap_Pattern
0.6042,0.4975,0.6685,0.4746,Stationary
0.4595,0.7507,0.1703,0.768,Walking
0.39,0.5005,0.8097,0.7826,Stationary
0.218,0.3483,0.1972,0.9302,Walking
0.7151,0.8836,0.3259,0.4455,Tap_Pattern
0.4896,0.3202,0.0105,0.9696,Stationary
0.7461,0.6612,0.1759,0.6886,Walking
0.8117,0.8411,0.268,0.726,Stationary
0.1834,0.3789,0.2603,0.6977,Micro_Vibration
0.6563,0.6702,0.2365,0.7709,Tap_Pattern
0.1761,0.9621,0.4414,0.3945,Walking
0.2557,0.5801,0.7621,0.5831,Stationary
0.6295,0.8368,0.3932,0.9921,Micro_Vibration
0.9988,0.0617,0.3939,0.3901,Stationary
0.7925,0.0538,0.6788,0.3888,Stationary
0.4453,0.4623,0.741,0.9601,Stationary
0.8711,0.8393,0.5014,0.0904,Walking
0.7651,0.892,0.1954,0.9322,Tap_Pattern
0.7486,0.9936,0.631,0.6044,Walking
0.931,0.4827,0.6286,0.1632,Walking
0.5807,0.5441,0.4407,0.4688,Stationary
0.3346,0.2982,0.5927,0.7142,Stationary
0.4742,0.9857,0.6934,0.9199,Tap_Pattern
0.609,0.6013,0.0961,0.2924,Micro_Vibration
0.974,0.9408,0.0095,0.6569,Micro_Vibration
0.2169,0.6954,0.1049,0.9806,Tap_Pattern
0.5093,0.195,0.8154,0.4207,Micro_Vibration
0.0643,0.4346,0.545,0.5357,Stationary
0.3597,0.482,0.6932,0.7418,Stationary
0.5263,0.1728,0.6254,0.3744,Walking
0.7965,0.7529,0.4729,0.6664,Walking
0.336,0.6,0.1551,0.6927,Walking
0.8829,0.6908,0.3232,0.4902,Stationary
0.8696,0.8982,0.195,0.7838,Micro_Vibration
0.7678,0.5469,0.8698,0.1773,Micro_Vibration
0.7974,0.3568,0.1437,0.8539,Tap_Pattern
0.1039,0.7262,0.1939,0.8028,Tap_Pattern
0.3003,0.9432,0.4105,0.6642,Tap_Pattern
0.2661,0.277,0.3599,0.0338,Micro_Vibration
0.8969,0.2454,0.7582,0.9233,Stationary
0.9987,0.9492,0.726,0.0493,Stationary
0.9346,0.4802,0.4031,0.3105,Walking
0.7502,0.7472,0.3384,0.1111,Stationary
0.3201,0.0105,0.0015,0.9045,Tap_Pattern
0.4865,0.4918,0.9662,0.2536,Tap_Pattern
0.0794,0.2121,0.5314,0.7719,Tap_Pattern
0.3769,0.8301,0.7858,0.2957,Walking
0.2422,0.2193,0.3003,0.4442,Walking
0.7438,0.4084,0.2289,0.9527,Micro_Vibration
0.1562,0.8653,0.6924,0.9199,Micro_Vibration
0.502,0.6161,0.0743,0.0005,Micro_Vibration
0.4849,0.2067,0.8861,0.4987,Walking
0.9869,0.0503,0.9636,0.1153,Walking
0.0087,0.9083,0.0039,0.4732,Tap_Pattern
0.0264,0.4782,0.9091,0.5637,Micro_Vibration
0.5952,0.2697,0.9495,0.4868,Micro_Vibration
0.9765,0.4097,0.0161,0.5326,Walking
0.5806,0.6065,0.0931,0.7514,Tap_Pattern
0.977,0.2318,0.4358,0.205,Tap_Pattern
0.6455,0.5272,0.524,0.8062,Walking
0.9032,0.8721,0.4527,0.2447,Walking
0.9592,0.2639,0.7926,0.6009,Tap_Pattern
0.0645,0.4351,0.8443,0.3201,Walking
0.4789,0.4775,0.4834,0.237,Micro_Vibration
0.0794,0.2223,0.2742,0.4551,Walking
0.3835,0.8148,0.7854,0.9175,Stationary
0.9278,0.756,0.8326,0.4691,Walking
0.4928,0.8705,0.5379,0.9734,Micro_Vibration
0.7305,0.814,0.0405,0.779,Stationary
0.3237,0.0123,0.2867,0.7394,Tap_Pattern
0.2301,0.3221,0.3643,0.0324,Stationary
0.5717,0.2772,0.9256,0.2904,Micro_Vibration
0.8597,0.7394,0.4693,0.9807,Micro_Vibration
0.6101,0.247,0.8833,0.0553,Tap_Pattern
0.3362,0.2022,0.8773,0.1947,Walking
0.6125,0.4723,0.9327,0.8212,Stationary
0.5703,0.9975,0.1564,0.1859,Stationary
0.5944,0.9162,0.5253,0.5601,Walking
0.6329,0.5042,0.8596,0.1463,Tap_Pattern
0.9842,0.4651,0.9394,0.2476,Tap_Pattern
0.4557,0.581,0.813,0.7247,Tap_Pattern
0.8455,0.4119,0.5692,0.6573,Tap_Pattern
0.5032,0.3259,0.335,0.0111,Stationary
0.6861,0.2923,0.996,0.6618,Tap_Pattern
0.7043,0.6006,0.1571,0.6098,Stationary
0.6863,0.0172,0.4414,0.2313,Micro_Vibration
0.6897,0.1476,0.3557,0.4486,Micro_Vibration
0.3456,0.3858,0.0157,0.6212,Stationary
0.7378,0.4254,0.1211,0.4588,Walking
0.2033,0.5511,0.7706,0.7251,Tap_Pattern
0.1646,0.8015,0.3157,0.0906,Tap_Pattern
0.6706,0.9822,0.6713,0.3042,Tap_Pattern
0.3293,0.3154,0.2005,0.5506,Stationary
0.3646,0.7417,0.3387,0.6267,Micro_Vibration
0.4374,0.2169,0.6192,0.371,Tap_Pattern
0.7408,0.9737,0.3492,0.7975,Stationary
0.4087,0.4154,0.1817,0.7795,Stationary
0.3176,0.5475,0.5528,0.7814,Micro_Vibration
0.4835,0.9443,0.9369,0.2244,Micro_Vibration
0.1116,0.9785,0.725,0.1706,Stationary
0.2227,0.1034,0.2413,0.8708,Tap_Pattern
0.6885,0.5664,0.8289,0.5292,Micro_Vibration
0.0333,0.5593,0.6835,0.5019,Tap_Pattern
0.7784,0.763,0.9289,0.4234,Micro_Vibration
0.199,0.3947,0.336,0.4138,Tap_Pattern
0.4748,0.3714,0.934,0.5641,Tap_Pattern
0.7847,0.735,0.7534,0.3271,Stationary
0.8109,0.3185,0.7451,0.6388,Tap_Pattern
0.4814,0.6589,0.3538,0.0119,Stationary
0.1788,0.6884,0.8031,0.5332,Stationary
0.0258,0.5406,0.3202,0.3253,Tap_Pattern
0.1512,0.3426,0.5039,0.7561,Tap_Pattern
0.6293,0.0465,0.0213,0.2881,Stationary
0.0164,0.2863,0.3698,0.7892,Walking
0.5799,0.1169,0.379,0.523,Stationary
0.4281,0.6805,0.1146,0.3433,Walking
0.6297,0.9692,0.0893,0.6479,Stationary
0.7046,0.4405,0.6544,0.045,Stationary
0.8717,0.3119,0.552,0.0339,Micro_Vibration
0.1301,0.4776,0.4061,0.8918,Stationary
0.9269,0.3844,0.607,0.3078,Micro_Vibration
0.332,0.6491,0.7391,0.8523,Stationary
0.9203,0.2253,0.6554,0.2112,Micro_Vibration
0.4034,0.4872,0.8708,0.3044,Walking
0.7712,0.9163,0.0973,0.0384,Micro_Vibration
0.2357,0.0646,0.7632,0.2968,Micro_Vibration
0.2606,0.6469,0.872,0.6126,Tap_Pattern
0.4014,0.2478,0.6075,0.7704,Stationary
0.2598,0.2117,0.9072,0.7101,Stationary
0.2732,0.9729,0.9022,0.5501,Tap_Pattern
0.4958,0.1657,0.3162,0.3016,Tap_Pattern
0.1095,0.4375,0.5646,0.502,Tap_Pattern
0.2108,0.4978,0.0139,0.59,Stationary
0.8875,0.9696,0.9592,0.911,Stationary
0.2229,0.0178,0.8579,0.5456,Tap_Pattern
0.6027,0.6794,0.5495,0.3648,Stationary
0.381,0.3255,0.9275,0.3851,Micro_Vibration
0.3697,0.2316,0.1548,0.3492,Tap_Pattern
0.108,0.4414,0.5935,0.4524,Micro_Vibration
0.7703,0.1618,0.7559,0.8864,Walking
0.9279,0.7918,0.6389,0.9418,Tap_Pattern
0.2801,0.0371,0.0599,0.5641,Tap_Pattern
0.1197,0.9037,0.652,0.0896,Walking
0.774,0.094,0.4243,0.8938,Micro_Vibration
0.3827,0.9437,0.0825,0.8343,Walking
0.4478,0.8967,0.333,0.8482,Walking
0.7661,0.37,0.4301,0.2839,Walking
0.6822,0.5002,0.6329,0.5996,Tap_Pattern
0.7385,0.2858,0.986,0.257,Stationary
0.8352,0.932,0.8178,0.5577,Walking
0.5949,0.4851,0.4286,0.0209,Micro_Vibration
0.8106,0.808,0.4442,0.5942,Walking
0.7359,0.3125,0.1736,0.4752,Tap_Pattern
0.0024,0.8016,0.2813,0.6759,Walking
0.4366,0.8449,0.8935,0.0034,Micro_Vibration
0.4353,0.124,0.3523,0.2824,Walking
0.3532,0.3854,0.557,0.1434,Tap_Pattern
0.7199,0.8311,0.2078,0.2558,Stationary
0.8631,0.3601,0.0724,0.0089,Walking
0.2732,0.1325,0.9677,0.362,Micro_Vibration
0.8663,0.3393,0.3678,0.9026,Stationary
0.5106,0.2739,0.8768,0.9227,Stationary
0.4386,0.4708,0.1513,0.1881,Walking
0.0326,0.664,0.6566,0.2119,Stationary
0.7333,0.2482,0.4067,0.1584,Micro_Vibration
0.2438,0.8784,0.1254,0.4472,Tap_Pattern
0.439,0.4344,0.6144,0.9115,Stationary
0.5806,0.8445,0.7623,0.5374,Tap_Pattern
0.6402,0.4578,0.2942,0.686,Walking
0.2685,0.6106,0.7874,0.2013,Tap_Pattern
0.3466,0.8848,0.157,0.8663,Tap_Pattern
0.4089,0.2606,0.815,0.9639,Stationary
0.9098,0.3303,0.4043,0.4227,Tap_Pattern
0.6462,0.2092,0.1867,0.1914,Tap_Pattern
0.1234,0.7132,0.777,0.8743,Tap_Pattern
0.4502,0.0148,0.2433,0.0412,Micro_Vibration
0.5546,0.534,0.1894,0.1018,Walking
0.7955,0.6647,0.887,0.0958,Stationary
0.1054,0.4028,0.5406,0.0113,Micro_Vibration
0.4234,0.5377,0.8687,0.8713,Micro_Vibration
0.5007,0.8365,0.7376,0.6146,Walking
0.955,0.072,0.3536,0.7749,Micro_Vibration
0.5634,0.5442,0.0942,0.4847,Walking
0.8091,0.8603,0.5798,0.0845,Tap_Pattern
0.7749,0.0123,0.4202,0.1833,Tap_Pattern
0.3532,0.2897,0.0379,0.1411,Micro_Vibration
0.8097,0.3109,0.9519,0.5522,Micro_Vibration
0.1446,0.9236,0.3369,0.6383,Micro_Vibration
0.8688,0.8938,0.9617,0.0993,Micro_Vibration
0.3374,0.9555,0.1254,0.0603,Walking
0.0332,0.3231,0.4801,0.6135,Tap_Pattern
0.9232,0.0177,0.1359,0.6151,Stationary
0.0372,0.9988,0.4776,0.3538,Tap_Pattern
0.531,0.4184,0.3742,0.9806,Micro_Vibration
0.4187,0.0929,0.3913,0.93,Micro_Vibration
0.1137,0.042,0.9538,0.471,Micro_Vibration
0.0539,0.6859,0.4534,0.9235,Micro_Vibration
0.5786,0.195,0.01,0.8937,Micro_Vibration
0.0262,0.052,0.8455,0.7389,Tap_Pattern
0.1771,0.7961,0.4824,0.6325,Walking
0.4924,0.5137,0.3264,0.6533,Micro_Vibration
0.0631,0.1682,0.2284,0.1172,Walking
0.9393,0.1527,0.7847,0.2072,Micro_Vibration
0.5749,0.6706,0.1747,0.7709,Walking
0.0372,0.2967,0.6708,0.676,Walking
0.4893,0.8833,0.2916,0.6409,Tap_Pattern
0.7874,0.361,0.2683,0.5461,Stationary
0.4756,0.6292,0.8302,0.1737,Walking
0.7535,0.2167,0.4111,0.5987,Micro_Vibration
0.478,0.3504,0.9781,0.6496,Stationary
0.2801,0.9181,0.5442,0.5397,Walking
0.0387,0.8745,0.4998,0.4648,Stationary
0.6171,0.0542,0.1883,0.4438,Micro_Vibration
0.095,0.8788,0.7936,0.7659,Stationary
0.2828,0.2095,0.11,0.7574,Tap_Pattern
0.5807,0.2646,0.1155,0.0834,Tap_Pattern
0.031,0.8867,0.6772,0.989,Micro_Vibration
0.3269,0.0071,0.9359,0.1664,Micro_Vibration
0.8095,0.3832,0.6866,0.2071,Tap_Pattern
0.7432,0.1305,0.3863,0.8379,Micro_Vibration
0.2311,0.3791,0.2928,0.9041,Micro_Vibration
0.1903,0.0078,0.4754,0.6911,Stationary
0.6021,0.5821,0.3164,0.9212,Walking
0.0462,0.7624,0.6037,0.6368,Walking
0.0288,0.0736,0.896,0.0116,Walking
0.4131,0.441,0.8086,0.6377,Micro_Vibration
0.8026,0.9977,0.3648,0.3691,Tap_Pattern
0.7998,0.2386,0.1821,0.1094,Stationary
0.1501,0.1857,0.9285,0.5273,Tap_Pattern
0.4789,0.0978,0.3969,0.3265,Tap_Pattern
0.0217,0.2949,0.1676,0.1933,Tap_Pattern
0.4403,0.2875,0.6643,0.58,Walking
0.4708,0.4984,0.1916,0.1285,Tap_Pattern
0.8637,0.624,0.6181,0.8359,Walking
0.1632,0.985,0.3159,0.4646,Stationary
0.401,0.7287,0.8619,0.0986,Stationary
0.3172,0.9571,0.0936,0.2581,Walking
0.116,0.2928,0.806,0.3118,Walking
0.8868,0.9662,0.4396,0.0744,Micro_Vibration
0.4437,0.9231,0.47,0.8416,Walking
0.0924,0.8914,0.0005,0.4099,Walking
0.3103,0.9439,0.6547,0.5427,Tap_Pattern
0.7403,0.0049,0.2542,0.8928,Stationary
0.9331,0.4033,0.9064,0.4615,Tap_Pattern
0.1043,0.6503,0.0368,0.1035,Micro_Vibration
0.4519,0.5323,0.8571,0.6647,Stationary
0.4551,0.0296,0.2444,0.3179,Tap_Pattern
0.3577,0.8386,0.2595,0.0307,Stationary
0.6657,0.8521,0.9299,0.9109,Walking
0.8558,0.7811,0.7228,0.7096,Tap_Pattern
0.553,0.9593,0.8518,0.0751,Tap_Pattern
0.8701,0.2058,0.7623,0.1725,Stationary
0.8362,0.2535,0.9986,0.3171,Walking
0.6589,0.9426,0.1445,0.9096,Micro_Vibration
0.1269,0.9523,0.0624,0.4254,Walking
0.1263,0.0733,0.0792,0.9206,Walking
0.4003,0.2243,0.8067,0.9414,Walking
0.0978,0.7017,0.6134,0.2381,Tap_Pattern
0.3909,0.1469,0.8455,0.4952,Tap_Pattern
0.2571,0.1883,0.9254,0.0985,Tap_Pattern
0.7521,0.2703,0.7925,0.0095,Stationary
0.7791,0.6456,0.288,0.0961,Micro_Vibration
0.4758,0.9994,0.6533,0.9313,Walking
0.6408,0.7428,0.7898,0.6327,Stationary
0.9465,0.5433,0.8478,0.0455,Tap_Pattern
0.5355,0.5766,0.6845,0.3212,Tap_Pattern
0.0535,0.5574,0.766,0.2274,Stationary
0.2743,0.6955,0.3227,0.8587,Walking
0.6387,0.4885,0.8378,0.2404,Walking
0.7021,0.3711,0.6544,0.653,Tap_Pattern
0.2486,0.7591,0.4778,0.0938,Tap_Pattern
0.502,0.3603,0.8361,0.3628,Micro_Vibration
0.0765,0.8087,0.7024,0.797,Walking
0.0488,0.9835,0.7952,0.2143,Stationary
0.0826,0.7476,0.5183,0.6214,Tap_Pattern
0.2687,0.0178,0.6202,0.1692,Stationary
0.3276,0.7878,0.9381,0.0325,Walking
0.4831,0.5705,0.5022,0.5306,Tap_Pattern
0.7299,0.3906,0.5053,0.3967,Micro_Vibration
0.741,0.6063,0.6351,0.1719,Stationary
0.426,0.6354,0.0904,0.3463,Walking
0.0352,0.69,0.7237,0.8986,Tap_Pattern
0.1775,0.488,0.6461,0.8925,Stationary
0.5105,0.5327,0.7357,0.6561,Tap_Pattern
0.5023,0.2014,0.7621,0.1501,Stationary
0.4603,0.5826,0.6027,0.8782,Micro_Vibration
0.7785,0.8808,0.2097,0.9556,Micro_Vibration
0.3293,0.486,0.137,0.0023,Micro_Vibration
0.5191,0.344,0.7567,0.4289,Tap_Pattern
0.1749,0.4605,0.1161,0.9649,Stationary
0.1895,0.7912,0.4968,0.7084,Micro_Vibration
0.144,0.3155,0.4919,0.6995,Walking
0.1799,0.7844,0.6762,0.3095,Micro_Vibration
0.0119,0.2526,0.0347,0.5939,Tap_Pattern
0.2609,0.3696,0.5082,0.0655,Walking
0.1435,0.0504,0.8594,0.3293,Micro_Vibration
0.6631,0.8469,0.33,0.9523,Stationary
0.8635,0.5747,0.3589,0.8484,Tap_Pattern
0.4944,0.8007,0.7061,0.2237,Walking
0.6714,0.1821,0.2109,0.585,Tap_Pattern
0.149,0.5206,0.6268,0.4223,Stationary
0.1277,0.1486,0.2394,0.1037,Stationary
0.2394,0.2075,0.1069,0.4754,Micro_Vibration
0.373,0.7649,0.0444,0.8685,Tap_Pattern
0.9743,0.2789,0.5253,0.7762,Walking
0.7115,0.8769,0.1705,0.1394,Micro_Vibration
0.1814,0.8561,0.9063,0.5577,Micro_Vibration
0.5237,0.3218,0.7039,0.8053,Stationary
0.9411,0.7569,0.7195,0.3044,Stationary
0.2486,0.0119,0.5268,0.3533,Tap_Pattern
0.9588,0.2051,0.618,0.1239,Stationary
0.4243,0.9463,0.5539,0.1406,Stationary
0.5159,0.6173,0.8097,0.2091,Stationary
0.3724,0.6246,0.0745,0.4491,Walking
0.27,0.5986,0.5591,0.7726,Micro_Vibration
0.5403,0.1973,0.6379,0.9846,Tap_Pattern
0.8879,0.8039,0.5437,0.0957,Micro_Vibration
0.4454,0.6711,0.5749,0.3957,Walking
0.8423,0.3132,0.0312,0.8563,Stationary
0.0155,0.9138,0.9182,0.3219,Micro_Vibration
0.8541,0.9172,0.5518,0.1011,Stationary
0.7791,0.0274,0.5554,0.1792,Micro_Vibration
0.5175,0.322,0.806,0.1363,Walking
0.4922,0.5916,0.5533,0.166,Walking
0.5154,0.7363,0.2192,0.0702,Walking
0.4262,0.2948,0.3211,0.8498,Micro_Vibration
0.2164,0.0333,0.7718,0.3813,Tap_Pattern
0.6811,0.4934,0.6446,0.6625,Tap_Pattern
0.2132,0.9054,0.0906,0.5731,Stationary
0.7186,0.697,0.9989,0.9892,Walking
0.337,0.2202,0.595,0.4901,Stationary
0.841,0.2556,0.0571,0.4877,Stationary
0.9725,0.0084,0.9479,0.4856,Micro_Vibration
0.0275,0.0975,0.5385,0.1371,Stationary
0.8962,0.2868,0.9195,0.5174,Stationary
0.4768,0.8065,0.3912,0.8281,Tap_Pattern
0.9738,0.2986,0.2986,0.5589,Tap_Pattern
0.2438,0.3602,0.7893,0.3213,Tap_Pattern
0.945,0.8345,0.5755,0.6059,Walking
0.7165,0.2188,0.8071,0.9401,Stationary
0.1294,0.8144,0.9866,0.9065,Stationary
0.6214,0.4767,0.8127,0.9697,Stationary
0.8471,0.3138,0.9753,0.3208,Stationary
0.5684,0.7535,0.7896,0.8498,Walking
0.2777,0.4354,0.9515,0.4467,Stationary
0.8244,0.4473,0.2944,0.1854,Walking
0.2603,0.9265,0.6358,0.9042,Walking
0.9232,0.666,0.4198,0.7976,Walking
0.0096,0.7871,0.0485,0.7293,Tap_Pattern
0.7989,0.6014,0.5968,0.2427,Stationary
0.0716,0.8843,0.8641,0.0784,Stationary
0.3491,0.6291,0.0522,0.6301,Stationary
0.5709,0.8429,0.7834,0.2718,Tap_Pattern
0.3594,0.5191,0.0056,0.049,Stationary
0.8895,0.0374,0.2929,0.4123,Walking
0.2519,0.462,0.5284,0.2111,Tap_Pattern
0.351,0.3613,0.0189,0.9935,Micro_Vibration
0.8597,0.3963,0.1346,0.4435,Stationary
0.0832,0.1924,0.0395,0.4705,Walking
0.7385,0.0892,0.5071,0.1706,Stationary
0.7926,0.3841,0.1769,0.6579,Stationary
0.5569,0.1175,0.5661,0.6017,Walking
0.2403,0.3382,0.0215,0.868,Stationary
0.7759,0.2567,0.632,0.6838,Tap_Pattern
0.9494,0.4842,0.7662,0.7217,Tap_Pattern
0.8781,0.8186,0.8332,0.1015,Stationary
0.6908,0.8927,0.7769,0.1563,Micro_Vibration
0.1216,0.4586,0.4718,0.1622,Walking
0.9634,0.0996,0.5099,0.9206,Walking
0.3797,0.4194,0.3655,0.9484,Micro_Vibration
0.2513,0.3083,0.9415,0.5422,Micro_Vibration
0.5085,0.7726,0.8668,0.8562,Micro_Vibration
0.8639,0.6327,0.2719,0.7459,Walking
0.7674,0.9335,0.5957,0.7102,Tap_Pattern
0.7482,0.3246,0.5747,0.7176,Walking
0.9154,0.2993,0.5303,0.9208,Walking
0.02,0.005,0.6605,0.3845,Walking
0.897,0.2346,0.9705,0.58,Walking
0.5603,0.843,0.5031,0.5601,Tap_Pattern
0.7519,0.4784,0.6661,0.6736,Tap_Pattern
0.4181,0.2546,0.5722,0.9252,Tap_Pattern
0.5311,0.3216,0.2742,0.148,Stationary
0.5629,0.855,0.4546,0.4235,Tap_Pattern
0.3066,0.4352,0.4577,0.4251,Tap_Pattern
0.7535,0.6921,0.0816,0.1205,Micro_Vibration
0.8941,0.1637,0.8386,0.1262,Micro_Vibration
0.1132,0.4352,0.5794,0.8455,Stationary
0.5309,0.355,0.752,0.4475,Stationary
0.0262,0.3748,0.6526,0.7337,Micro_Vibration
0.7965,0.7337,0.6521,0.8242,Tap_Pattern
0.4849,0.6616,0.8557,0.7851,Tap_Pattern
0.966,0.9167,0.9944,0.2717,Walking
0.805,0.8459,0.4681,0.9252,Micro_Vibration
0.9693,0.996,0.7499,0.6972,Walking
0.3685,0.2821,0.6177,0.0358,Walking
0.4583,0.3238,0.3702,0.9934,Micro_Vibration
0.4906,0.9498,0.2671,0.7463,Walking
0.3569,0.7326,0.7095,0.6545,Tap_Pattern
0.9422,0.9395,0.6731,0.2105,Walking
0.6898,0.9716,0.0032,0.9047,Walking
0.0264,0.5653,0.3415,0.2158,Stationary
0.6858,0.1605,0.9285,0.4701,Micro_Vibration
0.4748,0.5718,0.6723,0.8807,Tap_Pattern
0.0602,0.7174,0.5811,0.2727,Micro_Vibration
0.7354,0.6451,0.4264,0.4031,Micro_Vibration
0.4097,0.4237,0.6101,0.0311,Micro_Vibration
0.7779,0.4352,0.8751,0.2642,Micro_Vibration
0.6414,0.7703,0.9624,0.804,Walking
0.1965,0.3604,0.0566,0.4819,Tap_Pattern
0.802,0.4324,0.2239,0.4957,Tap_Pattern
0.6808,0.256,0.2782,0.1062,Walking
0.5643,0.0646,0.1117,0.193,Tap_Pattern
0.5819,0.0217,0.8364,0.4707,Micro_Vibration
0.3431,0.1759,0.0361,0.3882,Stationary
0.3487,0.613,0.5302,0.4804,Micro_Vibration
0.2082,0.4782,0.0461,0.5239,Micro_Vibration
0.2158,0.85,0.3079,0.737,Stationary
0.1414,0.9469,0.4803,0.2317,Tap_Pattern
0.5742,0.7161,0.7579,0.2787,Walking
0.0977,0.0038,0.6967,0.6727,Walking
0.9076,0.6132,0.118,0.6943,Walking
0.4205,0.2628,0.2473,0.9909,Micro_Vibration
0.5533,0.9935,0.9057,0.2632,Walking
0.5901,0.0959,0.0821,0.1451,Micro_Vibration
0.8264,0.5629,0.9059,0.9814,Walking
0.6027,0.3848,0.4322,0.4327,Walking
0.1542,0.574,0.9272,0.8271,Micro_Vibration
0.721,0.3572,0.8618,0.7459,Walking
0.8866,0.5299,0.2999,0.2423,Tap_Pattern
0.2413,0.6278,0.6299,0.3245,Micro_Vibration
0.0097,0.9811,0.1793,0.4486,Micro_Vibration
0.6838,0.0793,0.4539,0.2043,Stationary
0.401,0.3577,0.9488,0.33,Micro_Vibration
0.1579,0.4435,0.6063,0.2779,Walking
0.6756,0.703,0.2461,0.4659,Tap_Pattern
0.9542,0.7187,0.7623,0.4874,Micro_Vibration
0.7338,0.8797,0.5265,0.8321,Stationary
0.8013,0.855,0.9675,0.4424,Tap_Pattern
0.4801,0.4979,0.5384,0.9193,Stationary
0.052,0.018,0.3794,0.872,Micro_Vibration
0.5968,0.8662,0.9572,0.3809,Micro_Vibration
0.8349,0.2817,0.7437,0.4861,Stationary
0.6657,0.0502,0.0182,0.0202,Stationary
0.7044,0.008,0.8057,0.5668,Micro_Vibration
0.5951,0.8045,0.2494,0.6885,Tap_Pattern
0.0562,0.9259,0.4223,0.4378,Stationary
0.2911,0.3957,0.8004,0.3179,Stationary
0.5824,0.37,0.9026,0.6617,Stationary
0.8823,0.7193,0.5112,0.3694,Tap_Pattern
0.8433,0.9544,0.0916,0.2189,Stationary
0.6944,0.7239,0.7158,0.9871,Tap_Pattern
0.2752,0.1906,0.9052,0.451,Tap_Pattern
0.9516,0.8019,0.9989,0.0068,Stationary
0.7056,0.7002,0.9977,0.9754,Micro_Vibration
0.4531,0.236,0.5956,0.8113,Stationary
0.0834,0.8856,0.0057,0.6605,Walking
0.5657,0.4137,0.0767,0.7989,Micro_Vibration
0.9193,0.1593,0.726,0.8965,Stationary
0.9828,0.4159,0.2087,0.3813,Walking
0.8465,0.5936,0.9265,0.053,Walking
0.8552,0.9758,0.2708,0.3414,Stationary
0.8345,0.8287,0.0835,0.8301,Stationary
0.9939,0.0325,0.3028,0.0526,Walking
0.7464,0.9227,0.7077,0.5722,Walking
0.6112,0.9113,0.9621,0.8127,Tap_Pattern
0.0581,0.9641,0.4819,0.6004,Micro_Vibration
0.7988,0.7028,0.274,0.9269,Tap_Pattern
0.9967,0.607,0.4171,0.8473,Walking
0.9128,0.8427,0.3323,0.1497,Tap_Pattern
0.3499,0.8374,0.1691,0.3096,Walking
0.7571,0.3868,0.8767,0.6629,Tap_Pattern
0.7569,0.7804,0.7601,0.3375,Walking
0.8798,0.7387,0.1594,0.7772,Stationary
0.7933,0.3001,0.5581,0.7887,Tap_Pattern
0.0555,0.9645,0.0211,0.0756,Tap_Pattern
0.6712,0.8628,0.3541,0.4901,Micro_Vibration
0.4015,0.738,0.3814,0.9575,Stationary
0.2627,0.7341,0.0914,0.299,Walking
0.7466,0.6241,0.9244,0.7658,Tap_Pattern
0.4937,0.6292,0.53,0.0606,Walking
0.848,0.0648,0.8191,0.2273,Tap_Pattern
0.9794,0.882,0.4107,0.2521,Tap_Pattern
0.043,0.143,0.0628,0.7256,Stationary
0.2948,0.8741,0.9269,0.4453,Tap_Pattern
0.6595,0.0786,0.6534,0.0441,Stationary
0.9017,0.22,0.3599,0.4724,Micro_Vibration
0.596,0.6506,0.4675,0.4111,Stationary
0.6832,0.3129,0.1215,0.459,Stationary
0.3224,0.0293,0.4943,0.0139,Tap_Pattern
0.3479,0.9615,0.7104,0.5369,Stationary
0.0054,0.4488,0.4733,0.2504,Walking
0.9739,0.3626,0.4368,0.5295,Tap_Pattern
0.921,0.4822,0.0457,0.4279,Micro_Vibration
0.6881,0.6041,0.1593,0.8276,Micro_Vibration
0.2994,0.8641,0.2589,0.0107,Micro_Vibration
0.1107,0.1584,0.9521,0.7453,Tap_Pattern
0.5347,0.1963,0.9537,0.4639,Walking
0.7851,0.0544,0.5239,0.5762,Micro_Vibration
0.687,0.0449,0.593,0.8084,Walking
0.6881,0.6281,0.7733,0.5909,Stationary
0.0906,0.6712,0.1652,0.7553,Micro_Vibration
0.0608,0.2162,0.096,0.0146,Stationary
0.1487,0.4909,0.6582,0.7921,Tap_Pattern
0.875,0.1684,0.0473,0.6538,Micro_Vibration
0.4577,0.2265,0.3717,0.3371,Walking
0.885,0.6227,0.318,0.3914,Tap_Pattern
0.7533,0.4356,0.4134,0.9826,Tap_Pattern
0.876,0.9683,0.5417,0.3966,Micro_Vibration
0.3858,0.9869,0.1328,0.3597,Tap_Pattern
0.5134,0.188,0.1443,0.0606,Micro_Vibration
0.1778,0.8731,0.3596,0.8051,Stationary
0.3872,0.2682,0.6125,0.5591,Tap_Pattern
0.8194,0.8224,0.906,0.8621,Tap_Pattern
0.9114,0.8172,0.5358,0.2001,Walking
